{"type":"FeatureCollection","features":[{"type":"Feature","properties":{"c":"secondary"},"geometry":{"type":"LineString","coordinates":[[78.0048313,30.3330204],[78.001826,30.3328677],[78.0003235,30.3328066],[77.9994921,30.3327616],[77.9991654,30.332744],[77.9985672,30.3327208],[77.9965656,30.3326308],[77.9954033,30.3325942],[77.993966,30.3325166],[77.9904201,30.3323111],[77.990267,30.3322997],[77.9901449,30.3322928],[77.9890488,30.332246],[77.9884327,30.3322486],[77.9879495,30.3322258],[77.9875388,30.3322066],[77.9873333,30.3322021],[77.9872265,30.3322032],[77.9867759,30.3322079],[77.9851227,30.3322409],[77.9840527,30.3322276],[77.9836033,30.3322315],[77.9828576,30.3322502],[77.9824907,30.3322727],[77.9823198,30.332303],[77.9822821,30.3323143],[77.9820908,30.3323713],[77.9810452,30.3328253],[77.9799436,30.333255],[77.9798682,30.3332844],[77.9787588,30.3336256],[77.9779193,30.3338801],[77.977842,30.3339056],[77.9762419,30.334438],[77.9753725,30.334833],[77.9742816,30.3355138],[77.9735878,30.3359468],[77.9733756,30.3360737],[77.972813,30.3363336],[77.972687,30.3363776],[77.9724432,30.3364272],[77.972267,30.3364463],[77.9719312,30.3364463],[77.9716879,30.3364414],[77.971297,30.3364209],[77.970904,30.336386],[77.9699865,30.3363623],[77.9686806,30.3362665],[77.9683086,30.3362465],[77.9672492,30.3361949],[77.965245,30.3360901],[77.9642766,30.3360669],[77.9641436,30.3360685]]}},{"type":"Feature","properties":{"c":"tertiary"},"geometry":{"type":"LineString","coordinates":[[78.0109773,30.3341646],[78.0110574,30.334364],[78.0110712,30.3343933],[78.0111089,30.3344734],[78.0111926,30.3346189],[78.0116509,30.3353044],[78.0117276,30.3354117],[78.0119911,30.335793],[78.0121545,30.3360462],[78.012379,30.3363839],[78.0124157,30.3364391],[78.0125652,30.336664],[78.0127753,30.33698],[78.0128656,30.3371158],[78.0129896,30.3372973],[78.0130903,30.3374446],[78.0134381,30.3379536],[78.0137226,30.3383607],[78.0149695,30.3402155],[78.0150975,30.3403816],[78.0159077,30.341504],[78.0162636,30.3420003],[78.0163148,30.3420829]]}},{"type":"Feature","properties":{"c":"residential"},"geometry":{"type":"LineString","coordinates":[[78.0180654,30.3546906],[78.0179366,30.3547091],[78.0178159,30.3547195],[78.0176537,30.3547589],[78.0174927,30.3548352],[78.0172969,30.3549753],[78.0170971,30.3551616],[78.0168879,30.3553919],[78.0167752,30.3555481],[78.0167055,30.3556569],[78.0166358,30.3558039],[78.0164869,30.3560828],[78.0164574,30.3561348],[78.0162315,30.3562425],[78.0160318,30.3563377],[78.0156112,30.356576],[78.0154403,30.3566794]]}},{"type":"Feature","properties":{"c":"unclassified"},"geometry":{"type":"LineString","coordinates":[[78.0075629,30.3500989],[78.0075725,30.3500679],[78.0075861,30.3500452],[78.0076107,30.3500154],[78.0077492,30.3498906],[78.0078726,30.349807],[78.0081765,30.3495678],[78.0081988,30.349545],[78.0087685,30.3489618],[78.0090567,30.348686],[78.0090729,30.3486681],[78.0091676,30.3485783],[78.0093678,30.348364],[78.0094735,30.3482361],[78.0095967,30.3480912],[78.0096338,30.3480415],[78.0098823,30.3477976],[78.0106392,30.3470758],[78.0109891,30.3467774]]}},{"type":"Feature","properties":{"c":"service"},"geometry":{"type":"LineString","coordinates":[[78.0190033,30.3463474],[78.018767,30.3460651],[78.0187211,30.346008],[78.0182283,30.3453953],[78.0174221,30.3442959],[78.0172693,30.3440785],[78.0168642,30.3434389],[78.0168064,30.3433868],[78.0166438,30.3432907],[78.0165473,30.3432286],[78.0163273,30.343087],[78.0161154,30.3428925],[78.0158251,30.3426095],[78.015772,30.3425591]]}},{"type":"Feature","properties":{"c":"service"},"geometry":{"type":"LineString","coordinates":[[77.9979965,30.3440485],[77.9980508,30.3440351],[77.9981033,30.3440154],[77.9981435,30.3439908],[77.9981819,30.3439585],[77.9981993,30.3439316],[77.9982236,30.3438938],[77.9982384,30.3438419],[77.9982407,30.3437853],[77.9982324,30.3437424],[77.9982097,30.3436948],[77.9981503,30.3436262],[77.9981054,30.3435957],[77.9980186,30.3435566],[77.9978764,30.3435031],[77.997776,30.3435197]]}},{"type":"Feature","properties":{"c":"service"},"geometry":{"type":"LineString","coordinates":[[77.9985672,30.3327208],[77.9981745,30.3385832],[77.9980683,30.3404213],[77.9979263,30.3425234],[77.9978764,30.3435031]]}},{"type":"Feature","properties":{"c":"unclassified"},"geometry":{"type":"LineString","coordinates":[[78.004133,30.3539829],[78.0040973,30.3539536],[78.0040543,30.3539396],[78.0040083,30.3539406],[78.0039662,30.3539564],[78.0039341,30.3539848],[78.0039167,30.3540215],[78.0039166,30.3540611],[78.0039338,30.3540979],[78.0039657,30.3541264],[78.0040083,30.3541425],[78.0040549,30.3541435],[78.0040983,30.354129],[78.0041321,30.3541014],[78.0041409,30.3540845],[78.0041511,30.3540648],[78.004152,30.3540222],[78.004133,30.3539829]]}},{"type":"Feature","properties":{"c":"residential"},"geometry":{"type":"LineString","coordinates":[[78.0047911,30.3510877],[78.0048465,30.351089],[78.0048852,30.3510855],[78.0049253,30.3510703],[78.0050626,30.3509573],[78.0052274,30.3507469],[78.0054042,30.3505233],[78.0054663,30.3504579],[78.0055259,30.3504092],[78.0055866,30.3503698],[78.0056947,30.3503392],[78.0057541,30.3503393],[78.0058393,30.3503607],[78.0060026,30.3504195],[78.0060837,30.350435],[78.0061532,30.3504406]]}},{"type":"Feature","properties":{"c":"tertiary"},"geometry":{"type":"LineString","coordinates":[[78.0109891,30.3467774],[78.0112225,30.3469997],[78.0121119,30.3475237],[78.0127008,30.3478471],[78.0130881,30.3480564],[78.013688,30.3483286],[78.0141368,30.3485265],[78.0146285,30.348732],[78.0149411,30.3488625],[78.0151535,30.3489512],[78.016415,30.3494598],[78.0168251,30.3496394],[78.0171202,30.3497951],[78.0173646,30.3499335],[78.0174749,30.3500185],[78.017661,30.3501732],[78.0180733,30.3505158]]}},{"type":"Feature","properties":{"c":"residential"},"geometry":{"type":"LineString","coordinates":[[78.0047911,30.3510877],[78.0046431,30.3510719],[78.0045896,30.3510706],[78.0045282,30.3510784],[78.0043932,30.3511224],[78.0043339,30.3511278],[78.0042452,30.3511055],[78.0041749,30.3510724],[78.0039303,30.350907],[78.0035599,30.3506899],[78.0034441,30.3506122],[78.0032599,30.3504991],[78.002886,30.3502682],[78.0024841,30.3499901]]}},{"type":"Feature","properties":{"c":"unclassified"},"geometry":{"type":"LineString","coordinates":[[78.0159434,30.3521216],[78.0162444,30.3521628],[78.0166199,30.3522067],[78.0167666,30.3522239],[78.0168635,30.3522318],[78.0173132,30.3522413],[78.0178722,30.3522281],[78.0183777,30.3522089],[78.0187852,30.3521859],[78.0191682,30.3521993],[78.0194421,30.3522339],[78.0197672,30.3523069],[78.0206335,30.3525779],[78.0211055,30.3527124],[78.0212859,30.352795],[78.0214758,30.3529061],[78.021559,30.3529755],[78.0219305,30.3533516]]}},{"type":"Feature","properties":{"c":"unclassified"},"geometry":{"type":"LineString","coordinates":[[78.0046733,30.3483809],[78.0047112,30.3483823],[78.0047389,30.3483974],[78.0048213,30.3484658],[78.0053621,30.3489029],[78.0056455,30.3491215],[78.0057879,30.3492188],[78.005958,30.3493195],[78.0061943,30.3494357],[78.0062779,30.3494651],[78.006353,30.3494896],[78.0064252,30.349509],[78.0065137,30.3495356],[78.0066236,30.3495806],[78.006728,30.3496352],[78.0068876,30.3497482],[78.0073484,30.3500347],[78.0074131,30.3500607],[78.0075629,30.3500989]]}},{"type":"Feature","properties":{"c":"residential"},"geometry":{"type":"LineString","coordinates":[[78.0032299,30.3517539],[78.0036334,30.3519567],[78.003829,30.35209],[78.00399,30.3522061],[78.0040229,30.3522262],[78.0042845,30.3523762],[78.0044119,30.3524534],[78.0045709,30.3525489],[78.0047961,30.3526683],[78.0048877,30.3527198],[78.0050937,30.3528518],[78.0053599,30.3530064],[78.0056075,30.3531513],[78.0060689,30.3534583],[78.0064534,30.3537079],[78.0065022,30.3537133],[78.0065476,30.3537007]]}},{"type":"Feature","properties":{"c":"unclassified"},"geometry":{"type":"LineString","coordinates":[[78.0142124,30.3546865],[78.0132499,30.3545004],[78.0115822,30.354178],[78.0107748,30.3540219],[78.0099814,30.3538682],[78.0090209,30.3535692],[78.0087406,30.3535094],[78.008558,30.3535013],[78.0084289,30.3535366],[78.0082683,30.3536426],[78.0080352,30.3538356],[78.0078967,30.3538953],[78.0077424,30.3538953],[78.0071031,30.353648],[78.0069362,30.3536209],[78.0067724,30.3536453],[78.0065875,30.3537538],[78.0058783,30.3544638],[78.0055348,30.3547842],[78.005443,30.354843]]}},{"type":"Feature","properties":{"c":"residential"},"geometry":{"type":"LineString","coordinates":[[78.0066513,30.3538186],[78.0065875,30.3537538],[78.0065476,30.3537007],[78.0065996,30.3536375],[78.0067049,30.3534639],[78.006839,30.3532104],[78.0069342,30.353001],[78.0070643,30.3527302],[78.0071381,30.3525357],[78.0071622,30.3523784],[78.007193,30.3521226],[78.0072125,30.3518863],[78.0072423,30.3517493],[78.0073165,30.3515934],[78.0074485,30.3514216],[78.0076001,30.3512259],[78.0076666,30.3511274],[78.0077122,30.3510493],[78.0077493,30.3509475],[78.0077787,30.3508606]]}},{"type":"Feature","properties":{"c":"unclassified"},"geometry":{"type":"LineString","coordinates":[[78.005443,30.354843],[78.0055204,30.3548791],[78.0055432,30.3548796],[78.0055607,30.3548715],[78.0066513,30.3538186],[78.0068086,30.353722],[78.0069354,30.353703],[78.0070748,30.3537257],[78.0077223,30.3539762],[78.00781,30.3539916],[78.0079188,30.3539762],[78.0080111,30.3539465],[78.0080898,30.3539024],[78.0083585,30.3537335],[78.0084986,30.3536618],[78.0085898,30.3536328],[78.00874,30.3536201],[78.0089937,30.3536467],[78.0099552,30.3539459],[78.0107671,30.3541039],[78.0115559,30.3542556],[78.0119087,30.3543235],[78.012069,30.3543545],[78.0132268,30.3545743],[78.0141138,30.3547427]]}},{"type":"Feature","properties":{"c":"residential"},"geometry":{"type":"LineString","coordinates":[[78.0060308,30.3516929],[78.0062729,30.351363],[78.0064114,30.3511458]]}},{"type":"Feature","properties":{"c":"service"},"geometry":{"type":"LineString","coordinates":[[78.01544,30.3442148],[78.0160571,30.3438935]]}},{"type":"Feature","properties":{"c":"residential"},"geometry":{"type":"LineString","coordinates":[[78.0082628,30.3501146],[78.0083953,30.3498355]]}},{"type":"Feature","properties":{"c":"service"},"geometry":{"type":"LineString","coordinates":[[78.0128292,30.3556345],[78.0129306,30.3556707],[78.0129988,30.3556765],[78.0135871,30.3557263]]}},{"type":"Feature","properties":{"c":"unclassified"},"geometry":{"type":"LineString","coordinates":[[78.0046733,30.3483809],[78.0046417,30.3483943],[78.0043198,30.3486323],[78.004049,30.3488351],[78.0038808,30.3489611],[78.0024841,30.3499901],[78.0022885,30.3501399],[78.0021582,30.3502343],[78.0021116,30.350274],[78.001999,30.350379],[78.0016908,30.3506769],[78.0016526,30.350707],[78.00155,30.3507683],[78.0013566,30.3508817],[78.0011702,30.3510005],[78.0008958,30.3511784],[78.0008401,30.351218],[78.0007667,30.3513109],[78.0007222,30.3513665],[78.0006694,30.3513876],[78.0005946,30.3513989],[78.0005219,30.3513955],[78.0004431,30.3513605],[78.0002585,30.351252],[78.0001844,30.3512234],[77.9998709,30.3511447],[77.9997735,30.3511293],[77.9995424,30.3511176],[77.9993985,30.3511159],[77.9993267,30.3511017],[77.9991225,30.3509866],[77.9990125,30.350881],[77.9989385,30.3507879],[77.9988356,30.3506996],[77.9984332,30.3504529],[77.9979582,30.3502035],[77.9977993,30.35015],[77.9972254,30.3500222],[77.9971361,30.3500071],[77.9967941,30.3500169],[77.9967009,30.3500425],[77.9965146,30.3501176],[77.996449,30.3501552],[77.996184,30.3504583],[77.9959067,30.3507135],[77.9957498,30.3508123],[77.9956506,30.3508402],[77.9955747,30.3508541],[77.9954815,30.3508571],[77.9951776,30.3508388],[77.9950869,30.3508506],[77.9950399,30.3508624],[77.9950012,30.3508818],[77.9949682,30.3509016],[77.9949117,30.3509895],[77.994821,30.351183],[77.9947914,30.3512134],[77.994744,30.351247],[77.9946324,30.3512958],[77.9945957,30.3513043],[77.9945485,30.3513053],[77.9945095,30.3513007],[77.9944648,30.3512878],[77.9943319,30.3512332],[77.994237,30.3511869],[77.9941975,30.3511809],[77.9941473,30.3511871],[77.9941037,30.3512013],[77.9938178,30.3513516],[77.9936637,30.351418],[77.9934965,30.3514816],[77.9933941,30.3515053],[77.9931752,30.3515407],[77.9932228,30.3515816],[77.9932501,30.3515933],[77.9932801,30.3516031],[77.9933095,30.351606],[77.9940082,30.3516064],[77.9940326,30.3516143],[77.9940552,30.3516269]]}},{"type":"Feature","properties":{"c":"residential"},"geometry":{"type":"LineString","coordinates":[[78.0103684,30.352154],[78.0105704,30.3519088],[78.0109672,30.3514425]]}},{"type":"Feature","properties":{"c":"service"},"geometry":{"type":"LineString","coordinates":[[78.0142458,30.3441988],[78.0142406,30.3441755],[78.0142235,30.3441468],[78.0140904,30.344042]]}},{"type":"Feature","properties":{"c":"service"},"geometry":{"type":"LineString","coordinates":[[78.0159835,30.345014],[78.0156517,30.3452177]]}},{"type":"Feature","properties":{"c":"residential"},"geometry":{"type":"LineString","coordinates":[[78.0041843,30.3500865],[78.0047088,30.3495064],[78.0047177,30.3494913]]}},{"type":"Feature","properties":{"c":"service"},"geometry":{"type":"LineString","coordinates":[[78.0129408,30.3555839],[78.0130089,30.3555751],[78.0132099,30.355577],[78.0135968,30.3556141]]}},{"type":"Feature","properties":{"c":"residential"},"geometry":{"type":"LineString","coordinates":[[78.0047177,30.3494913],[78.0047232,30.3494762],[78.0047202,30.3494666],[78.0047093,30.3494549],[78.0046518,30.3494233],[78.004545,30.3493646],[78.0043365,30.3492524],[78.0038808,30.3489611]]}},{"type":"Feature","properties":{"c":"residential"},"geometry":{"type":"LineString","coordinates":[[78.0033884,30.3522868],[78.0029664,30.3520732]]}},{"type":"Feature","properties":{"c":"residential"},"geometry":{"type":"LineString","coordinates":[[78.0056455,30.3491215],[78.0047776,30.350035],[78.0047629,30.3500578],[78.0047594,30.3500813],[78.0047621,30.3500987]]}},{"type":"Feature","properties":{"c":"residential"},"geometry":{"type":"LineString","coordinates":[[78.0046074,30.3530936],[78.0040643,30.3528343]]}},{"type":"Feature","properties":{"c":"residential"},"geometry":{"type":"LineString","coordinates":[[78.0045602,30.3530195],[78.0041582,30.3528125],[78.0040789,30.3527774],[78.0040255,30.3527691],[78.0039489,30.3528065],[78.0038591,30.3528922],[78.003655,30.3531534],[78.0033293,30.3535738],[78.0031899,30.3537254],[78.0031241,30.3538192],[78.0030678,30.3538909],[78.0030102,30.353965],[78.0029578,30.3540182],[78.0029069,30.354061],[78.0027674,30.3539673],[78.0026963,30.3539164],[78.0025638,30.3538287],[78.001912,30.3533613]]}},{"type":"Feature","properties":{"c":"residential"},"geometry":{"type":"LineString","coordinates":[[78.0090567,30.348686],[78.0088907,30.3486027],[78.0087727,30.34852],[78.0086836,30.3484086],[78.0085255,30.3482856],[78.0082984,30.3481348],[78.0082398,30.3481098],[78.0081824,30.3480972],[78.0081144,30.348102],[78.0080132,30.3481402],[78.0079911,30.3481453],[78.0078173,30.3482658],[78.0077573,30.3482933],[78.0076943,30.3482938],[78.0075416,30.3482509],[78.0074867,30.3482469],[78.0074442,30.3482535],[78.0073966,30.3482725],[78.0073281,30.3483172],[78.0072244,30.3483954],[78.0071738,30.3484335],[78.0070613,30.3484973],[78.0070003,30.3485412],[78.0069537,30.3485799],[78.0068926,30.3486603],[78.0068733,30.3487105],[78.0068636,30.3487576],[78.0068472,30.3488848],[78.006837,30.3489463],[78.00682,30.3489965],[78.0067874,30.3490433],[78.0067273,30.349121],[78.0065726,30.3492684],[78.0065388,30.3493045],[78.0065085,30.3493494],[78.0064782,30.3494214],[78.0064252,30.349509]]}},{"type":"Feature","properties":{"c":"residential"},"geometry":{"type":"LineString","coordinates":[[78.0167055,30.3528806],[78.0166049,30.3528725],[78.0165178,30.352876],[78.0164561,30.3528864],[78.0164078,30.3529014],[78.0163448,30.352935],[78.016226,30.3530637]]}},{"type":"Feature","properties":{"c":"service"},"geometry":{"type":"LineString","coordinates":[[78.0136366,30.3447477],[78.0140454,30.3444062],[78.0142253,30.3442218],[78.0142458,30.3441988]]}},{"type":"Feature","properties":{"c":"residential"},"geometry":{"type":"LineString","coordinates":[[78.0047961,30.3526683],[78.0053316,30.3520315],[78.0055051,30.3518147],[78.005522,30.3517974],[78.0055448,30.3517852]]}},{"type":"Feature","properties":{"c":"residential"},"geometry":{"type":"LineString","coordinates":[[78.0070613,30.3484973],[78.00727,30.3486349],[78.0073863,30.3487101],[78.0076728,30.3489141]]}},{"type":"Feature","properties":{"c":"residential"},"geometry":{"type":"LineString","coordinates":[[78.0058312,30.3523333],[78.0056489,30.3522416],[78.0053316,30.3520315]]}},{"type":"Feature","properties":{"c":"residential"},"geometry":{"type":"LineString","coordinates":[[78.003829,30.35209],[78.0040369,30.3518557],[78.0042811,30.35157]]}},{"type":"Feature","properties":{"c":"residential"},"geometry":{"type":"LineString","coordinates":[[78.0023092,30.3509861],[78.0024568,30.3510825],[78.0026775,30.3512108]]}},{"type":"Feature","properties":{"c":"service"},"geometry":{"type":"LineString","coordinates":[[78.0135968,30.3556141],[78.0135871,30.3557263],[78.0135585,30.3561033],[78.0135432,30.3561452],[78.0135016,30.3561707],[78.0134574,30.3561719],[78.012965,30.3561727],[78.0128833,30.3561718]]}},{"type":"Feature","properties":{"c":"residential"},"geometry":{"type":"LineString","coordinates":[[78.005958,30.3493195],[78.0062136,30.3489661],[78.0063601,30.3488084]]}},{"type":"Feature","properties":{"c":"residential"},"geometry":{"type":"LineString","coordinates":[[78.0106026,30.3526938],[78.0107997,30.352445],[78.0114493,30.351745]]}},{"type":"Feature","properties":{"c":"residential"},"geometry":{"type":"LineString","coordinates":[[78.0059838,30.352114],[78.0059735,30.3521407],[78.0058312,30.3523333],[78.0057429,30.3524097]]}},{"type":"Feature","properties":{"c":"residential"},"geometry":{"type":"LineString","coordinates":[[78.0035599,30.3506899],[78.0026414,30.3516558],[78.0025734,30.3517338],[78.0023321,30.3519911]]}},{"type":"Feature","properties":{"c":"residential"},"geometry":{"type":"LineString","coordinates":[[78.0055448,30.3517852],[78.0055787,30.3517892],[78.0056018,30.3518024],[78.0059663,30.3520704],[78.005982,30.3520928],[78.0059838,30.352114]]}},{"type":"Feature","properties":{"c":"residential"},"geometry":{"type":"LineString","coordinates":[[78.0148607,30.3433627],[78.01544,30.3442148],[78.0159835,30.345014]]}},{"type":"Feature","properties":{"c":"residential"},"geometry":{"type":"LineString","coordinates":[[78.0032599,30.3504991],[78.0035477,30.3501515],[78.0037856,30.3498311]]}},{"type":"Feature","properties":{"c":"residential"},"geometry":{"type":"LineString","coordinates":[[78.002886,30.3502682],[78.0026399,30.3505782],[78.0023092,30.3509861]]}},{"type":"Feature","properties":{"c":"residential"},"geometry":{"type":"LineString","coordinates":[[78.0044119,30.3524534],[78.0046826,30.3521542],[78.0047544,30.3520908],[78.0048848,30.3519844]]}},{"type":"Feature","properties":{"c":"residential"},"geometry":{"type":"LineString","coordinates":[[78.0047621,30.3500987],[78.0047806,30.3501246],[78.0049268,30.3502204],[78.0051081,30.3503412]]}},{"type":"Feature","properties":{"c":"service"},"geometry":{"type":"LineString","coordinates":[[78.0156517,30.3452177],[78.0164066,30.3463458],[78.0168052,30.3469184]]}},{"type":"Feature","properties":{"c":"residential"},"geometry":{"type":"LineString","coordinates":[[78.0107997,30.352445],[78.0103684,30.352154],[78.0099691,30.3518862],[78.0098284,30.3517841],[78.0097486,30.3517154],[78.0097239,30.3516876],[78.0097175,30.3516737],[78.0097153,30.3516534],[78.0097207,30.3516348],[78.0099096,30.351404]]}},{"type":"Feature","properties":{"c":"unclassified"},"geometry":{"type":"LineString","coordinates":[[78.0082628,30.3501146],[78.0083003,30.3501014],[78.0083302,30.3500948],[78.0083623,30.3500971],[78.0084638,30.3501326],[78.0087551,30.3502653],[78.0090445,30.3503787],[78.0091167,30.3504078],[78.0093013,30.3504907],[78.0094289,30.350563],[78.0096046,30.3506783],[78.0097297,30.350755],[78.0097666,30.3507777],[78.0100069,30.3509022],[78.0104527,30.351117],[78.0106681,30.351246],[78.0107772,30.3513217],[78.0109672,30.3514425],[78.0112777,30.351639],[78.0114493,30.351745],[78.0116272,30.3518414],[78.0118403,30.3519697],[78.0120325,30.3520984],[78.0121871,30.3522298],[78.0123796,30.352384],[78.0126836,30.3526055],[78.013055,30.3528795],[78.0134059,30.353148],[78.0142727,30.3537567],[78.0145437,30.3539222],[78.0147341,30.3540171],[78.0149169,30.3541618],[78.0150868,30.3543492],[78.0151713,30.3544221],[78.0153403,30.3545263],[78.0154891,30.3546026],[78.0157278,30.3547415],[78.0159008,30.3548352],[78.0162629,30.3550123]]}},{"type":"Feature","properties":{"c":"residential"},"geometry":{"type":"LineString","coordinates":[[78.0057303,30.3514252],[78.0050626,30.3509573],[78.0044779,30.3505668],[78.0041899,30.350395]]}},{"type":"Feature","properties":{"c":"residential"},"geometry":{"type":"LineString","coordinates":[[78.0056489,30.3522416],[78.005396,30.3525094],[78.0052348,30.3526942],[78.0050937,30.3528518]]}},{"type":"Feature","properties":{"c":"residential"},"geometry":{"type":"LineString","coordinates":[[78.0040781,30.3514643],[78.0039924,30.3515439],[78.0039565,30.3515744],[78.0039297,30.3515978],[78.0036334,30.3519567],[78.0033884,30.3522868],[78.0032323,30.3524946]]}},{"type":"Feature","properties":{"c":"service"},"geometry":{"type":"LineString","coordinates":[[78.003678,30.3545286],[78.0035332,30.3544406],[78.003332,30.3543654],[78.0031,30.3542971],[78.0029243,30.3542398]]}},{"type":"Feature","properties":{"c":"residential"},"geometry":{"type":"LineString","coordinates":[[78.0037856,30.3498311],[78.0039676,30.3499582],[78.0039785,30.3499666],[78.0041843,30.3500865],[78.0043649,30.3501998]]}},{"type":"Feature","properties":{"c":"residential"},"geometry":{"type":"LineString","coordinates":[[78.0040973,30.3539536],[78.0043698,30.3535452],[78.0047386,30.3530205],[78.0048523,30.3528587]]}},{"type":"Feature","properties":{"c":"residential"},"geometry":{"type":"LineString","coordinates":[[78.0035212,30.3541093],[78.003611,30.3539916],[78.0037303,30.3538435],[78.0038269,30.3537196],[78.0039328,30.3535796],[78.0040294,30.3534639],[78.0040777,30.3534199],[78.004126,30.3534072],[78.0041541,30.3534072],[78.0042078,30.3534349],[78.0042721,30.3534627],[78.0043016,30.3534743],[78.0043325,30.3534697],[78.0043647,30.3534465],[78.0043861,30.3534199],[78.0046074,30.3530936],[78.0048877,30.3527198]]}},{"type":"Feature","properties":{"c":"unclassified"},"geometry":{"type":"LineString","coordinates":[[78.0079542,30.3503945],[78.007983,30.3503825],[78.0080187,30.3503598],[78.0080584,30.3503255],[78.0080935,30.3502882],[78.0081519,30.3502182],[78.0082024,30.3501697],[78.0082286,30.3501474],[78.0082628,30.3501146]]}},{"type":"Feature","properties":{"c":"service"},"geometry":{"type":"LineString","coordinates":[[78.0129828,30.3554682],[78.0129408,30.3555839],[78.0129306,30.3556707],[78.0128833,30.3561718]]}},{"type":"Feature","properties":{"c":"residential"},"geometry":{"type":"LineString","coordinates":[[78.0061532,30.3504406],[78.0061625,30.3504109],[78.0062437,30.350312],[78.0063986,30.3500873],[78.006728,30.3496352]]}},{"type":"Feature","properties":{"c":"residential"},"geometry":{"type":"LineString","coordinates":[[78.0061532,30.3504406],[78.0061589,30.3504705],[78.0061842,30.350504],[78.0062699,30.3505762],[78.0064225,30.350678],[78.0065661,30.3507626]]}},{"type":"Feature","properties":{"c":"residential"},"geometry":{"type":"LineString","coordinates":[[78.0062699,30.3505762],[78.0060822,30.350798],[78.0059742,30.3509188],[78.0059456,30.3509629],[78.0059191,30.3510772]]}},{"type":"Feature","properties":{"c":"residential"},"geometry":{"type":"LineString","coordinates":[[78.0040643,30.3528343],[78.0040254,30.3528343],[78.0039999,30.3528528],[78.0039784,30.3528829],[78.0038041,30.3531422],[78.0037065,30.3532799],[78.0036606,30.3533458],[78.0036096,30.353406],[78.0034983,30.3535217],[78.0033092,30.3537277],[78.0032046,30.3538446],[78.0031,30.3539835]]}},{"type":"Feature","properties":{"c":"residential"},"geometry":{"type":"LineString","coordinates":[[78.0063766,30.3511107],[78.0063933,30.3511318],[78.0064114,30.3511458],[78.0066455,30.3512868],[78.0067303,30.3513378],[78.0068274,30.3513913],[78.0068607,30.3514096],[78.0069783,30.3514625],[78.0073165,30.3515934]]}},{"type":"Feature","properties":{"c":"service"},"geometry":{"type":"LineString","coordinates":[[78.0139058,30.3442008],[78.0140454,30.3444062],[78.014376,30.3449058],[78.0145538,30.3451767],[78.0146482,30.3453047],[78.0146563,30.3453267],[78.0146484,30.3453563],[78.0146242,30.3453736],[78.0141393,30.3455275]]}},{"type":"Feature","properties":{"c":"unclassified"},"geometry":{"type":"LineString","coordinates":[[78.0116272,30.3518414],[78.0117368,30.3518257],[78.0122839,30.3518329],[78.0127078,30.3518385],[78.0127942,30.3518457],[78.0128915,30.3518575],[78.0134997,30.3519315],[78.0137518,30.3519554],[78.014351,30.3520005],[78.0147264,30.3520277],[78.0151951,30.3520616],[78.0152321,30.3520643],[78.0155424,30.3520893],[78.0159434,30.3521216]]}},{"type":"Feature","properties":{"c":"residential"},"geometry":{"type":"LineString","coordinates":[[78.0049268,30.3502204],[78.00529,30.3498185],[78.0054865,30.3496136],[78.0055018,30.3496037],[78.0055264,30.3496059],[78.0055518,30.3496182],[78.0056008,30.3496502],[78.0056249,30.3496642],[78.0056459,30.3496638],[78.0056672,30.3496495],[78.0057685,30.3495343],[78.0058635,30.349428],[78.0058994,30.3493824],[78.005958,30.3493195]]}},{"type":"Feature","properties":{"c":"residential"},"geometry":{"type":"LineString","coordinates":[[78.0060689,30.3534583],[78.0054183,30.3541588],[78.0051607,30.3544756]]}},{"type":"Feature","properties":{"c":"unclassified"},"geometry":{"type":"LineString","coordinates":[[78.0159434,30.3521216],[78.0153643,30.3525823],[78.0150285,30.3529127],[78.0147392,30.353233],[78.0142727,30.3537567]]}},{"type":"Feature","properties":{"c":"service"},"geometry":{"type":"LineString","coordinates":[[78.013485,30.3445855],[78.0136366,30.3447477],[78.0139507,30.3452357],[78.0141393,30.3455275],[78.014342,30.3458434],[78.0148853,30.3466524],[78.0150782,30.346924]]}},{"type":"Feature","properties":{"c":"service"},"geometry":{"type":"LineString","coordinates":[[78.0141138,30.3547427],[78.0136603,30.3548163],[78.0133753,30.3548701],[78.0131771,30.354947],[78.0130593,30.3550738]]}},{"type":"Feature","properties":{"c":"residential"},"geometry":{"type":"LineString","coordinates":[[78.0027316,30.3523614],[78.0028134,30.352261],[78.0029664,30.3520732],[78.0032299,30.3517539],[78.00347,30.3514755],[78.0035844,30.3513441],[78.0036346,30.351268],[78.0036914,30.3511766],[78.003787,30.351063],[78.0039303,30.350907]]}},{"type":"Feature","properties":{"c":"service"},"geometry":{"type":"LineString","coordinates":[[78.0131194,30.3551621],[78.0132193,30.355166],[78.0133453,30.3551728],[78.0134681,30.3551619],[78.0136271,30.3551551],[78.0137925,30.3551578],[78.0143892,30.3552652],[78.0144321,30.3552716],[78.0150607,30.3553651],[78.0151069,30.3553884],[78.0151176,30.3554254],[78.0151123,30.3554937],[78.0150707,30.355665]]}},{"type":"Feature","properties":{"c":"service"},"geometry":{"type":"LineString","coordinates":[[78.0130817,30.3552072],[78.0131057,30.3551878],[78.0131194,30.3551621],[78.0131209,30.355134],[78.0131101,30.3551074],[78.0130885,30.3550863],[78.0130593,30.3550738],[78.0130256,30.3550717],[78.0129935,30.3550811],[78.0129682,30.3551005],[78.0129537,30.3551269],[78.0129522,30.3551561],[78.012964,30.3551835],[78.0129871,30.3552048],[78.0130181,30.3552166],[78.0130509,30.3552173],[78.0130817,30.3552072]]}},{"type":"Feature","properties":{"c":"service"},"geometry":{"type":"LineString","coordinates":[[78.0039657,30.3541264],[78.0038618,30.3543075],[78.0037357,30.3544661],[78.003678,30.3545286],[78.0035546,30.3546235],[78.0034608,30.3546779],[78.0033427,30.3546906],[78.0032234,30.3546617],[78.0030692,30.3545714],[78.0022404,30.353877]]}},{"type":"Feature","properties":{"c":"residential"},"geometry":{"type":"LineString","coordinates":[[78.0063766,30.3511107],[78.0063782,30.3510848],[78.0063837,30.3510599],[78.0065661,30.3507626],[78.0066603,30.3506449],[78.0066956,30.3505826],[78.0067893,30.3504679],[78.0069509,30.3502884],[78.0070478,30.350273],[78.0071402,30.3502404],[78.0072114,30.3501923],[78.0073484,30.3500347]]}},{"type":"Feature","properties":{"c":"residential"},"geometry":{"type":"LineString","coordinates":[[78.0077787,30.3508606],[78.0082661,30.3511428],[78.0086074,30.3513391],[78.0088747,30.3514949],[78.0091972,30.3517012],[78.0094579,30.351868],[78.0096725,30.3520052],[78.0099027,30.3521647],[78.0102052,30.3523857],[78.0106026,30.3526938],[78.0108921,30.3528783],[78.0111192,30.3530551]]}},{"type":"Feature","properties":{"c":"residential"},"geometry":{"type":"LineString","coordinates":[[78.0152321,30.3520643],[78.0152243,30.3520084],[78.0152278,30.3519729],[78.0152468,30.3519172],[78.0152509,30.3518827],[78.0152418,30.3518523],[78.0152277,30.351816],[78.0152095,30.3517952],[78.0150559,30.351685],[78.0146936,30.3514079],[78.0140961,30.3509769],[78.0139471,30.3508605],[78.0137201,30.3507017],[78.0133271,30.3504536],[78.0126875,30.3500702],[78.012657,30.3500548],[78.0126357,30.3500528],[78.0126144,30.3500575],[78.0124495,30.3502227],[78.0123848,30.3502855],[78.0121873,30.3504739],[78.0121336,30.350526],[78.0120525,30.3505981],[78.0116913,30.3509234]]}},{"type":"Feature","properties":{"c":"residential"},"geometry":{"type":"LineString","coordinates":[[78.007193,30.3521226],[78.0074015,30.3522433],[78.0076824,30.3524042],[78.0081192,30.3526827],[78.00851,30.3529107],[78.0086844,30.3530206],[78.0089016,30.3531676],[78.0090559,30.3532671],[78.009198,30.3533516],[78.0092892,30.3534431],[78.0093402,30.353472],[78.00943,30.3535241],[78.0098924,30.3536936]]}},{"type":"Feature","properties":{"c":"residential"},"geometry":{"type":"LineString","coordinates":[[78.0151505,30.3477837],[78.0146948,30.3480907],[78.014602,30.3481918],[78.0145909,30.3482433],[78.0146285,30.3482986],[78.0160955,30.3489322],[78.0168495,30.3492579],[78.0170241,30.3493494],[78.0171412,30.349441]]}},{"type":"Feature","properties":{"c":"residential"},"geometry":{"type":"LineString","coordinates":[[78.0137518,30.3519554],[78.0139114,30.3516805],[78.014007,30.3515483]]}},{"type":"Feature","properties":{"c":"residential"},"geometry":{"type":"LineString","coordinates":[[78.0062392,30.3524055],[78.0070643,30.3527302]]}},{"type":"Feature","properties":{"c":"residential"},"geometry":{"type":"LineString","coordinates":[[78.0147392,30.353233],[78.0151999,30.3536115]]}},{"type":"Feature","properties":{"c":"residential"},"geometry":{"type":"LineString","coordinates":[[78.0143295,30.3500436],[78.0148692,30.3504176],[78.0149019,30.3504249]]}},{"type":"Feature","properties":{"c":"residential"},"geometry":{"type":"LineString","coordinates":[[78.0153643,30.3525823],[78.0159728,30.353064]]}},{"type":"Feature","properties":{"c":"service"},"geometry":{"type":"LineString","coordinates":[[78.014351,30.3520005],[78.014536,30.3517045]]}},{"type":"Feature","properties":{"c":"residential"},"geometry":{"type":"LineString","coordinates":[[78.013055,30.3528795],[78.0133957,30.3525253]]}},{"type":"Feature","properties":{"c":"residential"},"geometry":{"type":"LineString","coordinates":[[78.0150285,30.3529127],[78.0155336,30.3532949]]}},{"type":"Feature","properties":{"c":"residential"},"geometry":{"type":"LineString","coordinates":[[78.0124148,30.3455297],[78.0137328,30.346654],[78.0140501,30.3469216],[78.0145933,30.3473996],[78.0148387,30.3475975],[78.0151505,30.3477837],[78.0160778,30.3481847],[78.0165105,30.3483624],[78.016534,30.3483868],[78.016534,30.3484176],[78.0165213,30.3484484],[78.0164707,30.348503],[78.0164396,30.3485365],[78.0160955,30.3489322]]}},{"type":"Feature","properties":{"c":"residential"},"geometry":{"type":"LineString","coordinates":[[78.0150169,30.3503297],[78.0154762,30.350631],[78.0155093,30.3506357]]}},{"type":"Feature","properties":{"c":"residential"},"geometry":{"type":"LineString","coordinates":[[78.0155093,30.3506357],[78.0155352,30.3506249],[78.0155925,30.3505704],[78.0157097,30.3504356],[78.0158024,30.3503049]]}},{"type":"Feature","properties":{"c":"residential"},"geometry":{"type":"LineString","coordinates":[[78.0149019,30.3504249],[78.0149329,30.3504092],[78.0150169,30.3503297],[78.0153055,30.3499937]]}},{"type":"Feature","properties":{"c":"residential"},"geometry":{"type":"LineString","coordinates":[[78.0146936,30.3514079],[78.0148909,30.3512107],[78.0150721,30.3510105]]}},{"type":"Feature","properties":{"c":"residential"},"geometry":{"type":"LineString","coordinates":[[78.0137017,30.3500609],[78.0139494,30.3498186],[78.0144424,30.349288]]}},{"type":"Feature","properties":{"c":"residential"},"geometry":{"type":"LineString","coordinates":[[78.0140445,30.3503544],[78.0143295,30.3500436],[78.0144953,30.3498319]]}},{"type":"Feature","properties":{"c":"service"},"geometry":{"type":"LineString","coordinates":[[78.0088747,30.3514949],[78.0087784,30.3516123],[78.0087735,30.3516229],[78.0087733,30.3516377],[78.008788,30.3516544],[78.0088067,30.3516677],[78.0089731,30.3517767]]}},{"type":"Feature","properties":{"c":"residential"},"geometry":{"type":"LineString","coordinates":[[78.0071622,30.3523784],[78.0069049,30.3523246],[78.0065729,30.3521796]]}},{"type":"Feature","properties":{"c":"residential"},"geometry":{"type":"LineString","coordinates":[[78.0134997,30.3519315],[78.0135145,30.3518738],[78.0135407,30.3518237],[78.0135797,30.351762],[78.0138338,30.3514203],[78.0139383,30.3513001]]}},{"type":"Feature","properties":{"c":"residential"},"geometry":{"type":"LineString","coordinates":[[78.0127942,30.3518457],[78.0127474,30.3519398],[78.0127579,30.3519753],[78.0127813,30.3519944],[78.0133903,30.3524466],[78.0134185,30.3524709],[78.0134211,30.3524918],[78.0133957,30.3525253]]}},{"type":"Feature","properties":{"c":"residential"},"geometry":{"type":"LineString","coordinates":[[78.0159601,30.3516132],[78.0167687,30.350821],[78.017056,30.3504548],[78.0174749,30.3500185]]}},{"type":"Feature","properties":{"c":"residential"},"geometry":{"type":"LineString","coordinates":[[78.0101543,30.3502806],[78.0102695,30.3501087],[78.0104663,30.3498225],[78.0105113,30.349755],[78.0105599,30.3496954],[78.0106018,30.3496496],[78.010635,30.3496276]]}},{"type":"Feature","properties":{"c":"residential"},"geometry":{"type":"LineString","coordinates":[[78.0100069,30.3509022],[78.0103242,30.3504577],[78.0103366,30.350439],[78.010336,30.3504188],[78.0103212,30.3504012],[78.0101543,30.3502806],[78.0099599,30.3501565]]}},{"type":"Feature","properties":{"c":"residential"},"geometry":{"type":"LineString","coordinates":[[78.0108398,30.3487226],[78.0105535,30.348526]]}},{"type":"Feature","properties":{"c":"residential"},"geometry":{"type":"LineString","coordinates":[[78.0071381,30.3525357],[78.007869,30.3529466],[78.0082364,30.3531966],[78.0082673,30.3532232],[78.0082861,30.3532533],[78.0082807,30.3532799],[78.0082552,30.3533204],[78.0078706,30.3537189]]}},{"type":"Feature","properties":{"c":"residential"},"geometry":{"type":"LineString","coordinates":[[78.0162718,30.3518864],[78.0159601,30.3516132],[78.015595,30.3513624],[78.015258,30.3511354],[78.0150721,30.3510105],[78.0140445,30.3503544],[78.013843,30.3501838],[78.0137017,30.3500609],[78.0135554,30.3499671],[78.0132034,30.3497471],[78.0131009,30.3496852],[78.012785,30.3494886]]}},{"type":"Feature","properties":{"c":"residential"},"geometry":{"type":"LineString","coordinates":[[78.0148201,30.3496946],[78.0153055,30.3499937],[78.0156119,30.3501788],[78.0158024,30.3503049],[78.0159581,30.3503789],[78.015995,30.3503858]]}},{"type":"Feature","properties":{"c":"residential"},"geometry":{"type":"LineString","coordinates":[[78.0087551,30.3502653],[78.0088988,30.3500919],[78.0090419,30.3499064],[78.0090504,30.3498954],[78.0090662,30.3498716],[78.0090729,30.3498242],[78.0090701,30.3497894],[78.0090587,30.3497658],[78.0090451,30.3497482],[78.0089577,30.3496872]]}},{"type":"Feature","properties":{"c":"residential"},"geometry":{"type":"LineString","coordinates":[[78.015995,30.3503858],[78.0160295,30.3503773],[78.0160555,30.3503588],[78.0161383,30.3502789],[78.0161787,30.3502476],[78.0162745,30.3501961],[78.0163191,30.3501697],[78.0163516,30.3501485],[78.0163915,30.3501132],[78.0167004,30.3497582],[78.0168251,30.3496394]]}},{"type":"Feature","properties":{"c":"residential"},"geometry":{"type":"LineString","coordinates":[[78.0121119,30.3475237],[78.0118241,30.3477761],[78.0116218,30.3480141],[78.0115774,30.3480465],[78.0115245,30.3480759],[78.011477,30.3481112],[78.0112915,30.3482634],[78.0111508,30.3483775],[78.0109848,30.3485653],[78.0108398,30.3487226],[78.0107142,30.3488843],[78.0105416,30.3490874],[78.0105087,30.3491147],[78.0104741,30.3491249],[78.0104403,30.3491148],[78.010405,30.3491015],[78.0103689,30.3490988],[78.0103307,30.349116],[78.0102566,30.3491811],[78.0102275,30.3491963],[78.0101973,30.3491988],[78.0101578,30.3491899],[78.0100299,30.3491062]]}},{"type":"Feature","properties":{"c":"unclassified"},"geometry":{"type":"LineString","coordinates":[[78.0162629,30.3550123],[78.0163153,30.355025],[78.0163649,30.3550216],[78.0164078,30.3549996],[78.0164373,30.3549695],[78.0165938,30.3547897],[78.016727,30.3546281],[78.0167645,30.3545864],[78.016785,30.3545769],[78.0168048,30.354576],[78.0168611,30.3545992],[78.017073,30.3547484],[78.0171213,30.3547774],[78.0171528,30.3547901],[78.0171796,30.3547918],[78.0172299,30.354782],[78.0173197,30.3547357],[78.0175759,30.3546605],[78.0176724,30.3546316],[78.0177918,30.3546211],[78.017879,30.3546235],[78.0179594,30.3546397],[78.0180654,30.3546906]]}},{"type":"Feature","properties":{"c":"residential"},"geometry":{"type":"LineString","coordinates":[[78.0106936,30.3333592],[78.0106736,30.3334667],[78.0105787,30.3339193],[78.0104596,30.3344869],[78.0103461,30.3350283],[78.0103279,30.335115],[78.0103084,30.3352151],[78.0102958,30.3353551],[78.0102714,30.3359163],[78.0102222,30.3364002],[78.0102114,30.3368107],[78.0102164,30.3371856],[78.0102373,30.3374038]]}},{"type":"Feature","properties":{"c":"residential"},"geometry":{"type":"LineString","coordinates":[[78.0119741,30.3334619],[78.0123481,30.3338089],[78.0126062,30.3340184],[78.0128955,30.3342209],[78.0133107,30.334485],[78.0138111,30.3348524],[78.0142453,30.3351577],[78.0142687,30.3351731],[78.014895,30.3355869],[78.0151195,30.33576],[78.0163261,30.3366294],[78.0164853,30.3367125],[78.0168214,30.3368652],[78.0169014,30.3369148],[78.016921,30.3369269],[78.0169763,30.3369689],[78.0170817,30.3370691],[78.0172919,30.3372688],[78.0173785,30.337355],[78.0175035,30.3374792],[78.0179206,30.3378733],[78.0182546,30.338215],[78.0184144,30.3383715],[78.0186653,30.3386109],[78.0194379,30.3393483]]}},{"type":"Feature","properties":{"c":"residential"},"geometry":{"type":"LineString","coordinates":[[78.0128656,30.3371158],[78.0129377,30.3370725],[78.0134853,30.3367434],[78.0138765,30.3365083],[78.0141556,30.3363406],[78.0146312,30.3360548],[78.0151195,30.33576]]}},{"type":"Feature","properties":{"c":"service"},"geometry":{"type":"LineString","coordinates":[[78.015608,30.3432647],[78.0158649,30.3430763],[78.0161154,30.3428925]]}},{"type":"Feature","properties":{"c":"service"},"geometry":{"type":"LineString","coordinates":[[78.0165473,30.3432286],[78.0161954,30.343436],[78.0161525,30.343443],[78.0158649,30.3430763]]}},{"type":"Feature","properties":{"c":"residential"},"geometry":{"type":"LineString","coordinates":[[78.014895,30.3355869],[78.0152062,30.3353784],[78.0157681,30.3349823],[78.0161908,30.3347278],[78.0165096,30.3345142],[78.0165985,30.3344547],[78.0166421,30.3344217],[78.0173542,30.3338829],[78.0173753,30.3337851]]}},{"type":"Feature","properties":{"c":"tertiary"},"geometry":{"type":"LineString","coordinates":[[77.9467037,30.2985943],[77.9467633,30.2987058],[77.9469098,30.2991594],[77.9469466,30.2993547],[77.9469709,30.2995616],[77.9469776,30.2996053],[77.9470435,30.3000364],[77.9470949,30.3002421],[77.9471049,30.3002821],[77.9471496,30.3004002],[77.9472333,30.3006019],[77.9472533,30.3007416],[77.9472186,30.3008984],[77.9471,30.301103],[77.9470142,30.3012524],[77.9469756,30.3013801],[77.946953,30.3016515],[77.9469538,30.3017838],[77.9469686,30.3020058],[77.9470434,30.3021966],[77.9472195,30.3024351],[77.9473887,30.3027629],[77.9474888,30.3030729],[77.9476986,30.3036757],[77.947773,30.303863],[77.9478893,30.3039224],[77.9486408,30.3043553],[77.9487098,30.3043952],[77.949109,30.3046262],[77.949135,30.3046405],[77.949366,30.3047688],[77.9497992,30.3049913],[77.950292,30.3052444],[77.9507841,30.305499],[77.9515162,30.3058649],[77.9515858,30.3058997],[77.9516996,30.3059566],[77.9525702,30.3064205],[77.9526849,30.3064816],[77.9528294,30.3065586],[77.9529631,30.3066298],[77.9530995,30.3067025],[77.9533592,30.3068478],[77.9534342,30.3068898],[77.9538272,30.3071161],[77.9539177,30.3071609],[77.9543243,30.3073833],[77.9548672,30.3076623],[77.9551287,30.3077966],[77.9554244,30.3079486],[77.9557719,30.3081152],[77.9560433,30.3082701],[77.9564978,30.3085072],[77.9579219,30.3092503],[77.9579841,30.3092845],[77.9587945,30.3097102],[77.9588729,30.3097824],[77.9589287,30.3098547],[77.9590486,30.3100404],[77.9593255,30.3104996],[77.9594794,30.3107365],[77.9597017,30.3110917],[77.9598505,30.3113234],[77.9599453,30.3114731],[77.9602017,30.3118707],[77.9606487,30.3125316],[77.9608781,30.3128957],[77.9609507,30.313011],[77.9610856,30.3132252],[77.9616844,30.314134],[77.9618429,30.3143815],[77.9618591,30.3144077],[77.9618833,30.3144775],[77.9618958,30.3146021],[77.9619011,30.3147027],[77.9619024,30.3148695],[77.9618894,30.315058],[77.9618227,30.3160375],[77.9618073,30.3162532],[77.9618122,30.3165155],[77.9618141,30.3166191],[77.9618077,30.316658],[77.9617927,30.3166886],[77.9616166,30.3167787],[77.9612605,30.3169155],[77.9609592,30.3170163],[77.9607768,30.3170737],[77.9600683,30.3172682],[77.9599782,30.317295],[77.9599441,30.3173131],[77.959919,30.3173376],[77.9599118,30.3173595],[77.9599156,30.3173822],[77.9599317,30.3174296],[77.9600316,30.3176124],[77.9602807,30.3180335],[77.9604731,30.3183606],[77.9606501,30.3186829],[77.9610329,30.3193416],[77.9611479,30.3195435],[77.9612276,30.3197015],[77.9612634,30.3197833],[77.9613217,30.3200145],[77.9614948,30.3207126],[77.9614952,30.3207755],[77.9614867,30.3208061],[77.9614664,30.3208313],[77.9614338,30.3208547],[77.9613524,30.3208797],[77.9612446,30.3209017],[77.9609812,30.3209149],[77.96091,30.3209333],[77.9608752,30.3209618],[77.9608465,30.3210009],[77.9608325,30.3210476],[77.9608619,30.3214905],[77.9608896,30.3218331],[77.9608835,30.321975],[77.9608679,30.3220558],[77.9608498,30.3221499],[77.9607776,30.3224689],[77.9606845,30.3232668],[77.9606374,30.3235532],[77.9606296,30.3236603],[77.9606319,30.3238026],[77.9606781,30.3241774],[77.9607929,30.3248941],[77.9608609,30.3252968],[77.9610105,30.326264],[77.9610454,30.3267166],[77.9614325,30.3291257],[77.9614432,30.3291926],[77.9614964,30.3295101],[77.9616177,30.3298745],[77.9616712,30.3302635],[77.9617188,30.3305471],[77.9617825,30.3309741],[77.9618252,30.3311908],[77.9618602,30.3314457],[77.9618796,30.3315904],[77.9618875,30.3316348],[77.9619397,30.3318749],[77.9620204,30.3323534],[77.962046,30.3325488],[77.962068,30.3326764],[77.9622077,30.3337522],[77.9622384,30.3339349],[77.9622788,30.3341755],[77.9623041,30.3343264],[77.9623487,30.3345919],[77.9624466,30.3350955],[77.9624836,30.3354549],[77.9625051,30.3358392],[77.9625365,30.336037]]}},{"type":"Feature","properties":{"c":"residential"},"geometry":{"type":"LineString","coordinates":[[77.9733756,30.3360737],[77.9730629,30.3357129],[77.9728532,30.3354808],[77.9727542,30.335394],[77.9726744,30.3353369],[77.9724036,30.3351935],[77.9716381,30.3347601]]}},{"type":"Feature","properties":{"c":"secondary"},"geometry":{"type":"LineString","coordinates":[[77.9548232,30.3417763],[77.9547041,30.3425389]]}},{"type":"Feature","properties":{"c":"secondary"},"geometry":{"type":"LineString","coordinates":[[77.9547041,30.3425389],[77.9546399,30.3429326],[77.9545584,30.3430416],[77.9544587,30.3431362],[77.9543075,30.3432062],[77.9541209,30.3432331],[77.9530872,30.3433824],[77.9530054,30.3433985],[77.9523649,30.3435242]]}},{"type":"Feature","properties":{"c":"tertiary"},"geometry":{"type":"LineString","coordinates":[[77.9196116,30.3405151],[77.9197591,30.3410328],[77.9197694,30.3410988],[77.9197655,30.3411741],[77.9197316,30.341314],[77.9196564,30.3415205],[77.9195895,30.3417219],[77.9195549,30.3418072],[77.9195165,30.3418832],[77.9194492,30.34197],[77.9192986,30.3421504],[77.9192459,30.3422285],[77.9192174,30.3422931],[77.9191993,30.3423669],[77.9192003,30.3424504],[77.9192178,30.3425865],[77.9192539,30.3427405],[77.9192606,30.3428224],[77.9192626,30.3428474],[77.9192588,30.3429429],[77.9192456,30.3430253],[77.9191818,30.3432602],[77.9191018,30.3434514],[77.9190937,30.3435126],[77.9191044,30.3435668],[77.9191474,30.3436474],[77.9193896,30.3439353],[77.9194373,30.3440107],[77.9194728,30.3440805],[77.9195184,30.3442186]]}},{"type":"Feature","properties":{"c":"tertiary"},"geometry":{"type":"LineString","coordinates":[[77.9193351,30.33792],[77.9196116,30.3405151]]}},{"type":"Feature","properties":{"c":"tertiary"},"geometry":{"type":"LineString","coordinates":[[77.917854,30.334124],[77.9178795,30.3342142],[77.9181266,30.334757],[77.9185081,30.3355921],[77.9188472,30.3363455],[77.9189752,30.3366311],[77.9189887,30.3366612],[77.9191909,30.3372402],[77.9192297,30.3373979],[77.9193351,30.33792]]}},{"type":"Feature","properties":{"c":"secondary"},"geometry":{"type":"LineString","coordinates":[[77.9523649,30.3435242],[77.9514418,30.3437044],[77.9513001,30.3437321]]}},{"type":"Feature","properties":{"c":"secondary"},"geometry":{"type":"LineString","coordinates":[[77.9392235,30.3452624],[77.9385324,30.3452333]]}},{"type":"Feature","properties":{"c":"secondary"},"geometry":{"type":"LineString","coordinates":[[77.9385324,30.3452333],[77.9384698,30.3452306],[77.9379642,30.3452107],[77.9378275,30.3452064],[77.936784,30.3451404],[77.9362502,30.3451194],[77.9352773,30.3450155],[77.9350911,30.3450025],[77.9348108,30.3449763],[77.9344248,30.344945],[77.9336481,30.3449061],[77.9331691,30.3448762],[77.9327457,30.3448444],[77.9322697,30.344816],[77.9309202,30.3447228],[77.9308326,30.3447168],[77.9305919,30.344706],[77.9305631,30.3447047],[77.9300618,30.3446823],[77.9284961,30.3445619],[77.9282786,30.344548],[77.9281016,30.3445367],[77.9276297,30.3445065],[77.9273723,30.34449],[77.9270452,30.3444691],[77.9268039,30.3444536],[77.9265357,30.3444364],[77.9264986,30.344434],[77.926168,30.3444129],[77.9251084,30.3443451],[77.9248767,30.3443303],[77.924705,30.3443193],[77.9244958,30.3443059],[77.9235877,30.3442577],[77.92331,30.34423],[77.922066,30.3442194],[77.9213012,30.3442129],[77.9210951,30.3442121],[77.9208323,30.344211],[77.9201312,30.3442082],[77.9197883,30.3442069],[77.9195184,30.3442186],[77.9177589,30.3442168],[77.9174849,30.3442159],[77.9165604,30.3442129],[77.9155158,30.3442376],[77.9146068,30.344259],[77.9142399,30.3442738],[77.9134171,30.344307],[77.9133361,30.3443166],[77.9124785,30.344418],[77.9113411,30.3445288],[77.9106693,30.344612],[77.9097869,30.3447214],[77.9097144,30.3447304],[77.9093742,30.3447725],[77.9092296,30.3447904],[77.9088067,30.3448332],[77.908555,30.344861],[77.9078,30.34494],[77.9070689,30.3450355],[77.9069858,30.3450464],[77.9066123,30.3450895],[77.9049574,30.3452571],[77.9039656,30.3453575],[77.9030685,30.3454483],[77.9027645,30.3454813],[77.9020589,30.345558],[77.9011251,30.3456595],[77.9004832,30.3457292],[77.8994968,30.3458346],[77.8986647,30.3459236],[77.8984736,30.345944],[77.8982595,30.3459772],[77.8979963,30.3460398]]}},{"type":"Feature","properties":{"c":"secondary"},"geometry":{"type":"LineString","coordinates":[[77.9513001,30.3437321],[77.9512303,30.3437463],[77.9504443,30.3439067],[77.9489508,30.3442475],[77.9477736,30.3445084],[77.9454033,30.3450022],[77.9443449,30.3453383],[77.9438464,30.3454407],[77.9431281,30.3456213],[77.9430373,30.3456433],[77.9427555,30.3456728],[77.9424942,30.345662],[77.9413422,30.3455079],[77.9412771,30.3454989],[77.9399515,30.3453172],[77.9393426,30.3452605],[77.9392638,30.3452687],[77.9392235,30.3452624]]}},{"type":"Feature","properties":{"c":"residential"},"geometry":{"type":"LineString","coordinates":[[77.936784,30.3451404],[77.9367266,30.3448371],[77.9367211,30.3447525],[77.936704,30.3446728],[77.9366688,30.3445838],[77.9364678,30.3441698],[77.9362722,30.3437586],[77.9360144,30.3431257],[77.9358306,30.342711],[77.9357977,30.3426492],[77.9357588,30.3425823],[77.9356872,30.342463],[77.9354428,30.3420832],[77.9353339,30.3418882],[77.9352077,30.3415857],[77.9351277,30.3412757],[77.9351101,30.3411187],[77.9350902,30.3409128],[77.9350443,30.3404717],[77.9350446,30.340379],[77.935045,30.3402226],[77.9350458,30.3399622],[77.9350241,30.339811],[77.9349899,30.339684],[77.9349384,30.339593],[77.9348566,30.3395177],[77.9347362,30.3394572],[77.9346097,30.3394139],[77.9343812,30.3393713],[77.9341555,30.3393366],[77.933934,30.3393241],[77.9337058,30.3393195],[77.9327569,30.339343],[77.9324209,30.3393488],[77.9315469,30.3393449],[77.9313576,30.3393615],[77.931315,30.3393851]]}},{"type":"Feature","properties":{"c":"service"},"geometry":{"type":"LineString","coordinates":[[77.9324209,30.3393488],[77.9323849,30.3396644],[77.9324105,30.3397109],[77.9324848,30.3397285],[77.9340323,30.3397788],[77.9350241,30.339811]]}},{"type":"Feature","properties":{"c":"residential"},"geometry":{"type":"LineString","coordinates":[[77.9314685,30.3415994],[77.931777,30.3416402],[77.9321316,30.341695],[77.9321744,30.3416955],[77.9322196,30.3416881],[77.9322586,30.3416646],[77.9326112,30.3413051],[77.9326439,30.341273],[77.9326797,30.3412514],[77.9327366,30.3412728],[77.9328907,30.3413727],[77.9329356,30.3413845],[77.9329887,30.3413723],[77.9330252,30.3413491],[77.9333723,30.3409801],[77.9332861,30.3409206],[77.9331291,30.3408121]]}},{"type":"Feature","properties":{"c":"residential"},"geometry":{"type":"LineString","coordinates":[[77.9330252,30.3413491],[77.9331046,30.341422],[77.9331716,30.3414918],[77.9333339,30.3417406],[77.9333903,30.3418267],[77.9334514,30.3419084],[77.9335074,30.3419769],[77.9336755,30.3421711],[77.9339487,30.3424279],[77.9339753,30.3424463],[77.9340116,30.3424555],[77.934053,30.3424559],[77.9340916,30.3424493],[77.9341343,30.3424421],[77.9341725,30.3424434],[77.9342081,30.342459],[77.9345371,30.3427136],[77.9345799,30.3427428],[77.9346175,30.3427493],[77.9346497,30.3427463],[77.9346811,30.3427266],[77.9351986,30.3421969],[77.9352237,30.3421842],[77.9352653,30.3421839],[77.9353014,30.3421997],[77.9355243,30.3424417],[77.9355781,30.3424866],[77.9356484,30.342529],[77.9357588,30.3425823]]}},{"type":"Feature","properties":{"c":"tertiary"},"geometry":{"type":"LineString","coordinates":[[77.9362502,30.3451194],[77.9362418,30.3454885],[77.9362769,30.3457924],[77.9362984,30.346024],[77.936334,30.3462742],[77.9363344,30.3464193],[77.9363347,30.3465023],[77.9363233,30.3466375],[77.9362957,30.3467507],[77.9362711,30.3468155],[77.9361907,30.3469483],[77.9358917,30.3474425],[77.9358527,30.347527],[77.9358445,30.3476033],[77.9358514,30.3476926],[77.9358688,30.3477703],[77.9359408,30.3480339],[77.9359576,30.3481317],[77.9359714,30.3482552],[77.9359709,30.3483352],[77.935957,30.3484638],[77.9359061,30.3487116],[77.9358961,30.3487605],[77.9357916,30.3491179],[77.9356875,30.3495054],[77.9356765,30.3495961],[77.9356806,30.3496921],[77.935689,30.3497648],[77.9357595,30.3500354],[77.9358582,30.350382],[77.9359242,30.3505808],[77.9360824,30.3510983],[77.9360954,30.3511525],[77.9361716,30.3514383],[77.9362062,30.3515418],[77.9362529,30.3516453],[77.9363095,30.3517385],[77.9364193,30.3518984],[77.9364734,30.3519764],[77.9365291,30.3520701],[77.9366692,30.352357],[77.9369131,30.3528557],[77.9371719,30.3533956],[77.937369,30.3538101],[77.9374675,30.3540264],[77.9376841,30.3544654],[77.9377884,30.3546939],[77.9379991,30.3550744],[77.9380336,30.3551123],[77.938215,30.3553437],[77.9384766,30.355683],[77.9386298,30.3558817],[77.9390216,30.3564165],[77.9393307,30.3568858],[77.9394779,30.3571186],[77.9394882,30.3571348],[77.9396092,30.3573518],[77.9396155,30.3573631],[77.9396735,30.3575405],[77.9396814,30.3576434],[77.9396632,30.3577443],[77.9396155,30.357858],[77.9393158,30.3584301],[77.939018,30.3589262],[77.9389096,30.3591178],[77.938866,30.3592338],[77.9388359,30.3593338],[77.9388354,30.3593887],[77.9388482,30.3594996],[77.9388865,30.3596502],[77.9389116,30.3597019],[77.9391187,30.360154],[77.9391478,30.3602366],[77.939155,30.3603259],[77.9391332,30.3606384],[77.9390266,30.3611778],[77.9390173,30.3612259],[77.9389932,30.3612661],[77.938908,30.3613983],[77.9387964,30.3615666],[77.9387296,30.3616334],[77.9387065,30.3616485],[77.9386833,30.361651],[77.9386616,30.3616452],[77.9386443,30.3616291],[77.9386334,30.361601],[77.9386273,30.3615469],[77.9386189,30.3613635],[77.9386109,30.3613263],[77.9385989,30.3612944],[77.9385827,30.3612728],[77.9385498,30.3612658],[77.9385287,30.3612681],[77.938503,30.361276],[77.9384739,30.3613008],[77.9384378,30.3613572],[77.9380869,30.3621378],[77.9374306,30.363317],[77.9369462,30.3642717],[77.9369196,30.3643501],[77.936898,30.3644751],[77.9366274,30.3662571],[77.9362291,30.3681963],[77.9358666,30.3698381],[77.9357834,30.3703124],[77.9357834,30.3703867],[77.9357873,30.3704407],[77.9357978,30.3704835],[77.9360204,30.370989],[77.9362563,30.3714746],[77.936407,30.371785],[77.9364513,30.3718798],[77.9366863,30.3723824],[77.936728,30.3724716],[77.9367414,30.3725022],[77.9369623,30.3730086],[77.9370729,30.3732479],[77.9372471,30.3736247],[77.937311,30.3737532],[77.93749,30.3741127],[77.9375133,30.3741596],[77.9378172,30.3748828],[77.9381075,30.3755689],[77.9383238,30.376058],[77.9384067,30.3762185],[77.9394615,30.3782612],[77.9397101,30.3788058],[77.9398642,30.3791435],[77.9401564,30.3798367],[77.9403589,30.3804845],[77.9404066,30.3807518],[77.9404266,30.3810531],[77.9403752,30.382103],[77.9403392,30.3827122],[77.9403265,30.3829286],[77.9403183,30.3830667],[77.940318,30.3831501],[77.940317,30.3833967],[77.940316,30.3836196],[77.9403151,30.3838376],[77.9402495,30.3845579],[77.940259,30.3847085],[77.9402925,30.3847949],[77.9403375,30.3848645],[77.9406023,30.3851148],[77.941117,30.3856012],[77.9418781,30.3863075],[77.9419498,30.3863738],[77.9428039,30.3871632],[77.9428296,30.387187],[77.9432285,30.3875556],[77.9432706,30.3876149],[77.9432693,30.3876688],[77.9432388,30.3877201],[77.9431831,30.3877652],[77.942443,30.3881056],[77.9420085,30.3883012],[77.941986,30.3883113],[77.941736,30.3884232],[77.9416056,30.3884659],[77.9411469,30.3885802],[77.9410726,30.3886118],[77.9410241,30.3886736],[77.9409963,30.3887274],[77.9409913,30.3888013],[77.9410987,30.3894167],[77.9410935,30.3895773],[77.9410654,30.3896851],[77.9409898,30.3897895],[77.9408971,30.3898912],[77.940773,30.3899718],[77.9406544,30.3900161],[77.9405325,30.3900304],[77.9404067,30.3900311],[77.9399134,30.3899159],[77.9398099,30.3899065],[77.9397111,30.3899219],[77.9396179,30.3899689],[77.9395247,30.3900469],[77.939421,30.3901371],[77.939321,30.3902024],[77.9390896,30.3903139],[77.9387788,30.390442],[77.9384211,30.3905458],[77.938006,30.3906842],[77.9378821,30.3907225],[77.9374561,30.3908567],[77.9370224,30.3910175],[77.9367526,30.3910998],[77.9361933,30.391273],[77.9357014,30.3914453],[77.9355331,30.3915089],[77.9347853,30.3917854],[77.9346228,30.3918487],[77.9345217,30.3919041],[77.9341694,30.3920972],[77.9340748,30.3921542],[77.933529,30.3924834],[77.9333825,30.3925717],[77.9333523,30.3925899],[77.9333205,30.3926114],[77.9327399,30.3930039],[77.9325243,30.3931497],[77.9322325,30.393347],[77.9319034,30.3934938],[77.9316916,30.3935232],[77.9315176,30.3935036],[77.9312203,30.3933744],[77.9311867,30.3933583],[77.9307574,30.3931848],[77.9306829,30.3931728],[77.9306159,30.3931804],[77.930537,30.3932066],[77.9305161,30.3932383],[77.9305111,30.3932774],[77.9304806,30.393998],[77.9304403,30.3940946],[77.930392,30.3941301],[77.9303008,30.3941533],[77.9301043,30.3941835],[77.9295788,30.3941891],[77.9293768,30.3942099],[77.9292789,30.3942284],[77.9291799,30.3942582],[77.9288861,30.3943516],[77.9282002,30.3946094],[77.9280947,30.3946333],[77.9279968,30.3946471],[77.9278619,30.3946579],[77.9276508,30.3946298],[77.9274818,30.3945916],[77.9274248,30.3945877],[77.9273437,30.3946009],[77.9272135,30.3946268],[77.9263081,30.3948202],[77.9262333,30.3948207],[77.9260087,30.3948094],[77.9254738,30.3947484],[77.9253304,30.394732],[77.9252651,30.3947245],[77.9251255,30.3947061],[77.9250464,30.3946992],[77.9249918,30.3947009],[77.9248787,30.3947212],[77.9247017,30.3947721],[77.9244226,30.3948561],[77.9238725,30.3950513],[77.9233952,30.3952008],[77.9231381,30.3952992],[77.9217357,30.3957334],[77.9214732,30.3958069],[77.9210806,30.3959344],[77.92096,30.3959844],[77.9208822,30.3960132],[77.9205156,30.3960996],[77.9200544,30.3962027],[77.9194751,30.3963325],[77.9194236,30.3963384],[77.9192246,30.3963811],[77.9191087,30.3964176],[77.9186468,30.396583],[77.9184649,30.3966649],[77.9178528,30.3970054],[77.9166444,30.3976889],[77.91585,30.398087],[77.9155615,30.3983],[77.9154662,30.3983704],[77.9153073,30.3984945],[77.9152496,30.398535],[77.915168,30.3985754],[77.915088,30.3986066],[77.914259,30.398785],[77.9141097,30.398823],[77.9140453,30.398845],[77.914005,30.3988664],[77.9135701,30.3992424],[77.9129494,30.3998704],[77.9123446,30.4004822],[77.9122743,30.4005534],[77.9117877,30.4011335],[77.9116969,30.4012777],[77.911476,30.4016286],[77.9113699,30.4017229],[77.9112573,30.4017748],[77.9111391,30.4017947],[77.9110361,30.4017813],[77.9106318,30.401683],[77.9104271,30.4016102],[77.9102929,30.4015448],[77.9101706,30.401467],[77.9101065,30.4014095],[77.9100529,30.4013478],[77.9099746,30.4012282],[77.9099399,30.4011903],[77.9098932,30.4011585],[77.9098496,30.4011433],[77.9097911,30.4011479],[77.9097471,30.4011781],[77.9097129,30.4012288],[77.9097001,30.4012672],[77.9097037,30.4013034],[77.9097162,30.4013569],[77.9097591,30.4014002],[77.9098114,30.4014349],[77.9098892,30.4014673],[77.910133,30.4015887],[77.9104523,30.4017632],[77.9105973,30.4018236],[77.9107775,30.40189],[77.9112416,30.4020422],[77.9120152,30.4022963],[77.912813,30.4025677],[77.9133187,30.4028131],[77.9137612,30.4030244],[77.9141386,30.4031522],[77.914508,30.4032902],[77.9146838,30.4033907],[77.9147806,30.4035134],[77.9148399,30.403665],[77.9148419,30.403786],[77.9148261,30.4038769],[77.9146383,30.4049526]]}},{"type":"Feature","properties":{"c":"residential"},"geometry":{"type":"LineString","coordinates":[[77.9322697,30.344816],[77.9321826,30.3446159],[77.9321319,30.3445229],[77.9320615,30.3444356],[77.9319859,30.3443581],[77.931758,30.3441437],[77.9316862,30.3440731],[77.9316236,30.3440078],[77.9315249,30.3438895],[77.9314275,30.3437655],[77.9312945,30.3435912],[77.9312828,30.3435557],[77.9312789,30.3435181],[77.9312921,30.3434641],[77.9313971,30.343192],[77.9314082,30.3431346],[77.9314057,30.3430938],[77.9313929,30.3430529],[77.9313076,30.3428597],[77.9312108,30.3426887],[77.931129,30.3425441],[77.9310983,30.3424714],[77.9310957,30.3424139],[77.931112,30.3423598],[77.9311405,30.342303],[77.9312252,30.3421581],[77.9312725,30.3420799],[77.9313123,30.3420082],[77.9313522,30.3419239],[77.9314685,30.3415994],[77.9314868,30.3415377],[77.9314943,30.3414666],[77.9314972,30.3414108],[77.9314928,30.3413522],[77.9313452,30.3407289],[77.9313312,30.3406507],[77.9313277,30.3405893],[77.9313294,30.3405293],[77.9313447,30.3401189],[77.9313451,30.3400275],[77.9313067,30.3400108],[77.9312624,30.3400016],[77.9312001,30.3399976],[77.9298166,30.3398666],[77.9292268,30.3398181],[77.9286308,30.3397692],[77.928203,30.339734],[77.92786,30.3397446],[77.9277621,30.3397342],[77.9277205,30.3397226],[77.9276897,30.3397041],[77.9276669,30.3396798],[77.9276079,30.3395826],[77.927569,30.3395583],[77.9275087,30.339549],[77.9274349,30.339549],[77.9273759,30.3395617],[77.9265752,30.3397782]]}},{"type":"Feature","properties":{"c":"tertiary"},"geometry":{"type":"LineString","coordinates":[[77.9146383,30.4049526],[77.91429,30.4066377]]}},{"type":"Feature","properties":{"c":"residential"},"geometry":{"type":"LineString","coordinates":[[77.9333348,30.3428189],[77.9330766,30.3425586],[77.9327753,30.3422457],[77.9324908,30.3419436]]}},{"type":"Feature","properties":{"c":"residential"},"geometry":{"type":"LineString","coordinates":[[77.929603,30.3431206],[77.9290522,30.3430692],[77.9287574,30.3430417],[77.9287257,30.3430335],[77.928703,30.343009],[77.9286926,30.3429834],[77.92869,30.3429508],[77.9287052,30.3426653],[77.9287151,30.3424693],[77.9287179,30.3423472]]}},{"type":"Feature","properties":{"c":"residential"},"geometry":{"type":"LineString","coordinates":[[77.9284961,30.3445619],[77.9285335,30.3440238],[77.9285293,30.3439786],[77.9285141,30.3439447],[77.92848,30.3439148],[77.9284639,30.3438936],[77.9284603,30.3438722],[77.9284607,30.3438307],[77.9284785,30.3435875]]}},{"type":"Feature","properties":{"c":"residential"},"geometry":{"type":"LineString","coordinates":[[77.9355243,30.3424417],[77.934936,30.3430143],[77.9347082,30.3432335],[77.9345919,30.3433378],[77.9345001,30.3434085],[77.9340907,30.3437088]]}},{"type":"Feature","properties":{"c":"residential"},"geometry":{"type":"LineString","coordinates":[[77.9300618,30.3446823],[77.9300463,30.3445328],[77.9300309,30.3444619],[77.9300076,30.3443934],[77.9299792,30.3443246],[77.9299416,30.3442392],[77.9298352,30.3439409],[77.9297951,30.3438294],[77.9296215,30.3432726],[77.9296077,30.3432005],[77.929603,30.3431206],[77.9295968,30.3428433],[77.9295937,30.3427441],[77.9295766,30.3424316],[77.9295494,30.3419326],[77.9295458,30.3418672],[77.9295425,30.3418457],[77.9295279,30.3418308],[77.9295058,30.3418241],[77.9292137,30.3418182],[77.9291832,30.341814],[77.929162,30.3418035],[77.9291483,30.3417904],[77.9291438,30.3417721],[77.9291438,30.3417105],[77.9291438,30.341666],[77.9291392,30.3416451],[77.9291271,30.3416294],[77.9291058,30.3416202],[77.9290861,30.3416241],[77.9290269,30.3416529],[77.9289344,30.3417145],[77.9289116,30.3417197],[77.9288858,30.3417171],[77.928854,30.3416988],[77.9287569,30.3416136],[77.9285809,30.3414539]]}},{"type":"Feature","properties":{"c":"residential"},"geometry":{"type":"LineString","coordinates":[[77.9314082,30.3431346],[77.9316347,30.3429737],[77.9316573,30.3429664],[77.9316822,30.3429703],[77.9317059,30.3429854],[77.9318039,30.3430765],[77.931832,30.343087],[77.9318648,30.3430854],[77.9318934,30.3430689],[77.9321921,30.3428498],[77.9323219,30.3427546],[77.9323647,30.3427383],[77.9324027,30.3427367],[77.9324381,30.3427594],[77.9325452,30.3428564],[77.9325738,30.3428781],[77.9326079,30.3428828],[77.9326403,30.3428734],[77.9330766,30.3425586]]}},{"type":"Feature","properties":{"c":"service"},"geometry":{"type":"LineString","coordinates":[[78.0012769,30.338727],[78.0002027,30.3386749],[77.9993923,30.3386356],[77.9981745,30.3385832],[77.9969999,30.3385169],[77.9969176,30.3385144],[77.9960792,30.3384955],[77.9952657,30.3384829],[77.9950091,30.3384695]]}},{"type":"Feature","properties":{"c":"service"},"geometry":{"type":"LineString","coordinates":[[77.9965412,30.3414412],[77.9966173,30.3405495],[77.9966251,30.3405223],[77.9966444,30.3405071],[77.996673,30.3404936],[77.9967492,30.3404893],[77.9967948,30.3404896],[77.9968256,30.3404817],[77.996846,30.3404651],[77.9968657,30.340441],[77.9968926,30.3403919],[77.996892,30.3403592],[77.9968845,30.3403387],[77.9968692,30.3403116],[77.9968512,30.3402953],[77.9968107,30.3402689],[77.996766,30.3402522],[77.9967089,30.3402452],[77.9966839,30.3402421],[77.9966591,30.3402304],[77.9966524,30.3402118],[77.9966493,30.3401836],[77.9966615,30.3401595],[77.9967251,30.3401018],[77.9967488,30.3400718],[77.9967759,30.3400283],[77.9967992,30.3399813],[77.9968112,30.3399359],[77.9968184,30.3398534],[77.9968405,30.339548],[77.9968724,30.3390624],[77.9969176,30.3385144]]}},{"type":"Feature","properties":{"c":"residential"},"geometry":{"type":"LineString","coordinates":[[77.9902906,30.3481835],[77.9901704,30.3486131],[77.9901281,30.3488205],[77.9901281,30.3488309],[77.9901303,30.3488408],[77.9901357,30.3488473],[77.9902728,30.3489407],[77.9905315,30.349069],[77.9907201,30.3491803],[77.9909134,30.3493138],[77.9910927,30.3495027],[77.991177,30.3496051],[77.9915678,30.3500185],[77.9915825,30.3500321],[77.9915891,30.3500354],[77.991598,30.3500387],[77.9916069,30.3500376],[77.9916218,30.3500332],[77.9916474,30.3500171],[77.9918468,30.3499059],[77.9918632,30.3499015],[77.9918813,30.3499032],[77.991894,30.3499101],[77.9919132,30.3499237],[77.9919273,30.3499436],[77.9921514,30.3503209],[77.9922543,30.3505107],[77.9923459,30.3506973],[77.9924788,30.3509136],[77.9925063,30.350986],[77.9925719,30.3514315],[77.992586,30.3514709],[77.9926058,30.3514917],[77.992625,30.3515053],[77.9926549,30.351517],[77.9926906,30.3515215],[77.9928323,30.3515208],[77.9931752,30.3515407]]}},{"type":"Feature","properties":{"c":"unclassified"},"geometry":{"type":"LineString","coordinates":[[77.9940552,30.3516269],[77.9945974,30.3525462]]}},{"type":"Feature","properties":{"c":"service"},"geometry":{"type":"LineString","coordinates":[[78.0010191,30.3426566],[78.0010251,30.34256],[78.0012756,30.3388823],[78.0012769,30.338727]]}},{"type":"Feature","properties":{"c":"service"},"geometry":{"type":"LineString","coordinates":[[77.9661874,30.3382978],[77.9658885,30.33824],[77.96547,30.3381763],[77.9654,30.338174],[77.9653516,30.338196],[77.9653385,30.3382391],[77.9650891,30.3392573],[77.9650998,30.3393314],[77.9651615,30.3393754],[77.9652876,30.3393916],[77.9659474,30.3394124],[77.9667172,30.339468],[77.9672,30.3396185],[77.9674262,30.3396766],[77.9675728,30.3396925],[77.9678544,30.3396555],[77.9680583,30.3396856],[77.968177,30.3397207],[77.9682943,30.3397759],[77.9683909,30.3398384],[77.9685193,30.3398984],[77.968947,30.3400213],[77.969555,30.3402018],[77.9697404,30.3402409],[77.9698876,30.3402527],[77.9701397,30.3402504],[77.9703355,30.3402481],[77.9704777,30.3402525],[77.9706572,30.3402689],[77.9715399,30.3404147],[77.9724115,30.3405676],[77.9725698,30.3405826],[77.9727173,30.3406023],[77.974222,30.3408777],[77.9745703,30.3409465],[77.9751156,30.3410791],[77.9752382,30.3410971],[77.9752918,30.3411025],[77.9753394,30.3410921],[77.9753834,30.3410756],[77.9754339,30.3410308],[77.9755291,30.3408787],[77.9756756,30.3405962],[77.9762464,30.3406292],[77.9770835,30.3407526],[77.9773319,30.3408466],[77.978819,30.3416865],[77.9793771,30.342033],[77.9802516,30.3424912],[77.9809696,30.342823],[77.9815992,30.3432254],[77.9823104,30.343751],[77.9833142,30.3445058],[77.9842058,30.3451871],[77.9855921,30.3462728],[77.986302,30.3468287],[77.9867342,30.3471424],[77.9868257,30.3471751],[77.9869315,30.3471958],[77.9870872,30.3472109],[77.9872562,30.3471996],[77.9874238,30.3471635],[77.9876407,30.3470895],[77.9882014,30.3468339],[77.9884254,30.3467964],[77.9886805,30.346748],[77.9888467,30.3467063],[77.9889255,30.3466927],[77.9890358,30.3466867],[77.9892773,30.3467307]]}},{"type":"Feature","properties":{"c":"service"},"geometry":{"type":"LineString","coordinates":[[77.9797468,30.3382014],[77.9820945,30.3392753],[77.983359,30.3398631],[77.9834348,30.3398983],[77.9852532,30.340754],[77.9857316,30.3409378],[77.9865049,30.3411389],[77.987241,30.341254],[77.9885999,30.3412261],[77.9893684,30.3412785],[77.9902986,30.3414006],[77.9910981,30.3416347],[77.9918049,30.3418951],[77.992305,30.3420734],[77.992677,30.3422768]]}},{"type":"Feature","properties":{"c":"service"},"geometry":{"type":"LineString","coordinates":[[77.9947396,30.3423767],[77.992677,30.3422768]]}},{"type":"Feature","properties":{"c":"service"},"geometry":{"type":"LineString","coordinates":[[78.0002027,30.3386749],[78.0001298,30.3399265],[78.0000957,30.3405115],[77.9999846,30.342611]]}},{"type":"Feature","properties":{"c":"service"},"geometry":{"type":"LineString","coordinates":[[77.9968926,30.3403919],[77.9980683,30.3404213],[77.9992791,30.3404697]]}},{"type":"Feature","properties":{"c":"service"},"geometry":{"type":"LineString","coordinates":[[77.9991863,30.3425758],[77.9992791,30.3404697],[77.9993119,30.3399389],[77.9993923,30.3386356]]}},{"type":"Feature","properties":{"c":"service"},"geometry":{"type":"LineString","coordinates":[[77.9947396,30.3423767],[77.9979263,30.3425234],[77.9991863,30.3425758],[77.9999846,30.342611],[78.0010191,30.3426566]]}},{"type":"Feature","properties":{"c":"service"},"geometry":{"type":"LineString","coordinates":[[78.0097579,30.3462628],[78.0081114,30.3454723],[78.0060153,30.3444753],[78.004836,30.3439143],[78.0024891,30.342881],[78.0020848,30.342703],[78.0010191,30.3426566]]}},{"type":"Feature","properties":{"c":"unclassified"},"geometry":{"type":"LineString","coordinates":[[77.9945974,30.3525462],[77.9945987,30.3526422],[77.99458,30.3527001],[77.9945585,30.3527313],[77.9944459,30.3528228],[77.994242,30.3529558],[77.9937203,30.3532914],[77.9935145,30.3534166],[77.9930887,30.3536757],[77.9927467,30.3539129],[77.992681,30.3539557],[77.9925442,30.3541044],[77.9924686,30.3542053],[77.9924051,30.3544065],[77.9923457,30.3545309],[77.9923336,30.354548],[77.9922692,30.3546385],[77.9921056,30.3548237],[77.9919326,30.3550829],[77.9914123,30.3558756],[77.9912674,30.3560943],[77.9911818,30.3562296],[77.9911337,30.3563055]]}},{"type":"Feature","properties":{"c":"service"},"geometry":{"type":"LineString","coordinates":[[77.982155,30.3391369],[77.982998,30.3378633],[77.9830527,30.3378031],[77.9831076,30.3377622],[77.9835092,30.3375583],[77.9837693,30.3374119],[77.9839836,30.3373266],[77.9846107,30.337152],[77.9847908,30.3370931],[77.984846,30.3370645],[77.9848854,30.3370278],[77.9849044,30.3369834],[77.9849056,30.3369412],[77.9848927,30.3368957],[77.984223,30.3359887]]}},{"type":"Feature","properties":{"c":"service"},"geometry":{"type":"LineString","coordinates":[[77.982998,30.3378633],[77.9833287,30.3380116],[77.9841301,30.3383851],[77.9841931,30.3384254],[77.9842108,30.3384501],[77.9842187,30.3384861],[77.9842149,30.3385329],[77.984119,30.3387219],[77.9841152,30.3387459],[77.9841203,30.3387682],[77.9841325,30.3387905],[77.9841794,30.3388367],[77.9848003,30.3390797],[77.9857724,30.3394678],[77.9858012,30.3394877],[77.9858264,30.3395078],[77.9858417,30.3395289],[77.9858507,30.3395525],[77.9858462,30.3395925],[77.9858272,30.3396527],[77.9852532,30.340754]]}},{"type":"Feature","properties":{"c":"service"},"geometry":{"type":"LineString","coordinates":[[77.9827563,30.3365968],[77.9839301,30.3361555],[77.984223,30.3359887],[77.9843059,30.3359415],[77.9846939,30.3356884],[77.9850082,30.3354947],[77.9852434,30.3353497],[77.9858167,30.3349685],[77.9863785,30.3345138],[77.9865574,30.3343771],[77.9871396,30.3339322],[77.988712,30.3327122],[77.9888928,30.3325348],[77.9889285,30.3324805],[77.9890488,30.332246]]}},{"type":"Feature","properties":{"c":"service"},"geometry":{"type":"LineString","coordinates":[[77.981568,30.3369228],[77.9811626,30.3360409],[77.9807956,30.3352584],[77.9807353,30.3351378],[77.9801589,30.3339057],[77.9798682,30.3332844]]}},{"type":"Feature","properties":{"c":"service"},"geometry":{"type":"LineString","coordinates":[[77.9807956,30.3352584],[77.9819515,30.3348578],[77.9831189,30.3343972],[77.9839514,30.33415],[77.9840256,30.3341373],[77.9846939,30.3356884]]}},{"type":"Feature","properties":{"c":"service"},"geometry":{"type":"LineString","coordinates":[[77.982998,30.3378633],[77.9828292,30.3377831],[77.9826729,30.3377321],[77.9825925,30.3377268],[77.9825333,30.3377386],[77.9824514,30.3377713],[77.9823891,30.3378054],[77.9822981,30.3378918],[77.982134,30.3380833],[77.9820274,30.3382638],[77.9819508,30.3382445],[77.981905,30.3382439],[77.9818832,30.33825],[77.9818353,30.3382961],[77.9815548,30.3387374],[77.9815496,30.338751],[77.9815495,30.338759],[77.9815529,30.3387671],[77.9815606,30.3387747],[77.9815703,30.3387812],[77.9818272,30.3389221],[77.981841,30.3389249],[77.9818529,30.3389227],[77.9818618,30.3389172],[77.9821954,30.3384388],[77.9822048,30.3384082],[77.9822021,30.3383875],[77.9821804,30.338356],[77.9820274,30.3382638]]}},{"type":"Feature","properties":{"c":"service"},"geometry":{"type":"LineString","coordinates":[[77.9835092,30.3375583],[77.9838014,30.3375623],[77.984289,30.3375907],[77.984615,30.3376806],[77.9848889,30.337794],[77.9851581,30.3380122],[77.9852436,30.3381077],[77.985255,30.3381363],[77.9852558,30.3381671],[77.9852485,30.3381918],[77.9850696,30.3385562],[77.9848003,30.3390797]]}},{"type":"Feature","properties":{"c":"service"},"geometry":{"type":"LineString","coordinates":[[78.0097579,30.3462628],[78.0070452,30.3473174],[78.0063999,30.3475686],[78.0048262,30.348231],[78.0045433,30.3482209],[78.0044911,30.348219],[78.0038202,30.348195],[78.0034086,30.3481803],[78.002561,30.3481499],[78.0017429,30.3481206],[78.0017058,30.3481193],[78.00127,30.3481004],[78.0006729,30.3480746],[78.000147,30.3480611],[77.9997359,30.3480505],[77.9986165,30.3480218],[77.9978443,30.3479943],[77.9977717,30.347991],[77.9973758,30.3479727],[77.996536,30.3479341],[77.9949203,30.3478179]]}},{"type":"Feature","properties":{"c":"service"},"geometry":{"type":"LineString","coordinates":[[78.0008231,30.3458206],[78.0006729,30.3480746],[78.0006761,30.3485633]]}},{"type":"Feature","properties":{"c":"service"},"geometry":{"type":"LineString","coordinates":[[78.0008231,30.3458206],[78.00092,30.344256],[78.0010191,30.3426566]]}},{"type":"Feature","properties":{"c":"service"},"geometry":{"type":"LineString","coordinates":[[77.9943565,30.3403773],[77.992352,30.33935],[77.988086,30.3371105],[77.9862785,30.3361616],[77.9850082,30.3354947]]}},{"type":"Feature","properties":{"c":"service"},"geometry":{"type":"LineString","coordinates":[[77.9943565,30.3403773],[77.9944853,30.3404634],[77.9946957,30.3406039],[77.9948599,30.3407573]]}},{"type":"Feature","properties":{"c":"service"},"geometry":{"type":"LineString","coordinates":[[77.9949035,30.3403184],[77.9947436,30.3403878],[77.9945715,30.3404105],[77.9943565,30.3403773]]}},{"type":"Feature","properties":{"c":"service"},"geometry":{"type":"LineString","coordinates":[[77.992677,30.3422768],[77.9922802,30.3423553],[77.9919537,30.3424765],[77.9916148,30.3426834],[77.9912965,30.342951],[77.9911147,30.3432007],[77.9909783,30.3436109],[77.9909569,30.3438118],[77.9909452,30.3439212],[77.9910031,30.3442601],[77.9911395,30.3445419],[77.9914288,30.3449164],[77.9917718,30.345159],[77.9921025,30.3453409],[77.9927886,30.3454622],[77.9936029,30.3454907],[77.9945896,30.3455093]]}},{"type":"Feature","properties":{"c":"service"},"geometry":{"type":"LineString","coordinates":[[77.9967339,30.3446253],[77.9966727,30.3456614],[77.9965929,30.3468897],[77.996536,30.3479341]]}},{"type":"Feature","properties":{"c":"service"},"geometry":{"type":"LineString","coordinates":[[77.9950091,30.3384695],[77.9941626,30.3383811],[77.99344,30.3379818],[77.9928402,30.3376891],[77.9901403,30.3362983],[77.9891336,30.3357487],[77.9879949,30.3351783],[77.9874632,30.3349449],[77.9874399,30.3349375],[77.9874194,30.334935]]}},{"type":"Feature","properties":{"c":"service"},"geometry":{"type":"LineString","coordinates":[[77.9988098,30.3447193],[77.9987725,30.3457532],[77.9986165,30.3480218]]}},{"type":"Feature","properties":{"c":"service"},"geometry":{"type":"LineString","coordinates":[[78.0008231,30.3458206],[78.0045662,30.3459855],[78.0059535,30.3460466],[78.0064714,30.346077],[78.0097579,30.3462628]]}},{"type":"Feature","properties":{"c":"service"},"geometry":{"type":"LineString","coordinates":[[77.9993923,30.3386356],[77.9994409,30.337764],[77.9994775,30.3369383]]}},{"type":"Feature","properties":{"c":"service"},"geometry":{"type":"LineString","coordinates":[[77.9953884,30.3327985],[77.9972298,30.3328911],[77.9972683,30.3329039],[77.9973009,30.3329343],[77.9973078,30.3329657],[77.9969176,30.3385144]]}},{"type":"Feature","properties":{"c":"service"},"geometry":{"type":"LineString","coordinates":[[77.9946623,30.34397],[77.9960042,30.3440202],[77.9960531,30.3440341]]}},{"type":"Feature","properties":{"c":"service"},"geometry":{"type":"LineString","coordinates":[[77.9945896,30.3455093],[77.9946623,30.34397],[77.9947396,30.3423767],[77.9948599,30.3407573],[77.9949035,30.3403184],[77.9949125,30.340206],[77.9950041,30.3385909],[77.9950091,30.3384695]]}},{"type":"Feature","properties":{"c":"service"},"geometry":{"type":"LineString","coordinates":[[78.0060153,30.3444753],[78.0023336,30.3443168],[78.00092,30.344256]]}},{"type":"Feature","properties":{"c":"service"},"geometry":{"type":"LineString","coordinates":[[78.0064714,30.346077],[78.0063999,30.3475686]]}},{"type":"Feature","properties":{"c":"service"},"geometry":{"type":"LineString","coordinates":[[78.0012769,30.338727],[78.0013241,30.3380279],[78.0014073,30.336954]]}},{"type":"Feature","properties":{"c":"service"},"geometry":{"type":"LineString","coordinates":[[78.005616,30.3429031],[78.004836,30.3439143]]}},{"type":"Feature","properties":{"c":"service"},"geometry":{"type":"LineString","coordinates":[[78.0097579,30.3462628],[78.0106966,30.346332],[78.0108101,30.3463397],[78.010982,30.3463513],[78.0113292,30.3463686],[78.0114133,30.3463739]]}},{"type":"Feature","properties":{"c":"service"},"geometry":{"type":"LineString","coordinates":[[77.99526,30.3455484],[77.9952203,30.34583],[77.9951965,30.3458777],[77.9951574,30.3459071],[77.9949108,30.3458968],[77.9948488,30.3458616],[77.994825,30.3458124],[77.9948351,30.3455236]]}},{"type":"Feature","properties":{"c":"tertiary"},"geometry":{"type":"LineString","coordinates":[[77.9554505,30.4153134],[77.9538077,30.4158881],[77.9528081,30.4161899],[77.9527484,30.4161932],[77.9518987,30.4162201],[77.9510027,30.4162682],[77.9508866,30.4162839],[77.9507379,30.4163212],[77.9504629,30.4164132],[77.9502819,30.4164687],[77.9501904,30.416485],[77.9501042,30.4164892],[77.9500078,30.4164758],[77.9499134,30.4164535],[77.9496931,30.4163671],[77.9494446,30.4162484],[77.9489192,30.415957],[77.9486165,30.4157971],[77.9484915,30.4157198],[77.9483975,30.4156211],[77.9483088,30.4154792],[77.9481918,30.4153534],[77.947972,30.4151464],[77.9471179,30.4143414],[77.9463817,30.4137007],[77.9458053,30.4131135],[77.9457521,30.4130693],[77.9449945,30.4126046],[77.9439319,30.4120579],[77.9430521,30.4116073],[77.9421079,30.4111138],[77.9412714,30.4106594],[77.94122,30.4106315],[77.9404204,30.4101392],[77.9402689,30.410046],[77.939667,30.4096852],[77.939619,30.4096483],[77.939422,30.4094681],[77.9392689,30.4093211],[77.9387451,30.4088182],[77.9387006,30.4087759],[77.9386504,30.4087281],[77.9384323,30.4085206],[77.9382375,30.4083353],[77.9381702,30.4082713],[77.9380218,30.4081301],[77.9379463,30.4080602],[77.9378481,30.4079694],[77.9376179,30.4077564],[77.937456,30.4076067],[77.9373443,30.4075034],[77.937188,30.4073484],[77.9370103,30.4071722],[77.9368199,30.4069833],[77.936722,30.4068862],[77.9366832,30.4068493],[77.935971,30.4061718],[77.9356338,30.4058434],[77.9355364,30.4057485],[77.9352898,30.4055083],[77.9351073,30.4053409],[77.9349802,30.4052243],[77.9346224,30.404896],[77.9344743,30.4047602],[77.9344186,30.404707],[77.9343059,30.4045993],[77.9342664,30.4045616],[77.9341307,30.404432],[77.933785,30.4040829],[77.9336457,30.4039668],[77.9335189,30.4038612],[77.9330904,30.4034765],[77.9327793,30.4032462],[77.932302,30.4029307],[77.9320094,30.4027373],[77.9312879,30.4021283],[77.9311928,30.4020444],[77.9310344,30.4019045],[77.9307427,30.401647],[77.9305074,30.4014393],[77.9297831,30.4007563],[77.9294534,30.4004567],[77.9291218,30.4001079],[77.9288498,30.3997935],[77.9287688,30.3997257],[77.9287532,30.3997126],[77.9286781,30.3996709],[77.9285731,30.3996313],[77.9285254,30.3996258],[77.9281357,30.3995808],[77.927109,30.3994623],[77.9270075,30.3994543],[77.9260147,30.3993764],[77.9256073,30.3993331],[77.9250062,30.3992691],[77.9239333,30.3991404],[77.9228497,30.3989509],[77.9227594,30.398946],[77.922726,30.3989442],[77.9226887,30.3989422],[77.9225117,30.3989538],[77.9224837,30.3989669],[77.9223883,30.3990116],[77.9222365,30.3991229],[77.9220875,30.3992366],[77.9219002,30.3993679],[77.9217848,30.3994303],[77.9216026,30.3994588],[77.9214656,30.3994373],[77.9208756,30.3992075],[77.9208202,30.3991868],[77.9198113,30.3988365],[77.9196224,30.3987772],[77.9188323,30.3985075],[77.9181006,30.3982194],[77.9179467,30.3981588],[77.9179156,30.3981466],[77.9174611,30.3979913],[77.9171011,30.3978718],[77.9169783,30.3978212],[77.9166444,30.3976889]]}},{"type":"Feature","properties":{"c":"tertiary"},"geometry":{"type":"LineString","coordinates":[[77.9166444,30.3976889],[77.9153985,30.397324],[77.9135138,30.3967975],[77.9126166,30.3965468],[77.912079,30.3963966],[77.9108096,30.396042],[77.9107355,30.3960249],[77.9106459,30.3960115],[77.9101016,30.3959864],[77.9089867,30.395935],[77.9086717,30.3959205],[77.9081545,30.3958967],[77.9072593,30.3958554],[77.90706,30.3958462],[77.9064855,30.3958206],[77.9061301,30.3958047],[77.9057122,30.3957861],[77.9045093,30.395723],[77.9033291,30.395667],[77.9015871,30.3955868],[77.9011571,30.395567],[77.9001445,30.3955203],[77.899697,30.3954997],[77.898978,30.3954789],[77.8986105,30.3954627],[77.8984199,30.3954333],[77.8983681,30.3954254],[77.8982592,30.3953956],[77.8982026,30.3953705],[77.8981706,30.3953562],[77.8980785,30.3953138],[77.8976044,30.395046],[77.8942313,30.3934709],[77.894073,30.393397],[77.8931214,30.3929526],[77.8928078,30.3928062],[77.8920115,30.3924344],[77.8909652,30.3919458],[77.8902548,30.3916041],[77.8902307,30.3915925],[77.8892419,30.3911498],[77.8884083,30.3907766],[77.8883248,30.3906925],[77.8883027,30.3906391],[77.8883158,30.3905891],[77.8883457,30.3905376],[77.8887911,30.3901526],[77.8889996,30.3899448],[77.8890755,30.3898501],[77.8890984,30.389789],[77.8890972,30.389726],[77.8890649,30.3896722],[77.8884622,30.3891642],[77.8884127,30.3890966],[77.8883914,30.3890414],[77.8883908,30.3889742],[77.8884092,30.3889007],[77.888543,30.3886537],[77.8887586,30.3883062],[77.8891864,30.3876778],[77.8894447,30.3873171],[77.8903809,30.3860035],[77.8904171,30.3859532],[77.8904851,30.3858748],[77.8905556,30.3858092],[77.890663,30.3857126],[77.8907153,30.3856656],[77.8907869,30.3855893],[77.8908382,30.38552],[77.8908779,30.3854391],[77.8909017,30.3853583],[77.8909175,30.3852705],[77.8909593,30.3850237],[77.8909929,30.384798],[77.8910927,30.3843607],[77.8912311,30.3839203],[77.8912786,30.3837787],[77.8913106,30.3836894],[77.8913389,30.3835773],[77.8913588,30.3834641],[77.8913989,30.3831949],[77.8914295,30.3830542],[77.8914813,30.3828677],[77.8915297,30.3826828],[77.8915638,30.3825192],[77.8916286,30.3822012],[77.8916593,30.3820527],[77.8916708,30.3819255],[77.8916697,30.3818904],[77.8916682,30.381854],[77.8916589,30.3818049],[77.8916449,30.3817578],[77.8916267,30.3817158],[77.8915974,30.3816676],[77.8910609,30.380861],[77.8909256,30.3806592],[77.8904365,30.3799272],[77.8901526,30.3795204],[77.8900287,30.3793351],[77.8899028,30.3791501],[77.8898114,30.3789985],[77.8897119,30.3788153],[77.8894525,30.3782731],[77.8893318,30.3780235],[77.8892031,30.3777979],[77.8891366,30.3777066],[77.8891025,30.3776598],[77.8890869,30.3776384],[77.8890135,30.3775575],[77.8885898,30.3770893],[77.8881165,30.3765601],[77.8880835,30.3765231],[77.887131,30.3754554],[77.886426,30.3746687],[77.8859371,30.3741232],[77.8854561,30.3735865],[77.885376,30.3734943],[77.8851715,30.3732589],[77.8846652,30.3726896],[77.8845812,30.3725952],[77.8844528,30.3724479],[77.8843694,30.3723522],[77.8842771,30.3722463],[77.8841946,30.3721517],[77.8839733,30.371898],[77.8837917,30.3716917],[77.8836581,30.3715492],[77.8832786,30.3711442],[77.8831255,30.3709809],[77.8827478,30.3706],[77.8823424,30.3702062],[77.882172,30.3700195],[77.8815732,30.3694444],[77.8813882,30.3692667],[77.881126,30.3690226],[77.8802482,30.3681861],[77.8799507,30.3678869],[77.8793648,30.3672975],[77.8792215,30.3671534],[77.8786697,30.366579],[77.878181,30.3660713],[77.8780211,30.3659097],[77.8776655,30.3655503],[77.8773898,30.3652831],[77.8771392,30.3650034],[77.8769174,30.3647321],[77.8766864,30.3644349],[77.8762437,30.3638455],[77.8761631,30.3637457],[77.8758599,30.3633359],[77.8757665,30.3632097],[77.8754322,30.3627262],[77.8753598,30.362633],[77.8752529,30.3624839],[77.8749552,30.3620628],[77.8746542,30.3616399],[77.8744155,30.3612942],[77.8743381,30.3611822],[77.8740603,30.3607817],[77.8737865,30.3603806],[77.8734434,30.359878],[77.8729432,30.3591451],[77.8728844,30.3590656],[77.872819,30.3589814],[77.8727142,30.3588549],[77.8726216,30.3587473],[77.8725078,30.3586353],[77.8724131,30.3585612],[77.8723508,30.3585232],[77.8722723,30.3584852],[77.8721485,30.3584291],[77.8719496,30.358347],[77.871807,30.3582829],[77.871687,30.3582051],[77.8716111,30.3581449],[77.8715243,30.3580535],[77.8714168,30.3577952],[77.8713637,30.3576677],[77.8712486,30.3574505],[77.8710962,30.3572393],[77.8710401,30.3571478],[77.870984,30.3570298],[77.8709486,30.3569378],[77.8709296,30.3568344],[77.8709234,30.3567398],[77.8709318,30.3566183],[77.8709758,30.3564403],[77.8710414,30.3562312],[77.8710472,30.3561656],[77.8710494,30.3560954],[77.8710357,30.3559899],[77.871003,30.3559137],[77.8709468,30.3558352],[77.8708363,30.3557212],[77.8705707,30.3555342],[77.8703009,30.3553773],[77.8701062,30.3552542],[77.8699809,30.3551602],[77.8699265,30.3551077],[77.8698471,30.3550311],[77.8696621,30.3548253],[77.8680394,30.3531482],[77.8670901,30.3521675],[77.866997,30.3520825],[77.8668958,30.3520113],[77.8668022,30.3519768],[77.8663838,30.3518981],[77.8659034,30.3518258],[77.8657347,30.3517949],[77.865628,30.3517549],[77.8654719,30.3516422],[77.8649133,30.3510859]]}},{"type":"Feature","properties":{"c":"residential"},"geometry":{"type":"LineString","coordinates":[[77.9083899,30.4066419],[77.9075499,30.4081673],[77.9075157,30.4082252],[77.9074342,30.408305],[77.9073652,30.4083249],[77.9073129,30.4083253],[77.9071975,30.4083261],[77.9071021,30.4083384],[77.9070786,30.4083414],[77.9069221,30.4083719],[77.9057547,30.4087141],[77.9056836,30.4087528],[77.9056269,30.4088215],[77.9056092,30.4088963],[77.9056023,30.4090682],[77.9055571,30.4094275],[77.9054904,30.4097915],[77.9054545,30.410312],[77.9054732,30.4104507],[77.9055065,30.4105791],[77.9055655,30.4106927],[77.9057221,30.4108976],[77.9060791,30.4113114],[77.90625,30.4114556],[77.9065676,30.4117389],[77.9070532,30.4121173],[77.9071215,30.4121871],[77.9071595,30.4122611],[77.9071641,30.4123235],[77.9071796,30.4127574],[77.9071877,30.4128188],[77.9072264,30.4129023],[77.9073077,30.4130237],[77.9075304,30.4133232],[77.9075662,30.4133889],[77.9075815,30.4134358],[77.9075803,30.4134628],[77.9075685,30.4134986],[77.9075483,30.4135345],[77.9074737,30.4136326],[77.907358,30.413756],[77.9073235,30.4137912],[77.907271,30.413845],[77.9071854,30.413929],[77.9070972,30.4140221],[77.9070207,30.4141027],[77.906981,30.4141575],[77.9069515,30.4142257],[77.906939,30.4142689],[77.9069301,30.4143277],[77.9069295,30.4144007],[77.9069332,30.4144782],[77.9069248,30.4145275],[77.9069092,30.4145675],[77.9068428,30.4146873],[77.9065869,30.4149903],[77.906543,30.4150525],[77.9063471,30.4153301],[77.9062323,30.4154926],[77.9059176,30.4159151],[77.9058855,30.4159587],[77.9054176,30.4166195],[77.9053859,30.4166727],[77.905368,30.4167131],[77.905352,30.4167567],[77.9053541,30.4168112],[77.9053617,30.416894],[77.9054657,30.417366],[77.9054733,30.4174283],[77.9055021,30.4175334],[77.9055718,30.417627],[77.9056567,30.4177101],[77.9057755,30.4178006],[77.9059009,30.4178747],[77.906075,30.4179627],[77.9062353,30.4180248],[77.9065312,30.4181421],[77.9068851,30.4182369],[77.9072041,30.4182838],[77.9073731,30.4182811],[77.9075128,30.4182901],[77.9076844,30.4183132],[77.9079741,30.418356],[77.9084002,30.4184205],[77.9084864,30.4184335],[77.9086661,30.4184389],[77.9093957,30.4183745],[77.9095646,30.4183792],[77.9101682,30.418396],[77.910549,30.4184034],[77.9107546,30.4184197],[77.9108119,30.4184243],[77.9109192,30.4184389],[77.9109889,30.4184613],[77.9111391,30.4185353],[77.9112303,30.4185746],[77.911351,30.4186162],[77.9114422,30.4186324],[77.9115146,30.4186324],[77.9116058,30.4186106],[77.9117748,30.4185839],[77.9118879,30.4185686],[77.9120564,30.4185561],[77.9121932,30.4185654],[77.9122898,30.4185862],[77.9129335,30.4188895],[77.9131052,30.4189539],[77.913309,30.419021],[77.9136255,30.4191173],[77.914288,30.4192758],[77.9144806,30.41933],[77.9149747,30.4194689],[77.9152429,30.4195669],[77.9153502,30.4196178],[77.9154601,30.4196738],[77.9155889,30.4197612],[77.9156855,30.4198491],[77.9158545,30.4200387],[77.9160717,30.4202692],[77.916171,30.4203718],[77.9162514,30.4204412],[77.9163909,30.4205221],[77.9165706,30.4206107],[77.9167476,30.420691],[77.9169354,30.4207673],[77.9171624,30.420848],[77.9173055,30.420899],[77.9176065,30.4210049],[77.9176542,30.4210217],[77.9180271,30.4211419],[77.9182955,30.4212317],[77.9187056,30.4213688],[77.9188076,30.4214172],[77.9189363,30.4215005],[77.9190275,30.4215838],[77.9191321,30.4216879],[77.9192019,30.4217827],[77.919226,30.421866],[77.9192421,30.4219538],[77.9192689,30.4220533],[77.9193065,30.4221389],[77.919395,30.4222568],[77.9194808,30.4223436],[77.9195452,30.4224072],[77.9196471,30.4224604],[77.9197249,30.4224951],[77.9198348,30.4225274],[77.920087,30.4225806],[77.9202131,30.4226078],[77.9204974,30.422657],[77.9205698,30.4226847],[77.9206207,30.4227472],[77.9206583,30.422865],[77.9206744,30.423256],[77.9206824,30.42333],[77.92072,30.4234249],[77.9207709,30.423522],[77.9208313,30.4236009],[77.9210244,30.4238215],[77.9211223,30.4239025],[77.921188,30.4239476],[77.9212644,30.4239665],[77.9213235,30.4239718],[77.9213718,30.4239661],[77.9214227,30.4239533],[77.921471,30.423936],[77.9216064,30.4238747],[77.9220664,30.4236849],[77.9221335,30.4236862],[77.9221804,30.4236943],[77.922222,30.4237151],[77.9222877,30.4237938],[77.9223266,30.423847],[77.9223908,30.423927],[77.9225292,30.4240661],[77.9230804,30.4245213],[77.9233593,30.4247594],[77.9234692,30.4248403],[77.9235497,30.4248556],[77.9236194,30.4248403],[77.9236597,30.4247871],[77.9236785,30.4247316],[77.9236678,30.4245091],[77.9236704,30.424387],[77.9236785,30.4243222],[77.9236919,30.4242575],[77.9237214,30.4242043],[77.9237965,30.4241488],[77.9238689,30.4241303],[77.9239413,30.4241395],[77.9241317,30.4241836],[77.924585,30.4243107],[77.924907,30.4243998],[77.925328,30.424505],[77.9254916,30.4245697],[77.9255694,30.4246275],[77.9256177,30.4247046],[77.9256794,30.4248126],[77.9257169,30.4249444],[77.9257947,30.4250184],[77.9258645,30.42506],[77.9260334,30.4251456],[77.9260938,30.4251896],[77.9261354,30.4252428],[77.9261526,30.4252902],[77.9261609,30.4253376],[77.9261595,30.4254232],[77.9261729,30.4255226],[77.9262152,30.4255932],[77.9262547,30.4256255],[77.9263312,30.4256562],[77.9265511,30.4257238],[77.9268005,30.4258256],[77.9268917,30.4258672],[77.9270849,30.4259204],[77.9272324,30.4259736],[77.9274882,30.4261306],[77.9277037,30.4262637],[77.9278569,30.4263718],[77.9279888,30.4264853],[77.9282677,30.4267276],[77.9284541,30.4269152],[77.9284833,30.4269554],[77.9285035,30.4269994],[77.9285523,30.4273168],[77.9286464,30.4277266],[77.9287931,30.4281478],[77.9288259,30.4282146],[77.9288658,30.4282601],[77.9293494,30.4287156],[77.9298652,30.4291842],[77.9300481,30.4293504],[77.9302029,30.4294995],[77.9303852,30.4296609],[77.9304524,30.4297093],[77.9305355,30.42975],[77.930776,30.4298674],[77.9317417,30.4303288],[77.9320915,30.4305454],[77.9324659,30.4308097],[77.9325305,30.4308554],[77.9332244,30.431548],[77.9339432,30.4323308],[77.93403,30.4323803],[77.9353506,30.4329247],[77.935498,30.4330201],[77.9355746,30.4330832],[77.93563,30.4331288],[77.9356588,30.4331638],[77.9356891,30.4332213],[77.9357574,30.4334293],[77.9357726,30.4334597],[77.9358518,30.4335694],[77.9359311,30.4336629],[77.9361505,30.4338731],[77.9362601,30.4340096],[77.9363443,30.4341347],[77.9364404,30.4342836],[77.9364565,30.4343224],[77.9364757,30.434369],[77.9364711,30.4344014],[77.9364596,30.4344404],[77.9362371,30.4346987],[77.9360268,30.4349117],[77.9358483,30.4351248],[77.9355736,30.4356738],[77.935379,30.4360109],[77.9353451,30.4360447],[77.9352885,30.4360708],[77.9348878,30.4362435],[77.9347016,30.4363547],[77.9346625,30.4363726],[77.9346095,30.436382],[77.934351,30.4364295],[77.9342485,30.4364629],[77.9341875,30.4364741],[77.9341365,30.4364752],[77.934102,30.4364693],[77.9340549,30.4364565],[77.9339493,30.4363004],[77.9338491,30.4361835],[77.9338306,30.4361725],[77.9338081,30.4361645],[77.9337833,30.4361606],[77.9337574,30.4361608],[77.9332101,30.4363077],[77.9329319,30.4363644],[77.9327633,30.4363984],[77.9327122,30.4364137],[77.9326721,30.4364402],[77.9325933,30.4366113],[77.9325354,30.4367112],[77.9324739,30.4367856],[77.9323906,30.4368931],[77.9323164,30.4369945],[77.9322765,30.4370197],[77.9322257,30.4370303],[77.9321548,30.437033],[77.9316424,30.4369927],[77.9311318,30.436877],[77.9310702,30.4368614],[77.9310126,30.4368528],[77.9309252,30.4368563],[77.9308607,30.4368709],[77.9308304,30.4368806],[77.9307942,30.4368924],[77.9303155,30.4371139],[77.9302579,30.4371369],[77.9299698,30.4372954],[77.9296984,30.4374748],[77.9296807,30.4374849],[77.9296582,30.4374951],[77.9294285,30.4375436],[77.9291859,30.4375709],[77.9286545,30.4375973],[77.9285142,30.4376134],[77.9283335,30.4376747],[77.9281743,30.4377452],[77.9277817,30.4379275],[77.9277234,30.4379601],[77.9276669,30.4380071],[77.9274752,30.4382066],[77.9274285,30.4382686],[77.9273622,30.438368],[77.9272593,30.4385185]]}},{"type":"Feature","properties":{"c":"residential"},"geometry":{"type":"LineString","coordinates":[[77.9616096,30.4211483],[77.9615223,30.4212527],[77.961502,30.4212678],[77.9614741,30.4212803],[77.9613283,30.4213227],[77.9612968,30.4213337],[77.9610519,30.421461],[77.960823,30.4216231],[77.9605945,30.4217659],[77.9603557,30.4218585],[77.9602273,30.4218944],[77.9600077,30.421956],[77.9598265,30.422036],[77.9597176,30.4220616],[77.9596119,30.4220865],[77.9589692,30.4221886],[77.9589339,30.4221942],[77.958796,30.4222167],[77.958755,30.4222275],[77.9587188,30.4222434],[77.9585098,30.4223943],[77.9584652,30.4224198],[77.958434,30.422432],[77.9583944,30.4224406],[77.9583491,30.4224371],[77.9582586,30.4224222],[77.9578987,30.4223554],[77.95785,30.4223496],[77.9575241,30.422352],[77.9572854,30.422357],[77.9570092,30.4223878],[77.956574,30.4224552],[77.9563969,30.4224898],[77.9563861,30.4224906],[77.9563749,30.4224898],[77.9563633,30.4224868],[77.9563516,30.4224827],[77.9562393,30.4224233],[77.955878,30.4222903],[77.9556958,30.4222163],[77.9555034,30.4221344],[77.9554359,30.4220993],[77.955395,30.4220686],[77.9553809,30.4220581],[77.9553047,30.421984],[77.9552826,30.4219558],[77.9552611,30.4219149],[77.9552526,30.4218817],[77.9552595,30.421837],[77.9552802,30.421782]]}},{"type":"Feature","properties":{"c":"tertiary"},"geometry":{"type":"LineString","coordinates":[[77.9777582,30.3749786],[77.9773843,30.3753054],[77.9768547,30.3757682],[77.9763889,30.3762514],[77.976382,30.3762845],[77.9763753,30.3763163],[77.9762578,30.3768754],[77.976179,30.3772801],[77.9761291,30.3775191],[77.9760557,30.3780505],[77.9760432,30.3781414],[77.9759829,30.3786753],[77.9759882,30.3787713],[77.9760124,30.3788696],[77.9761319,30.3791212],[77.9762578,30.379386],[77.976281,30.3794353],[77.9764,30.3796876],[77.9764375,30.3798149],[77.9764295,30.3799438],[77.976172,30.3805447],[77.9759118,30.3810679],[77.9758716,30.381124],[77.9758045,30.3811743],[77.975366,30.3814196],[77.9752922,30.3814673],[77.9752412,30.3815445],[77.9749489,30.3820467],[77.9746485,30.3825831],[77.9744473,30.3830335],[77.974391,30.383184],[77.9743722,30.3833297],[77.974391,30.3838491],[77.974332,30.3842043],[77.9742622,30.384407],[77.9739511,30.3847642],[77.973876,30.3848791],[77.9738545,30.3850257],[77.9739109,30.3854514],[77.9739029,30.3855013],[77.9738706,30.385537],[77.9734457,30.3857668],[77.9733869,30.3858111],[77.9733456,30.3858522],[77.9733016,30.3859127],[77.9732719,30.3859655],[77.9731351,30.3863214],[77.9730522,30.3864919],[77.9730068,30.3865513],[77.9729681,30.3865837],[77.972903,30.3866071],[77.9728302,30.386607],[77.9724016,30.386537],[77.9721719,30.3865036]]}},{"type":"Feature","properties":{"c":"tertiary"},"geometry":{"type":"LineString","coordinates":[[77.9688157,30.3964262],[77.968945,30.3969462],[77.9689468,30.3969578],[77.9689815,30.3971829],[77.9689951,30.3973545],[77.9690541,30.397774],[77.9690759,30.3978771],[77.9691565,30.3982589],[77.9692095,30.3986146],[77.9692195,30.398682],[77.9692982,30.3991299],[77.969359,30.3994802],[77.9693687,30.3995742],[77.9693728,30.3996556],[77.9693594,30.3997059],[77.9693441,30.3997383],[77.9693234,30.399782],[77.969207,30.399965],[77.9690677,30.4001496],[77.9689301,30.4003105],[77.9688607,30.4003922],[77.9688234,30.4004471],[77.9687955,30.4005078],[77.9687783,30.4005612],[77.9687719,30.4006284],[77.9687726,30.4007734],[77.9688015,30.4012503],[77.9688507,30.4017062],[77.9689672,30.4023274],[77.9689781,30.4023825],[77.9689869,30.4024107],[77.9691299,30.4027784],[77.9691983,30.4030418],[77.9693308,30.4035227],[77.9694718,30.4039522],[77.9695718,30.4042157],[77.9696489,30.404419],[77.9696752,30.4045068],[77.9697776,30.404848],[77.9698086,30.4049682],[77.9699144,30.4053787],[77.9699872,30.4058311],[77.9700546,30.4061447],[77.9701466,30.4065062],[77.9701625,30.4065898],[77.9701753,30.4066894],[77.9701774,30.4068033],[77.9701595,30.4069703],[77.9701123,30.4073009],[77.9700337,30.4075815],[77.9700318,30.4077424],[77.9700413,30.4078461],[77.9700549,30.4079481],[77.9700807,30.4081476],[77.9700791,30.4083654],[77.9700755,30.4084428],[77.9700603,30.4086011],[77.970035,30.4087609],[77.9699962,30.4089071],[77.9699727,30.408983],[77.9699424,30.4090415],[77.9699088,30.40908],[77.9698668,30.409117],[77.9698204,30.4091471],[77.9697391,30.4091883],[77.9694774,30.4092887],[77.9694362,30.4093114],[77.9693844,30.4093417],[77.9693327,30.4093821],[77.9692569,30.4094641],[77.9690794,30.4096884],[77.9690629,30.4097127],[77.9689231,30.4099187],[77.968635,30.4103791],[77.9684928,30.4105977],[77.9684861,30.4106114],[77.9683871,30.4108129],[77.9680381,30.4114917],[77.967498,30.4124096],[77.9670936,30.4131555],[77.9670153,30.413308],[77.9668763,30.4135789],[77.9666617,30.4139397],[77.9665411,30.4141425],[77.9661994,30.4147654],[77.9660219,30.4151614],[77.9659955,30.4152655],[77.965969,30.4153972],[77.9659526,30.4155221],[77.9659402,30.4157123],[77.965647,30.4166928],[77.9653698,30.4173588],[77.9653679,30.4173838],[77.9653713,30.4174081],[77.965577,30.4180067],[77.9655789,30.4180295],[77.9655738,30.418052],[77.9655618,30.4180718],[77.9655451,30.4180887],[77.9655172,30.418101],[77.9654867,30.4181119],[77.9654553,30.4181178],[77.9654312,30.4181207],[77.9654025,30.4181175],[77.9653698,30.4181077],[77.9653485,30.4180932],[77.9653324,30.4180728],[77.9651199,30.4174613],[77.9650865,30.4174161],[77.9647605,30.4170602],[77.9644344,30.4167766],[77.9641799,30.4165755],[77.963865,30.4163353],[77.96307,30.4155246],[77.9624215,30.4148394],[77.9614142,30.4137694],[77.9614082,30.4137616],[77.9614004,30.4137575],[77.9613914,30.4137551],[77.9613764,30.4137537],[77.9610312,30.4137725],[77.9609455,30.4137649],[77.9608597,30.4137439],[77.9607936,30.4137158],[77.960724,30.4136817],[77.9606267,30.413622],[77.9605018,30.4135285],[77.9604231,30.41346],[77.9603804,30.4134362],[77.9591789,30.4131334],[77.9591269,30.4131065],[77.9590628,30.413064],[77.9586012,30.4125701],[77.9580756,30.411846],[77.9580437,30.4117795],[77.9577834,30.4111527],[77.9577785,30.4111472],[77.957774,30.4111451],[77.9577678,30.411144],[77.9577607,30.4111454],[77.9577537,30.4111485],[77.9574559,30.411417],[77.9574502,30.4114356],[77.9574553,30.4114558],[77.9577614,30.4119608],[77.9577817,30.4120229],[77.9581088,30.4128245],[77.95847,30.4137437],[77.9584724,30.4137633],[77.9584658,30.4137881],[77.9584562,30.413802],[77.9583966,30.4138888],[77.9583005,30.4139846],[77.9580926,30.4141777],[77.9580088,30.4142388],[77.9575957,30.4144897],[77.9567206,30.4149005],[77.956673,30.4149202],[77.9566336,30.4149342],[77.9565918,30.4149423],[77.9565058,30.4149519],[77.9564371,30.4149637],[77.9563826,30.4149901],[77.9563071,30.4150472],[77.9562558,30.4150981],[77.9561931,30.4152005],[77.9561751,30.4152159],[77.95615,30.415227],[77.9559974,30.4154364],[77.9560197,30.4156068],[77.9560006,30.4156439],[77.9559496,30.4156549],[77.9558332,30.4156041],[77.9556818,30.4154721],[77.9555208,30.4153072],[77.955481,30.4152975],[77.9554505,30.4153134],[77.9556427,30.4155858],[77.9557629,30.4157253],[77.9558971,30.4158529],[77.9559718,30.4159198],[77.9561594,30.416018],[77.9562894,30.4160667],[77.9563914,30.4160993],[77.9564908,30.4161238],[77.9565643,30.4161471],[77.9566308,30.4161744],[77.956695,30.4162174],[77.9567477,30.4162663],[77.9567631,30.4162839],[77.9567706,30.4163076],[77.9567767,30.4163437],[77.9568053,30.4164415],[77.9568248,30.4164822],[77.9568523,30.4165206],[77.9568802,30.4165526],[77.9569362,30.4165915],[77.9570095,30.4166342],[77.9571711,30.4167182],[77.9572053,30.4167504],[77.9574578,30.4170723],[77.9576557,30.4173527],[77.9577298,30.4175064],[77.9577517,30.4175398],[77.9577937,30.4175831],[77.957849,30.4176175],[77.9579287,30.417657],[77.958022,30.4177102],[77.9580957,30.417768],[77.9584497,30.4182428],[77.9585095,30.4182986],[77.9585518,30.4183276],[77.958617,30.4183543],[77.9586824,30.4183748],[77.9587676,30.4183951],[77.9589881,30.4184258],[77.9592289,30.4184529],[77.9593212,30.4184533],[77.9596374,30.4184546],[77.9597145,30.418467],[77.959769,30.4184841],[77.9598173,30.4185119],[77.9600636,30.4187281],[77.9601063,30.4187724],[77.9602426,30.4189138],[77.9603556,30.4190669],[77.9604946,30.4192551],[77.9605598,30.4193434],[77.9608199,30.4198574],[77.9608326,30.4198826],[77.9614842,30.4209708],[77.9615755,30.4211082],[77.9616096,30.4211483],[77.9616806,30.4212097],[77.9617357,30.4212662],[77.9617838,30.4213228],[77.9618871,30.4214604],[77.9619962,30.4216181],[77.9620032,30.4216308],[77.9620062,30.421647],[77.9619912,30.4219313],[77.9619655,30.4220811],[77.9619165,30.4222389],[77.9618919,30.4224373],[77.9618881,30.4224997],[77.9620622,30.4233383],[77.9620752,30.4233633],[77.9623917,30.4237397],[77.962401,30.4237447],[77.9624138,30.4237476],[77.9624266,30.4237464],[77.9624378,30.4237439],[77.9624493,30.4237372],[77.9624541,30.4237296],[77.962457,30.4237217],[77.9624573,30.4237138],[77.9621494,30.4230228],[77.962133,30.4229499],[77.962106,30.422149],[77.9621116,30.4221376],[77.9621249,30.4221315],[77.9630537,30.4218467],[77.9630865,30.4218513],[77.9631179,30.4218663],[77.9636514,30.4227009],[77.9642308,30.4234734],[77.9648316,30.4241386],[77.9648833,30.4241882],[77.965502,30.4245818],[77.965521,30.4246043],[77.9655238,30.4246361],[77.9655216,30.4252862],[77.9655013,30.425352],[77.9645928,30.4272687],[77.9645847,30.4273129],[77.9646,30.427353],[77.9650462,30.4278078],[77.9650964,30.4278186],[77.9661834,30.427664],[77.966339,30.4276589],[77.967854,30.4278687],[77.9680084,30.4279157],[77.9681898,30.4280041],[77.9683619,30.4281468],[77.9685016,30.4283318],[77.9685844,30.4285379],[77.9686671,30.4288024],[77.9687172,30.4291159],[77.9687101,30.4291997],[77.9685223,30.4300483],[77.9685344,30.430083],[77.9685616,30.4301053],[77.9687958,30.43016],[77.9688162,30.4301847],[77.9688203,30.4302082],[77.9687456,30.4306404],[77.9687341,30.4306945],[77.968732,30.4307463],[77.9687704,30.4309288],[77.9687701,30.4309872],[77.9687508,30.4310581],[77.968727,30.4311016],[77.968688,30.4311539],[77.9686784,30.4312121],[77.9686967,30.4312641],[77.9687421,30.4313122],[77.968844,30.4314153],[77.9688642,30.4314639],[77.9688528,30.4315219],[77.9688252,30.4315638],[77.9687883,30.4315964],[77.9683553,30.4317916],[77.9682912,30.4318436],[77.9682687,30.4319001],[77.9682638,30.4319566],[77.9682868,30.4320138],[77.9685537,30.4322794],[77.9685896,30.4323108],[77.9686155,30.4323524],[77.9686129,30.4324949],[77.9685998,30.4326924],[77.968534,30.4330439],[77.9684976,30.433333],[77.9684933,30.4335702],[77.9684682,30.4338051],[77.9684507,30.4338513],[77.9683292,30.4342696],[77.9682703,30.4345979],[77.9682749,30.4346422],[77.9683015,30.434688],[77.9683384,30.4347095],[77.9683788,30.4347192],[77.9684313,30.4347199],[77.9684798,30.4347019],[77.9686687,30.4345989],[77.9687152,30.434579],[77.9687759,30.4345735],[77.9688225,30.4345857],[77.9688764,30.4346168],[77.968909,30.4346621],[77.968924,30.4346982],[77.9689786,30.4349189],[77.9689857,30.4349509],[77.968991,30.4349743],[77.9690102,30.4350043],[77.9690452,30.4350248],[77.9690915,30.4350386],[77.9691524,30.4350413],[77.9694634,30.4349953],[77.9697766,30.4349318],[77.969818,30.4349292],[77.9698649,30.4349342],[77.9705364,30.435083],[77.9706341,30.4351175],[77.9707533,30.4351914],[77.9707802,30.4352063],[77.9708259,30.4352316],[77.9708662,30.4352445],[77.9709064,30.4352483],[77.9709624,30.4352384],[77.9710105,30.4352155],[77.971216,30.4350519],[77.9712726,30.4350199],[77.9714855,30.4349593],[77.9716414,30.4349075],[77.9717407,30.4348546],[77.9718091,30.4347908],[77.9719066,30.434616],[77.9719502,30.4345632],[77.9719943,30.4345277],[77.9720409,30.4345093],[77.9721088,30.4345067],[77.9721579,30.4345166],[77.9722258,30.4345389],[77.9722979,30.4345763],[77.9723597,30.4346223],[77.9726274,30.4348818],[77.9728921,30.435164],[77.9729289,30.435225],[77.9729674,30.435314],[77.9729844,30.4354183],[77.9729853,30.4355041],[77.9729065,30.4358833],[77.97285,30.436249],[77.9727888,30.4365945],[77.9726736,30.436894],[77.9725841,30.4372117],[77.9727578,30.4374961],[77.9729316,30.4377202],[77.9733297,30.4381302],[77.9734392,30.4382117],[77.9734862,30.4382337],[77.9735597,30.4382512],[77.9736211,30.4382507],[77.9736732,30.4382365],[77.9737142,30.4382051],[77.973729,30.4381694],[77.9737323,30.4381292],[77.973757,30.4379018],[77.9737679,30.4378597],[77.9737839,30.4378198],[77.973861,30.4376585],[77.9739054,30.4375683],[77.9739379,30.4374848],[77.9739921,30.4372456],[77.9740334,30.4370719],[77.9740723,30.4369156],[77.9741204,30.4368425],[77.9741725,30.4367951],[77.9742917,30.4367258],[77.974401,30.4366783],[77.9745296,30.4366312],[77.9747437,30.4365797],[77.9749508,30.4365365],[77.9750482,30.4365263],[77.9754742,30.4364816],[77.9755358,30.4364813],[77.9755911,30.436488],[77.9756567,30.4365058],[77.975716,30.4365267],[77.975767,30.4365477],[77.9758079,30.4365537],[77.9758404,30.4365522],[77.9758741,30.4365378],[77.9758958,30.4365218],[77.97591,30.436504],[77.9759166,30.4364821],[77.9759629,30.4362803],[77.9759791,30.4362556],[77.9759973,30.4362416],[77.9760187,30.4362312],[77.9760482,30.436226],[77.9763028,30.4362108],[77.9763324,30.4361998],[77.9763452,30.4361885],[77.9763482,30.4361685],[77.9763425,30.4361446],[77.9763086,30.4360339],[77.976303,30.4360042],[77.9763085,30.4359622],[77.9764231,30.4357429],[77.9765612,30.4355484],[77.9765959,30.4355192],[77.9766306,30.4355056],[77.9766694,30.4354968],[77.9767123,30.4354999],[77.9767543,30.4355051],[77.9767823,30.4355174],[77.9768208,30.4355447],[77.9768565,30.4355768],[77.9770399,30.4357865],[77.9770941,30.4358255],[77.9771351,30.4358401],[77.9771861,30.4358429],[77.9772306,30.4358335],[77.9772545,30.4358143],[77.9772699,30.4357834],[77.9773089,30.4357173],[77.9773302,30.4356908],[77.977374,30.4356679],[77.9774303,30.4356614],[77.9775078,30.4356669],[77.9776316,30.4356979],[77.9784334,30.4360748],[77.9784746,30.4360828],[77.9785119,30.4360806],[77.978555,30.4360681],[77.9785858,30.436051],[77.9786049,30.4360289],[77.9786248,30.4360006],[77.9786331,30.4359724],[77.9786408,30.4359365],[77.9786407,30.4359056],[77.9785517,30.4355305],[77.978538,30.4354842],[77.9785372,30.435459],[77.9785464,30.4354351],[77.9785668,30.4354099],[77.9786012,30.435369],[77.9786162,30.4353349],[77.9786245,30.4352901],[77.978553,30.4349767],[77.9785535,30.4349567],[77.9785599,30.4349379],[77.9785683,30.4349204],[77.9785797,30.434908],[77.9786022,30.4348904],[77.9786199,30.4348824],[77.9786435,30.4348738],[77.9790593,30.4348116],[77.9791392,30.4348103],[77.9792141,30.4348219],[77.9793374,30.4348591],[77.9794166,30.4348789],[77.9795996,30.4349036],[77.9797697,30.4349183],[77.9799067,30.4349468],[77.9799652,30.4349557],[77.9804943,30.4349668],[77.9808384,30.4349776],[77.9810041,30.43499],[77.9811413,30.4350003],[77.9812886,30.4350226],[77.9814123,30.4350483],[77.9815161,30.4350784],[77.9815755,30.435108],[77.9817794,30.4352442],[77.9818728,30.4352896],[77.9819602,30.4353273],[77.9820085,30.4353436],[77.9820483,30.4353526],[77.9820836,30.4353543],[77.9821306,30.4353412],[77.9821544,30.4353276],[77.9822589,30.4351819],[77.982271,30.4351572],[77.9823584,30.434945],[77.9824578,30.4346398],[77.9825824,30.4342983],[77.9826356,30.4342048],[77.9826948,30.4341217],[77.9827539,30.4340449],[77.9828131,30.4339785],[77.9828769,30.4339299],[77.9829413,30.4338983],[77.9830057,30.43389],[77.9830806,30.4338925],[77.9831583,30.4339144],[77.9833105,30.4340082],[77.9834585,30.4341138],[77.9836206,30.4342],[77.9837967,30.4342727],[77.9838528,30.434286],[77.9839128,30.4342894],[77.9839621,30.4342836],[77.9840111,30.434263],[77.9840432,30.4342323],[77.9840644,30.4341875],[77.9840749,30.434148],[77.9840735,30.4341157],[77.9840017,30.4339901],[77.9839804,30.4339271],[77.9839723,30.433857],[77.9839767,30.4338016],[77.9839979,30.4337317],[77.9840705,30.4335393],[77.9840788,30.4334999],[77.9840783,30.4334681],[77.9840878,30.4333033],[77.984148,30.4331349],[77.9842237,30.432976],[77.9842993,30.4328475],[77.9843669,30.432745],[77.9844345,30.4326628],[77.9845576,30.4325417],[77.9846748,30.432456],[77.9850212,30.4322513],[77.9854058,30.4320463],[77.9855879,30.4319351],[77.9856671,30.4318941],[77.9857531,30.4318578],[77.9858381,30.431826],[77.9859019,30.4318078],[77.9859482,30.431799],[77.9859894,30.4317957],[77.9860299,30.4317966],[77.9860613,30.4318055],[77.9860918,30.4318203],[77.9861187,30.4318373],[77.9862298,30.4319079],[77.9863029,30.4319699],[77.9863805,30.4320535],[77.9865456,30.43226],[77.986721,30.4324488],[77.9870284,30.4328181],[77.9870908,30.4329048],[77.9871076,30.4329476],[77.9871733,30.4331843],[77.9871933,30.4332271],[77.9872312,30.4332776],[77.9873969,30.4334208],[77.9875003,30.4334929],[77.9877907,30.4337091],[77.9879092,30.4338315],[77.9879899,30.4339679],[77.9881677,30.434425],[77.9883583,30.4347067],[77.9885614,30.4349545],[77.9886436,30.435007],[77.9887086,30.4350288],[77.9888225,30.4350423],[77.9889154,30.4350358],[77.9889808,30.4350091],[77.9890351,30.4349538],[77.9890685,30.4348982],[77.98908,30.4348247],[77.9890729,30.4346136],[77.9890874,30.4343132],[77.9891036,30.4342212],[77.9891425,30.4341495],[77.9891881,30.434102],[77.9892453,30.4340631],[77.98958,30.4339183],[77.9896136,30.4338884],[77.9896328,30.4338503],[77.9896332,30.4338043],[77.989612,30.4337679],[77.9895754,30.4337322],[77.9892916,30.4336036],[77.9892471,30.4335786],[77.9892102,30.4335491],[77.9891938,30.4335225],[77.9891825,30.4334892],[77.9892085,30.4332758],[77.989202,30.4331946],[77.98918,30.4331435],[77.9891058,30.4330094],[77.9890858,30.4329537],[77.9890885,30.4328937],[77.9891117,30.432839],[77.9891786,30.4327397],[77.9891887,30.4327073],[77.9891866,30.4326815],[77.9891672,30.4326513],[77.9890989,30.4325693],[77.9890861,30.4325334],[77.98908,30.432488],[77.9890808,30.4323749],[77.9890882,30.432283],[77.98918,30.432047],[77.9891907,30.4320295],[77.9892063,30.4320157],[77.9892231,30.4320059],[77.989252,30.4319988],[77.9897542,30.4319566],[77.9899115,30.4319245],[77.9900621,30.4318789],[77.9902367,30.4318149],[77.9903079,30.4317774],[77.9903376,30.4317558],[77.9903625,30.4317322],[77.9904066,30.4316557],[77.9904311,30.4315983],[77.9904496,30.4315379],[77.9904533,30.4314748],[77.9904518,30.4314153],[77.9904527,30.4313945],[77.9904559,30.4313744],[77.990468,30.4313576],[77.9904876,30.4313444],[77.9905045,30.4313392],[77.9905313,30.4313386],[77.9905509,30.4313417],[77.990583,30.4313509],[77.9909126,30.4315396],[77.9909572,30.4315512],[77.9910053,30.4315541],[77.9910552,30.4315508],[77.9910982,30.4315323],[77.9911936,30.4314575],[77.9912781,30.4313778],[77.9913057,30.4313379],[77.9913611,30.4312146],[77.9914227,30.4310967],[77.9914387,30.4310746],[77.9914566,30.4310541],[77.9914752,30.4310394],[77.9914937,30.4310277],[77.9917243,30.4309192],[77.9919278,30.4308157],[77.991949,30.4307995],[77.9919663,30.4307789],[77.9919848,30.4307521],[77.9919953,30.4307161],[77.9920071,30.430665],[77.9920202,30.4306148],[77.9920512,30.4305435],[77.9920799,30.4304925],[77.9921144,30.4304432],[77.9921537,30.4304007],[77.9923726,30.4302486],[77.9924295,30.4301898],[77.992474,30.430131],[77.9925162,30.4300472],[77.9925279,30.4299726],[77.9925315,30.4299024],[77.9925275,30.429863],[77.9925153,30.429836],[77.9924927,30.429801],[77.9924842,30.4297789],[77.9924802,30.4297567],[77.9924783,30.4297264],[77.992482,30.4296793],[77.9924883,30.4296391],[77.9925037,30.4295924],[77.9925252,30.4295557],[77.992566,30.429506],[77.9926014,30.4294792],[77.9926291,30.4294643],[77.9926577,30.4294571],[77.9926788,30.4294545],[77.9927074,30.4294597],[77.9927308,30.4294694],[77.9928033,30.4295084],[77.9928977,30.4295622],[77.9930826,30.4296699],[77.9931224,30.4296983],[77.9932635,30.429849],[77.9933006,30.4298792],[77.9934263,30.4299471],[77.993522,30.4299907],[77.9935919,30.4300144],[77.9936585,30.4300247],[77.9937148,30.4300261],[77.9939445,30.4300362],[77.9939576,30.4300377],[77.9939697,30.430041],[77.9939808,30.4300478],[77.9939887,30.4300564],[77.9941245,30.4302881],[77.9941444,30.4303235],[77.9941572,30.4303384],[77.9941716,30.4303492],[77.9941931,30.4303567],[77.9942162,30.4303615],[77.9942393,30.4303626],[77.9942625,30.4303569],[77.9942805,30.4303472],[77.9942957,30.430335],[77.994319,30.4303014],[77.9943988,30.4301015],[77.9944551,30.4300172],[77.9945122,30.42995],[77.9946022,30.4298454],[77.9946437,30.4298103],[77.9946853,30.4297831],[77.9947053,30.4297735],[77.9947253,30.4297665],[77.9947453,30.4297608],[77.9947653,30.4297578],[77.9947848,30.4297563],[77.9948043,30.4297591],[77.9948218,30.4297651],[77.9948372,30.4297737],[77.9948559,30.4297864],[77.9949711,30.4298871],[77.9949979,30.4299023],[77.9950193,30.4299078],[77.9950442,30.4299073],[77.995078,30.4299044],[77.9951047,30.4298939],[77.9951292,30.4298732],[77.9951466,30.4298524],[77.9951849,30.4297697],[77.9952112,30.4296962],[77.9952186,30.4296606],[77.9952233,30.4296195],[77.9952193,30.4295948],[77.9952081,30.4295747],[77.9951833,30.4295432],[77.9951673,30.4295131],[77.9951381,30.4294281],[77.9951073,30.4293298],[77.9950796,30.4292089],[77.9950678,30.4291208],[77.9950622,30.4290221],[77.9950666,30.4289858],[77.9950954,30.4289019],[77.9951307,30.4288179],[77.9951685,30.4287434],[77.9951942,30.4287095],[77.9952503,30.4286511],[77.9952865,30.4286227],[77.9953135,30.4286051],[77.9953769,30.4285743],[77.9953975,30.4285693],[77.9954123,30.4285666],[77.995432,30.4285653],[77.9954489,30.4285655],[77.9954678,30.4285669],[77.9954855,30.4285703],[77.9955717,30.4286099],[77.9955917,30.4286153],[77.9959246,30.4286902],[77.9959515,30.428691],[77.9959732,30.4286872],[77.9959988,30.4286797],[77.9960202,30.4286722],[77.9962783,30.4285369],[77.9962894,30.4285332],[77.9963018,30.4285303],[77.9965447,30.428498],[77.9966089,30.4284834],[77.996667,30.4284669],[77.996725,30.4284487],[77.9967667,30.4284288],[77.9968354,30.4283826],[77.9968966,30.4283328],[77.9969536,30.4282832],[77.9969945,30.4282543],[77.9970359,30.4282321],[77.9974245,30.4280237],[77.9974612,30.428009],[77.997498,30.4279979],[77.9975449,30.4279866],[77.9975918,30.4279823],[77.9976401,30.427982],[77.9979781,30.4279957],[77.9981695,30.4280066],[77.9983487,30.4280241],[77.9986667,30.4280641],[77.9986954,30.4280709],[77.9987241,30.4280824],[77.9987504,30.4280936],[77.9987753,30.4281094],[77.9987944,30.428127],[77.9988563,30.4282214],[77.9988775,30.4282527],[77.9988973,30.4282713],[77.9989168,30.428279],[77.9989383,30.4282822],[77.9989611,30.4282815],[77.9989829,30.4282763],[77.9990077,30.4282582],[77.9990266,30.4282402],[77.9990768,30.4281861],[77.9992446,30.4280241],[77.9993902,30.4279235],[77.9995858,30.4278198],[77.9996308,30.4278027],[77.9996824,30.4277895],[77.9997341,30.4277816],[77.9997655,30.4277832],[77.9997911,30.4277889],[77.9998132,30.4277972],[77.9998318,30.4278084],[77.9998527,30.4278364],[77.9998646,30.4278617],[77.9999016,30.427974],[77.9999515,30.428136],[77.9999988,30.4282564],[78.000012,30.4282826],[78.0000297,30.4283033],[78.0000457,30.4283133],[78.0000663,30.4283216],[78.0000952,30.4283248],[78.0001235,30.4283198],[78.0001685,30.4283085],[78.0002142,30.4282949],[78.0003209,30.4282815],[78.0004601,30.428281],[78.0005243,30.428274],[78.000595,30.4282568],[78.0006729,30.4282315],[78.0009501,30.4281132],[78.0012062,30.4280231],[78.0012264,30.4280198],[78.001245,30.4280194],[78.0012629,30.4280236],[78.0012819,30.428033],[78.0013661,30.4280862],[78.0013862,30.4280939],[78.0014112,30.4280979],[78.0014398,30.4280912],[78.0014751,30.4280756],[78.0017151,30.4278816],[78.0017608,30.4278502],[78.0018079,30.4278259],[78.0018692,30.427809],[78.001976,30.4277966],[78.002089,30.4277975],[78.0022433,30.4278114],[78.0023954,30.4278195],[78.0024261,30.4278161],[78.0024507,30.4278068],[78.002482,30.4277883],[78.0025063,30.427765],[78.0025206,30.4277365],[78.0025213,30.4277044],[78.0025142,30.4276478],[78.0024908,30.4275582]]}},{"type":"Feature","properties":{"c":"residential"},"geometry":{"type":"LineString","coordinates":[[78.02174,30.3844172],[78.0216274,30.3841835],[78.021571,30.384047],[78.0214948,30.383841],[78.021472,30.3837716],[78.0214168,30.3836536],[78.0212387,30.3833886],[78.0211312,30.383214],[78.020926,30.3829433],[78.0207907,30.3828391],[78.0206043,30.3827327],[78.0201805,30.3825823],[78.0199096,30.3824851],[78.0197673,30.3824284],[78.0196881,30.3823821],[78.0196211,30.3823093],[78.0195408,30.382101],[78.0194094,30.3818129],[78.0193228,30.3816447],[78.0193099,30.3816197],[78.0191839,30.3814554],[78.0190594,30.3813501],[78.0188582,30.3812321],[78.0187145,30.3811095],[78.018681,30.3810424],[78.018689,30.3809603],[78.0187415,30.3806664],[78.0187751,30.380457],[78.0188046,30.3801724],[78.0188271,30.379963],[78.0188875,30.3797767],[78.018917,30.3796899],[78.0189186,30.3796159],[78.0189049,30.3795268],[78.0188247,30.3793139],[78.0187616,30.3791392],[78.0186825,30.3789217],[78.0186307,30.3787233],[78.0186035,30.3786294],[78.0185992,30.3786018],[78.0185948,30.3785578],[78.0186005,30.3784268],[78.0186109,30.3783397],[78.0186535,30.3782102],[78.0186597,30.3781477],[78.0186454,30.3780979],[78.0186126,30.37801],[78.0185864,30.3778989],[78.0185807,30.3777876],[78.018577,30.3776189],[78.0185656,30.3774899],[78.0185495,30.377358],[78.0185365,30.3772996],[78.0185113,30.3772233],[78.018461,30.3771021],[78.0184308,30.3770436],[78.0183631,30.3769519],[78.0182263,30.3767362],[78.0180708,30.376411],[78.0179662,30.3761577],[78.0178736,30.3759448],[78.0177341,30.375674],[78.0176275,30.3754941],[78.017488,30.3753038],[78.0173818,30.3751609],[78.017273,30.3750434],[78.0170971,30.3748977],[78.0169751,30.3748034],[78.0169171,30.3747559],[78.0168772,30.3747163],[78.0168596,30.3746948],[78.0168509,30.3746669],[78.0168436,30.374633],[78.0168507,30.3745659],[78.0168698,30.3744887],[78.0169469,30.3742839],[78.0169737,30.3741994],[78.0169838,30.3741294],[78.0169784,30.374058],[78.016963,30.3739987],[78.0169047,30.3738864],[78.0167997,30.3737117],[78.0166358,30.3733808],[78.0165057,30.3730904],[78.016503,30.373073],[78.0165047,30.373054],[78.0165164,30.3730091],[78.0165365,30.3729573],[78.0165587,30.3727971],[78.016559,30.3727491],[78.016554,30.3726843],[78.016501,30.3724237],[78.016495,30.3721738],[78.0164762,30.3719461],[78.0164633,30.371841],[78.0164641,30.3716626],[78.0164668,30.3714497],[78.0164507,30.3713595],[78.0164131,30.3712437],[78.0163676,30.3711743],[78.0162603,30.3711049],[78.0161369,30.3710239],[78.0160806,30.370929],[78.0160108,30.3707242]]}},{"type":"Feature","properties":{"c":"residential"},"geometry":{"type":"LineString","coordinates":[[78.0154403,30.3566794],[78.0151342,30.3569036],[78.014815,30.3572022],[78.0147347,30.357255],[78.0146005,30.3573434],[78.0141311,30.3575008]]}},{"type":"Feature","properties":{"c":"service"},"geometry":{"type":"LineString","coordinates":[[77.9967339,30.3446253],[77.9984395,30.3446976],[77.9988098,30.3447193]]}},{"type":"Feature","properties":{"c":"residential"},"geometry":{"type":"LineString","coordinates":[[78.0161422,30.3371071],[78.0146312,30.3360548]]}},{"type":"Feature","properties":{"c":"residential"},"geometry":{"type":"LineString","coordinates":[[78.0158528,30.3374744],[78.0161422,30.3371071],[78.0164853,30.3367125]]}},{"type":"Feature","properties":{"c":"residential"},"geometry":{"type":"LineString","coordinates":[[78.0158528,30.3374744],[78.015431,30.3371997],[78.0144563,30.3365251],[78.0141556,30.3363406]]}},{"type":"Feature","properties":{"c":"tertiary"},"geometry":{"type":"LineString","coordinates":[[77.9671402,30.3337168],[77.9671555,30.3342285],[77.9671816,30.3346232],[77.9671882,30.3347221],[77.9672017,30.3351397],[77.9672161,30.3355867],[77.9672251,30.3357086],[77.9672372,30.3358408],[77.9672492,30.3361949]]}},{"type":"Feature","properties":{"c":"tertiary"},"geometry":{"type":"LineString","coordinates":[[77.9699865,30.3363623],[77.9699739,30.3354102],[77.9699696,30.3350837],[77.9699644,30.3348971],[77.9699542,30.3345306],[77.9699515,30.3345058],[77.9699345,30.3343541],[77.9699149,30.334247],[77.9698755,30.3341735],[77.9697223,30.3340234],[77.969397,30.3338497],[77.9693288,30.3338355],[77.9692654,30.3338224],[77.9690912,30.3338128],[77.9688592,30.333797],[77.967271,30.3337116],[77.9671402,30.3337168],[77.9671028,30.3333643],[77.9670803,30.3333103],[77.9670172,30.3332666],[77.9669206,30.3332473],[77.966422,30.3332615],[77.9663875,30.3332632],[77.9656741,30.333297],[77.9656045,30.3332879],[77.9655578,30.3332637],[77.9655207,30.3332238],[77.9654878,30.3331245],[77.9654814,30.3328897],[77.9654333,30.3321341],[77.965427,30.3320182],[77.9654132,30.3317642],[77.9654004,30.3316594],[77.9653615,30.3313774],[77.9653554,30.3313452],[77.9653493,30.3313343],[77.965342,30.3313212],[77.9653053,30.3313139],[77.9652543,30.3313142],[77.9647229,30.3313633],[77.9645655,30.3313778],[77.9641199,30.3314088],[77.9635527,30.3314597],[77.9626775,30.3315319],[77.9618796,30.3315904]]}},{"type":"Feature","properties":{"c":"residential"},"geometry":{"type":"LineString","coordinates":[[77.9687737,30.3347234],[77.9681676,30.3346973],[77.9680061,30.3346903],[77.9679604,30.3346961],[77.9679429,30.3347159],[77.9679379,30.3347391],[77.9679146,30.3351689],[77.9678903,30.3356163],[77.9678892,30.3356475],[77.9678717,30.3356847],[77.9678097,30.3357227],[77.9677028,30.3357257],[77.9672251,30.3357086]]}},{"type":"Feature","properties":{"c":"track"},"geometry":{"type":"LineString","coordinates":[[78.0084128,30.3622749],[78.0084986,30.3622657],[78.0086113,30.362312],[78.0087668,30.3623305],[78.0089331,30.3623166],[78.008858,30.3622564],[78.0087829,30.3621824],[78.0087132,30.3620944],[78.0086649,30.3620018],[78.0086542,30.361937]]}},{"type":"Feature","properties":{"c":"service"},"geometry":{"type":"LineString","coordinates":[[78.0128292,30.3556345],[78.0127299,30.3556924],[78.0126602,30.3557595],[78.0126307,30.3558336],[78.0126334,30.3559539],[78.0126522,30.3560442],[78.0126996,30.3561267],[78.0127405,30.356151],[78.0127836,30.3561622],[78.0128833,30.3561718]]}},{"type":"Feature","properties":{"c":"track"},"geometry":{"type":"LineString","coordinates":[[78.0096159,30.355697],[78.009544,30.3557223],[78.0094528,30.3557454],[78.009367,30.3557963],[78.0093187,30.355838],[78.0092436,30.3558658],[78.0091417,30.355875],[78.0090344,30.3559028],[78.0089164,30.3559537],[78.0088574,30.3559907]]}},{"type":"Feature","properties":{"c":"track"},"geometry":{"type":"LineString","coordinates":[[78.0056811,30.3629556],[78.0057052,30.3629926],[78.0057428,30.3630296],[78.0058018,30.3630736],[78.0058447,30.3631014],[78.0058957,30.3631268],[78.0059654,30.3631361],[78.0060271,30.3631199],[78.0060942,30.3631037],[78.0061827,30.3630644]]}},{"type":"Feature","properties":{"c":"residential"},"geometry":{"type":"LineString","coordinates":[[78.0091051,30.363374],[78.0089574,30.3631345],[78.008905,30.3630604],[78.0088353,30.3629725],[78.0087494,30.3628521],[78.0086851,30.3627596],[78.0086207,30.3626716],[78.0085824,30.3626036]]}},{"type":"Feature","properties":{"c":"residential"},"geometry":{"type":"LineString","coordinates":[[78.0041805,30.3573131],[78.0040959,30.3574068],[78.0040101,30.3574948],[78.003935,30.3575827],[78.0038599,30.3576522],[78.0036453,30.3578559],[78.0034951,30.3580132],[78.0033824,30.3581382],[78.0032215,30.358291],[78.0030981,30.3584113],[78.0029372,30.3585849],[78.0028406,30.3586868]]}},{"type":"Feature","properties":{"c":"track"},"geometry":{"type":"LineString","coordinates":[[78.0081439,30.3634865],[78.0081318,30.3633118],[78.0081144,30.3632111],[78.0080836,30.3631359],[78.0080581,30.3630884],[78.0080286,30.3630433],[78.0079736,30.3629264],[78.007932,30.362835],[78.0079119,30.3627667],[78.0079038,30.3626638],[78.0079226,30.3626013],[78.0079481,30.3625423],[78.0080173,30.3624892],[78.00816,30.3624289]]}},{"type":"Feature","properties":{"c":"track"},"geometry":{"type":"LineString","coordinates":[[78.0029316,30.3598587],[78.0030496,30.3600253],[78.0031569,30.3601781],[78.0032589,30.3603123],[78.0033501,30.3604373],[78.003452,30.3605623],[78.00357,30.360715],[78.0037363,30.3609418],[78.0038436,30.3610714],[78.0039616,30.3612103],[78.0040582,30.3613168],[78.0041976,30.3614371],[78.0042888,30.3615528],[78.0044176,30.3617009],[78.0045278,30.36181]]}},{"type":"Feature","properties":{"c":"track"},"geometry":{"type":"LineString","coordinates":[[78.0098034,30.3574378],[78.0099134,30.3574494],[78.0099992,30.3574517],[78.0100797,30.3574494],[78.0101575,30.3574378],[78.0102246,30.3574401],[78.010305,30.3574193],[78.0103721,30.3573985],[78.0104338,30.3573637],[78.0105062,30.357336],[78.0105759,30.3573013],[78.0106269,30.3572735],[78.0106859,30.3572341],[78.0107449,30.3572064],[78.0108227,30.3572179],[78.0108763,30.357248]]}},{"type":"Feature","properties":{"c":"track"},"geometry":{"type":"LineString","coordinates":[[78.0092189,30.354512],[78.0091438,30.3545114],[78.0090848,30.3545299],[78.0090097,30.3545114],[78.0089185,30.3544882],[78.0088702,30.3545253],[78.0088917,30.354604],[78.0088541,30.3546734],[78.0087737,30.3547197],[78.0087147,30.3548076],[78.0086717,30.3548956],[78.0086395,30.3550067],[78.0086288,30.355127],[78.0086235,30.3552289],[78.0086235,30.3553215],[78.0086127,30.3554001],[78.008602,30.3554881]]}},{"type":"Feature","properties":{"c":"service"},"geometry":{"type":"LineString","coordinates":[[78.008282,30.3596971],[78.0084677,30.3594821]]}},{"type":"Feature","properties":{"c":"service"},"geometry":{"type":"LineString","coordinates":[[78.0065528,30.3603924],[78.0063495,30.3606115],[78.0065622,30.3607767],[78.0067679,30.3609245],[78.007008,30.3611016],[78.0072454,30.3612856],[78.0074331,30.3614337],[78.0075042,30.361495],[78.0076579,30.3616144],[78.0079529,30.3618181],[78.0080849,30.3618838],[78.0081385,30.3618827],[78.0081935,30.3618613],[78.0084465,30.3616561],[78.0086503,30.3614848],[78.0088595,30.3612719],[78.0090902,30.3610821],[78.0092458,30.3612626],[78.0093906,30.3614385],[78.0095891,30.3616561],[78.0097822,30.3618875],[78.0099914,30.3621236],[78.010201,30.362302]]}},{"type":"Feature","properties":{"c":"track"},"geometry":{"type":"LineString","coordinates":[[78.0089936,30.357294],[78.0090176,30.3573313],[78.0090471,30.3573661],[78.0090793,30.3574008],[78.0091114,30.3574054],[78.0091463,30.3573799],[78.0091624,30.3573429],[78.0091973,30.357329],[78.0092429,30.3573267],[78.0092858,30.3573059],[78.0093448,30.3573059],[78.0094145,30.3573082],[78.0094762,30.3573105],[78.0095111,30.3573313],[78.0095594,30.3573337],[78.0096103,30.3573313],[78.0096801,30.3573429],[78.0097337,30.3573406],[78.0097954,30.3573614],[78.0098088,30.3574031],[78.0098034,30.3574378],[78.0097927,30.3574841],[78.0097874,30.3575142],[78.0097471,30.357572],[78.0097042,30.3576183],[78.0096345,30.3576646]]}},{"type":"Feature","properties":{"c":"track"},"geometry":{"type":"LineString","coordinates":[[78.0074961,30.362312],[78.0074184,30.3623259],[78.0073231,30.3623201],[78.0071636,30.3623016],[78.0070329,30.3622775],[78.0069369,30.3622472],[78.0068296,30.3622159],[78.0066735,30.3621988],[78.0065072,30.3621895],[78.0063857,30.3621928],[78.0062824,30.3622067],[78.0062422,30.362246],[78.0062516,30.3623398],[78.0062784,30.3624057],[78.0063307,30.3624937],[78.0063763,30.3625573],[78.0064206,30.3626233],[78.0065332,30.3628038],[78.0066244,30.362923],[78.0066995,30.3630225],[78.0067465,30.3630676],[78.0068023,30.363106],[78.0068774,30.3631477],[78.0069793,30.3632078],[78.0070651,30.3632541],[78.0071716,30.3633303],[78.0072266,30.3633708],[78.007299,30.3634275],[78.007468,30.3635999],[78.007586,30.3637735],[78.007696,30.3639933],[78.0078408,30.3642062],[78.0079481,30.364322],[78.0080286,30.3643752],[78.0081466,30.3643914],[78.0082726,30.3643752],[78.0083477,30.3643312],[78.0083665,30.3642942],[78.0083451,30.3642248],[78.0082378,30.3640211],[78.0081949,30.363836],[78.0081439,30.3634865]]}},{"type":"Feature","properties":{"c":"track"},"geometry":{"type":"LineString","coordinates":[[78.0065332,30.3628038],[78.0062766,30.3626663],[78.0062014,30.3626154],[78.0061532,30.362583],[78.0060888,30.3625367],[78.0060459,30.3624811],[78.0059761,30.3624117],[78.0059547,30.3623515],[78.0059386,30.3622867],[78.0058849,30.3622312],[78.0058045,30.3621757],[78.0057079,30.3621294],[78.0056221,30.3620785],[78.0055363,30.3620183],[78.0054343,30.3619627],[78.0053431,30.3619072],[78.0052359,30.361847],[78.0051017,30.3617776],[78.0049945,30.3617267],[78.0048764,30.3617035],[78.0047691,30.3617313],[78.004635,30.3617683],[78.0045278,30.36181],[78.0044044,30.3618563],[78.004281,30.3619072],[78.0041737,30.3619627],[78.0041147,30.3620461],[78.0040396,30.362134],[78.0039323,30.3621942],[78.0038411,30.3622451],[78.0037177,30.3623145],[78.0036104,30.3623886],[78.0035192,30.3625135],[78.0034656,30.3625922]]}},{"type":"Feature","properties":{"c":"service"},"geometry":{"type":"LineString","coordinates":[[78.0069664,30.3607324],[78.0072395,30.3609201],[78.0074318,30.3610483],[78.0076504,30.3612208],[78.0076718,30.3612566],[78.0076745,30.3612971],[78.0076584,30.3613469],[78.0075042,30.361495]]}},{"type":"Feature","properties":{"c":"residential"},"geometry":{"type":"LineString","coordinates":[[78.0003078,30.3575756],[78.0003621,30.3574952],[78.0004401,30.3574057],[78.0006022,30.3572406],[78.000682,30.3571607],[78.0007276,30.3571341],[78.0007819,30.3571225],[78.0008317,30.3571234],[78.0008853,30.3571072],[78.0010758,30.3568734],[78.0012957,30.3566252],[78.0013388,30.3565736],[78.0015559,30.3565679],[78.0017892,30.3565448],[78.0019448,30.3565355],[78.0021245,30.3565471],[78.002272,30.3565934],[78.0023291,30.3566321],[78.0023471,30.3566443],[78.0024598,30.3567114],[78.0025992,30.3567507],[78.0026292,30.3567533],[78.0027334,30.3567623],[78.002846,30.3567866],[78.0029372,30.3568051],[78.0030391,30.3568421],[78.0031732,30.3568838],[78.0032966,30.3569486],[78.0033878,30.357018],[78.0034307,30.3569532],[78.0034736,30.356893],[78.0035487,30.3568329],[78.0036131,30.3568329],[78.0036989,30.3568653],[78.0037848,30.3569116],[78.0038652,30.3569995],[78.003935,30.3570782],[78.0040115,30.3571465],[78.0040852,30.3572171],[78.0041805,30.3573131],[78.0042729,30.3573559],[78.0043695,30.3573791],[78.0044982,30.3574254],[78.0046002,30.3574763],[78.0047128,30.3575457],[78.0048201,30.3576151],[78.0049489,30.3577031],[78.0050454,30.357791],[78.0051312,30.3578836],[78.005201,30.3579623],[78.0052439,30.3580317],[78.0052739,30.3580848],[78.0052828,30.3581382],[78.0052761,30.3582759],[78.0052828,30.358365],[78.0052855,30.3584229],[78.0052855,30.3584935],[78.0052855,30.3585247],[78.0052854,30.3586069],[78.0052949,30.3587284],[78.0053002,30.3587978],[78.0052949,30.3589019],[78.0052735,30.3590477],[78.0052412,30.3591867],[78.0052171,30.3593464],[78.0051956,30.3594621],[78.0051581,30.3595824],[78.0051098,30.3596796],[78.0050401,30.3597953],[78.0049583,30.3599227]]}},{"type":"Feature","properties":{"c":"track"},"geometry":{"type":"LineString","coordinates":[[78.00943,30.3567366],[78.009463,30.3567871],[78.0095113,30.3568426],[78.0095756,30.3568612],[78.0096615,30.3568519],[78.009758,30.3568195],[78.00986,30.3568102],[78.0100209,30.3568102],[78.0101282,30.3568195],[78.0102676,30.3567732],[78.0103642,30.3567177],[78.0104554,30.356676],[78.0105627,30.3566251],[78.0107236,30.3566297],[78.0108416,30.3566436],[78.0109865,30.3566251],[78.0111045,30.3566112],[78.0112172,30.3566112],[78.011362,30.3566019],[78.0114586,30.3565742],[78.0115712,30.3565603],[78.0117053,30.3565418],[78.011877,30.3565325],[78.0120379,30.3565325],[78.0121506,30.3565695],[78.0122632,30.3566019],[78.0123759,30.3566575],[78.0124724,30.3567177],[78.0125529,30.3567871],[78.0125743,30.3568936],[78.0126065,30.3570139],[78.0126119,30.357088],[78.0126709,30.3571389],[78.0128211,30.357213],[78.0129445,30.3572454],[78.0130464,30.3572731],[78.0131591,30.357287],[78.0132985,30.3573148],[78.0134112,30.3573287],[78.0134809,30.3573536],[78.013546,30.3573594],[78.013615,30.3573605],[78.0136901,30.3573698],[78.0137572,30.3573813],[78.013843,30.3573813],[78.0139289,30.3574022],[78.0139986,30.3574184],[78.0141005,30.3574276],[78.0141232,30.3574678],[78.0141311,30.3575008]]}},{"type":"Feature","properties":{"c":"residential"},"geometry":{"type":"LineString","coordinates":[[78.0174793,30.3642768],[78.0165124,30.3646089],[78.0155146,30.3650533],[78.0151468,30.3652379],[78.0144632,30.3655809],[78.0140712,30.3657516],[78.0132937,30.3660901],[78.0127518,30.3663574],[78.0125213,30.3659836],[78.0121887,30.3654536],[78.0117756,30.3647987],[78.0117506,30.3647525],[78.0114867,30.3642651],[78.0114323,30.3641646],[78.0108763,30.3633534],[78.0106296,30.362997],[78.0104257,30.3625989],[78.010291,30.3623917],[78.010201,30.362302]]}},{"type":"Feature","properties":{"c":"residential"},"geometry":{"type":"LineString","coordinates":[[78.0033878,30.357018],[78.0033342,30.3571106],[78.0032591,30.3572171],[78.003141,30.3573606],[78.0029426,30.3576013],[78.0026502,30.3579913],[78.0023069,30.3584264]]}},{"type":"Feature","properties":{"c":"track"},"geometry":{"type":"LineString","coordinates":[[78.0083585,30.3537335],[78.0084049,30.3537661],[78.0085248,30.3538145],[78.0087227,30.3538541],[78.008889,30.3538958],[78.0090634,30.3539982],[78.0091224,30.3541047],[78.0091546,30.3542111],[78.0091921,30.3542898],[78.0092243,30.3544009],[78.0092189,30.354512],[78.0092082,30.3546231],[78.0092082,30.3547388],[78.0092082,30.354836],[78.009235,30.354924],[78.0092779,30.3550212],[78.0093026,30.35515],[78.0093643,30.3552796],[78.0094367,30.3553768],[78.0094979,30.3554378],[78.0095515,30.3555674],[78.0096159,30.355697],[78.0096374,30.3558313],[78.0096352,30.3559462],[78.009603,30.3561059],[78.0095708,30.3561985],[78.0095521,30.3563628],[78.0095199,30.3564878],[78.0094872,30.3566089],[78.00943,30.3567366],[78.0093563,30.356835],[78.0092724,30.3569408],[78.0091921,30.3570348],[78.0090848,30.3571274],[78.0090097,30.3572107],[78.0089936,30.357294]]}},{"type":"Feature","properties":{"c":"track"},"geometry":{"type":"LineString","coordinates":[[78.0059654,30.3631361],[78.0059922,30.363187],[78.0060217,30.3632518],[78.0060512,30.3633212],[78.0060807,30.3633814],[78.0060942,30.363437]]}},{"type":"Feature","properties":{"c":"residential"},"geometry":{"type":"LineString","coordinates":[[78.010201,30.362302],[78.009978,30.3623701],[78.0097291,30.3624566],[78.0095869,30.362511],[78.0093053,30.3626001],[78.0090545,30.3626256],[78.0088373,30.3626256],[78.0085824,30.3626036],[78.0084939,30.3625839],[78.0083477,30.3625295],[78.00816,30.3624289],[78.0080406,30.3623849],[78.007936,30.3623571],[78.0077966,30.3623675],[78.0076812,30.3623571],[78.0074961,30.362312],[78.0073681,30.362246],[78.0072668,30.3621905],[78.0071778,30.3621247],[78.0070383,30.3620137],[78.0069096,30.3619118],[78.0067862,30.3618285],[78.0066896,30.3617452],[78.0065448,30.3616434],[78.0064053,30.3615323],[78.0062497,30.3614304],[78.0061156,30.3613286],[78.0060137,30.3612453],[78.0059064,30.3611111],[78.0058696,30.361068],[78.0058313,30.3610231],[78.0057951,30.3609549],[78.0057683,30.360846],[78.0057562,30.3607269],[78.0057669,30.3606158],[78.005783,30.3605232],[78.005783,30.3604491],[78.0057481,30.3603601],[78.0056837,30.3602872],[78.005606,30.3602316],[78.0055202,30.3601714],[78.0053968,30.3601251],[78.0052359,30.3600603],[78.0051071,30.3600048],[78.0049583,30.3599227],[78.0048818,30.3598752],[78.004796,30.3598196],[78.004698,30.3597571],[78.0045814,30.3596819],[78.0044983,30.3596287],[78.0043883,30.3595558],[78.0042837,30.3594818],[78.004242,30.3594527],[78.0041469,30.3593984],[78.0040289,30.3593151],[78.0039162,30.3592364],[78.0038196,30.359167],[78.0037231,30.3591114],[78.0036265,30.3590559],[78.0035192,30.3589957],[78.0033851,30.3589448],[78.0033348,30.3589195],[78.0032564,30.35888],[78.0031384,30.3588198],[78.0029882,30.3587457],[78.0028406,30.3586868]]}},{"type":"Feature","properties":{"c":"track"},"geometry":{"type":"LineString","coordinates":[[78.0050481,30.3634277],[78.0051634,30.3633536],[78.0052251,30.3633166],[78.0052815,30.3632634],[78.0053592,30.3632148],[78.0054263,30.3631731],[78.0054853,30.3631292],[78.0055577,30.3630759],[78.0056409,30.3630065],[78.0056811,30.3629556],[78.0056704,30.362907],[78.0056167,30.3628491],[78.0055577,30.3627936],[78.0055014,30.3627473],[78.0054424,30.3626894],[78.0053619,30.3626617],[78.0052949,30.3625969],[78.0052385,30.3625112],[78.0051929,30.3624279],[78.00515,30.3623631],[78.0050991,30.3622821],[78.0050508,30.3622173],[78.005024,30.3621618],[78.0049918,30.3621039],[78.0049596,30.3620576],[78.0049328,30.3619975],[78.0048925,30.3619327],[78.0048603,30.3618678],[78.0048389,30.3618216],[78.0048094,30.361773],[78.0047691,30.3617313],[78.0047799,30.361692],[78.0047799,30.3616434],[78.0047772,30.3616017],[78.0047718,30.3615415],[78.0047745,30.3615022],[78.0047906,30.3614767],[78.0048255,30.3614466],[78.0048603,30.3614374],[78.0048925,30.3614212],[78.0048952,30.3613888],[78.0048711,30.3613587],[78.0048523,30.3613193],[78.004855,30.3612846],[78.0048764,30.3612499],[78.004914,30.3612221],[78.0049462,30.3612083],[78.0049703,30.3611828],[78.0049998,30.3611666],[78.0050186,30.361133],[78.005024,30.3611006],[78.005024,30.3610636],[78.0050427,30.3610335],[78.0050615,30.3610081],[78.0050964,30.3609872],[78.0051312,30.360971],[78.0051876,30.3609386],[78.0052412,30.3609201],[78.0052895,30.3608854],[78.0053029,30.3608345],[78.0052949,30.3607951],[78.0053029,30.3607396],[78.0053136,30.3607072],[78.0053539,30.3606702],[78.0053995,30.3606563],[78.0054424,30.3606517],[78.0054826,30.3606331],[78.0055094,30.3606007],[78.0055336,30.3605637],[78.0055604,30.3605313],[78.0056033,30.3604862],[78.0056489,30.3604422],[78.0057481,30.3603601]]}},{"type":"Feature","properties":{"c":"track"},"geometry":{"type":"LineString","coordinates":[[78.0095756,30.3568612],[78.0095835,30.3569078],[78.0095111,30.3569448],[78.0094333,30.356968],[78.0093716,30.3569819],[78.0093019,30.3570166],[78.009259,30.3570374],[78.0091921,30.3570348]]}},{"type":"Feature","properties":{"c":"track"},"geometry":{"type":"LineString","coordinates":[[78.0093247,30.3616964],[78.0090029,30.3619139],[78.0089653,30.3619926],[78.0089439,30.3620991],[78.0089385,30.3621963],[78.0089331,30.3623166],[78.0089546,30.3624231],[78.0089868,30.3625156],[78.0090545,30.3626256]]}},{"type":"Feature","properties":{"c":"service"},"geometry":{"type":"LineString","coordinates":[[78.0094174,30.3605128],[78.0093097,30.3604309],[78.0091921,30.3603415],[78.0088649,30.3601332],[78.0086396,30.3599666],[78.0084035,30.3597861],[78.008282,30.3596971],[78.0081192,30.3595778],[78.0079287,30.3594352],[78.0078623,30.3593831],[78.0076008,30.359183],[78.0075719,30.3591679],[78.0075458,30.3591685],[78.0075183,30.359185]]}},{"type":"Feature","properties":{"c":"service"},"geometry":{"type":"LineString","coordinates":[[78.0171122,30.3413794],[78.0168639,30.3411743],[78.0166601,30.3409983],[78.0164562,30.3408039],[78.0162846,30.3406372],[78.0161558,30.3405261],[78.0160485,30.340415],[78.016028,30.3403539],[78.0160378,30.3403131],[78.0160692,30.3402671],[78.0162738,30.3401187],[78.0164562,30.3399891],[78.0163811,30.3398934],[78.0162307,30.339736],[78.0160485,30.3395817],[78.0159681,30.3394891],[78.0159198,30.3394335],[78.0158485,30.3393549],[78.0157876,30.3392877],[78.0157556,30.3392392],[78.0157589,30.3391958],[78.0157967,30.3391678],[78.0160635,30.3389672]]}},{"type":"Feature","properties":{"c":"residential"},"geometry":{"type":"LineString","coordinates":[[78.0144563,30.3365251],[78.0141289,30.3367006],[78.0138505,30.3368859],[78.0137397,30.3369514],[78.0137186,30.3369567],[78.0136864,30.3369616],[78.0136552,30.3369484],[78.0134853,30.3367434]]}},{"type":"Feature","properties":{"c":"service"},"geometry":{"type":"LineString","coordinates":[[78.0161517,30.3362857],[78.0162265,30.3362208],[78.0163343,30.3361289]]}},{"type":"Feature","properties":{"c":"service"},"geometry":{"type":"LineString","coordinates":[[78.0158485,30.3393549],[78.0153404,30.3397391]]}},{"type":"Feature","properties":{"c":"service"},"geometry":{"type":"LineString","coordinates":[[78.0165096,30.3345142],[78.016554,30.3346114],[78.0165631,30.3346481],[78.016557,30.3346821],[78.0165205,30.3347066],[78.0164502,30.3347585],[78.0161391,30.3349715],[78.0158011,30.3351937],[78.0155275,30.3353882],[78.0152666,30.3355809],[78.0152367,30.335603],[78.0152271,30.3356233],[78.0152313,30.3356519],[78.0152641,30.3356821],[78.0154524,30.3358141],[78.0156992,30.3359993],[78.0160329,30.3362178],[78.0161517,30.3362857],[78.0162316,30.3363385],[78.0162853,30.3363729],[78.0163247,30.3363799],[78.01637,30.3363799],[78.0164408,30.3363632],[78.016503,30.3363317],[78.0169107,30.3360299],[78.016945,30.3359984],[78.0169558,30.3359688],[78.0169558,30.3359391],[78.01693,30.3358984],[78.0167369,30.3356836]]}},{"type":"Feature","properties":{"c":"residential"},"geometry":{"type":"LineString","coordinates":[[78.0147849,30.337173],[78.0145416,30.3373452],[78.014344,30.3374957]]}},{"type":"Feature","properties":{"c":"residential"},"geometry":{"type":"LineString","coordinates":[[78.0149931,30.3375897],[78.0149558,30.3375587],[78.0149144,30.3375428],[78.0148697,30.3375573],[78.0148416,30.3375782],[78.0147141,30.337673],[78.0141567,30.3380618],[78.0137754,30.3383279],[78.0137226,30.3383607]]}},{"type":"Feature","properties":{"c":"residential"},"geometry":{"type":"LineString","coordinates":[[78.0150849,30.3344806],[78.0149588,30.3345802],[78.0148327,30.334689],[78.0146986,30.3348093],[78.0146052,30.3348874],[78.0142687,30.3351731],[78.0140171,30.3353703],[78.0139497,30.3354312],[78.0138982,30.3354655]]}},{"type":"Feature","properties":{"c":"residential"},"geometry":{"type":"LineString","coordinates":[[78.015431,30.3371997],[78.0151004,30.3374739],[78.0150736,30.3375156],[78.0149931,30.3375897],[78.0151258,30.3377298],[78.0151647,30.3377702],[78.015186,30.3378057],[78.0151628,30.3378422],[78.0151228,30.337881],[78.0147892,30.3380943]]}},{"type":"Feature","properties":{"c":"residential"},"geometry":{"type":"LineString","coordinates":[[78.0151004,30.3374739],[78.0147849,30.337173],[78.0145824,30.3369339],[78.014554,30.3369131],[78.0145237,30.3369059],[78.014483,30.3369197],[78.0144003,30.3369762],[78.0143092,30.3370517],[78.0142334,30.3371091],[78.0141476,30.337179],[78.0140275,30.3372563]]}},{"type":"Feature","properties":{"c":"residential"},"geometry":{"type":"LineString","coordinates":[[78.0158528,30.3374744],[78.0159909,30.3375804],[78.0160552,30.3376406],[78.0160733,30.3376814],[78.0160694,30.337719],[78.0160552,30.3377471],[78.0159834,30.337817],[78.0156933,30.3380183],[78.0153759,30.33823],[78.0147606,30.3387159]]}},{"type":"Feature","properties":{"c":"residential"},"geometry":{"type":"LineString","coordinates":[[78.0151091,30.3389252],[78.0156229,30.338554],[78.0156537,30.3385403],[78.0156883,30.3385379],[78.0157226,30.3385481],[78.0157476,30.3385731],[78.0157852,30.3386302],[78.0158282,30.3386528],[78.0158816,30.3386536],[78.0159242,30.3386329],[78.0162591,30.3383768],[78.0165327,30.3381777],[78.0167537,30.3380245],[78.0168867,30.3379323],[78.017214,30.3376915],[78.0175035,30.3374792]]}},{"type":"Feature","properties":{"c":"residential"},"geometry":{"type":"LineString","coordinates":[[78.0147921,30.3350377],[78.0152062,30.3353784]]}},{"type":"Feature","properties":{"c":"residential"},"geometry":{"type":"LineString","coordinates":[[78.0150266,30.3401693],[78.0154301,30.3399266]]}},{"type":"Feature","properties":{"c":"residential"},"geometry":{"type":"LineString","coordinates":[[78.012379,30.3363839],[78.0122004,30.3364949],[78.0119813,30.3366262],[78.0116514,30.3368584],[78.011447,30.3369883],[78.0111688,30.3371645],[78.0108984,30.3373478],[78.0107948,30.3374257],[78.0106958,30.3375183]]}},{"type":"Feature","properties":{"c":"residential"},"geometry":{"type":"LineString","coordinates":[[78.0131486,30.3374015],[78.0133943,30.3372465],[78.0135208,30.337169],[78.0135797,30.3371446]]}},{"type":"Feature","properties":{"c":"residential"},"geometry":{"type":"LineString","coordinates":[[78.0130531,30.334915],[78.0130326,30.334954],[78.0128601,30.335101],[78.0125061,30.3353718],[78.0124658,30.3353973],[78.0124283,30.3353903],[78.0123773,30.3353556],[78.0122781,30.3352677],[78.0122727,30.3352399],[78.0122861,30.3352075],[78.0126026,30.3349598],[78.0129116,30.3347597]]}},{"type":"Feature","properties":{"c":"residential"},"geometry":{"type":"LineString","coordinates":[[78.0133941,30.3358374],[78.0135406,30.3360307],[78.0135739,30.336072],[78.0136757,30.3362017],[78.0137449,30.3363061],[78.0138211,30.3364106],[78.0138765,30.3365083]]}},{"type":"Feature","properties":{"c":"residential"},"geometry":{"type":"LineString","coordinates":[[78.0113245,30.3362555],[78.0112566,30.3361886],[78.0111522,30.3360896],[78.0109165,30.3358696],[78.0107966,30.3357681],[78.0106823,30.3356773],[78.0106041,30.3356245],[78.0105321,30.3355695],[78.010442,30.3354959],[78.0102958,30.3353551]]}},{"type":"Feature","properties":{"c":"residential"},"geometry":{"type":"LineString","coordinates":[[78.0135739,30.336072],[78.0134537,30.3361473],[78.0131525,30.3363175],[78.0129824,30.3364277],[78.0127394,30.3365867],[78.0127022,30.3366142],[78.0126496,30.3366527]]}},{"type":"Feature","properties":{"c":"residential"},"geometry":{"type":"LineString","coordinates":[[78.0090861,30.3363824],[78.0092546,30.3361685]]}},{"type":"Feature","properties":{"c":"residential"},"geometry":{"type":"LineString","coordinates":[[78.0084075,30.3355254],[78.008064,30.3358696]]}},{"type":"Feature","properties":{"c":"living_street"},"geometry":{"type":"LineString","coordinates":[[78.0123478,30.3377898],[78.0122781,30.337725]]}},{"type":"Feature","properties":{"c":"residential"},"geometry":{"type":"LineString","coordinates":[[78.013584,30.335683],[78.0137603,30.3358889],[78.0139454,30.3361293]]}},{"type":"Feature","properties":{"c":"residential"},"geometry":{"type":"LineString","coordinates":[[78.0140171,30.3353703],[78.0135285,30.3349496]]}},{"type":"Feature","properties":{"c":"residential"},"geometry":{"type":"LineString","coordinates":[[78.0095784,30.336086],[78.009683,30.3361578],[78.009793,30.3362203],[78.0098654,30.3362619],[78.0099499,30.3363001],[78.010062,30.3363284],[78.0101272,30.3363578],[78.0101666,30.3363717],[78.0102222,30.3364002],[78.0103018,30.3364294],[78.010372,30.3364718],[78.0105672,30.3366057],[78.0106496,30.3366703],[78.0106825,30.3366936]]}},{"type":"Feature","properties":{"c":"residential"},"geometry":{"type":"LineString","coordinates":[[78.0138982,30.3354655],[78.0138142,30.3355189],[78.0137144,30.3355755],[78.013646,30.3356276],[78.013584,30.335683],[78.0135307,30.3357214],[78.0134583,30.3357769],[78.0133941,30.3358374],[78.0132973,30.3358915],[78.0132303,30.3359448],[78.0131498,30.3359911],[78.0130439,30.336064],[78.012946,30.3361219],[78.012844,30.3361786],[78.012773,30.3362214],[78.012726,30.3362538],[78.0126469,30.3363048],[78.0125892,30.3363441],[78.0125155,30.3363893],[78.0124817,30.3364062]]}},{"type":"Feature","properties":{"c":"living_street"},"geometry":{"type":"LineString","coordinates":[[78.0098724,30.3358443],[78.0100408,30.335875],[78.0102714,30.3359163]]}},{"type":"Feature","properties":{"c":"residential"},"geometry":{"type":"LineString","coordinates":[[78.0088396,30.3358794],[78.0084075,30.3355254],[78.0082024,30.3353872]]}},{"type":"Feature","properties":{"c":"living_street"},"geometry":{"type":"LineString","coordinates":[[78.0127753,30.33698],[78.0124551,30.3371624],[78.0125195,30.3372458]]}},{"type":"Feature","properties":{"c":"residential"},"geometry":{"type":"LineString","coordinates":[[78.0097155,30.3352201],[78.0096459,30.3351405],[78.0095875,30.3350775],[78.0094228,30.3349386],[78.0090728,30.334614]]}},{"type":"Feature","properties":{"c":"residential"},"geometry":{"type":"LineString","coordinates":[[78.0103279,30.335115],[78.0101282,30.3350755],[78.0100191,30.3350567],[78.0099652,30.3350472],[78.0099173,30.3350552],[78.0098777,30.3350784],[78.0098408,30.335111],[78.0097811,30.3351669],[78.0097155,30.3352201],[78.0096296,30.3352997],[78.0095263,30.3353788],[78.0094297,30.3354576],[78.0093627,30.335515],[78.0092924,30.3355687],[78.0091787,30.3356418],[78.0090473,30.3357298],[78.0089427,30.3357993],[78.0088396,30.3358794],[78.008763,30.3359438],[78.0087292,30.3359715],[78.0087044,30.3359914],[78.0086777,30.3360141],[78.0086396,30.3360498],[78.008624,30.336078],[78.0086277,30.336097],[78.0086589,30.3361275],[78.0087313,30.3361849],[78.0088328,30.3362614],[78.0088772,30.3362886],[78.0089625,30.3363461],[78.0090861,30.3363824],[78.0092123,30.3364559],[78.0094571,30.3366323],[78.0095904,30.3367269],[78.009723,30.336833],[78.0097876,30.3368831],[78.0099319,30.3369905],[78.0100672,30.3371027],[78.0101426,30.3371472],[78.0102164,30.3371856]]}},{"type":"Feature","properties":{"c":"residential"},"geometry":{"type":"LineString","coordinates":[[78.0117705,30.3353634],[78.0119361,30.3352248],[78.01203,30.3351461],[78.0121265,30.3350651],[78.0122741,30.3349702]]}},{"type":"Feature","properties":{"c":"residential"},"geometry":{"type":"LineString","coordinates":[[78.0092924,30.3355687],[78.0091363,30.3354154],[78.0090081,30.3353094],[78.0088885,30.3352047],[78.008631,30.3349701]]}},{"type":"Feature","properties":{"c":"living_street"},"geometry":{"type":"LineString","coordinates":[[78.0110807,30.3357339],[78.0110149,30.3356676],[78.0108884,30.3355402],[78.0103461,30.3350283]]}},{"type":"Feature","properties":{"c":"residential"},"geometry":{"type":"LineString","coordinates":[[78.013646,30.3356276],[78.0134598,30.3354172],[78.0133246,30.3352757],[78.0132943,30.3352603],[78.0132705,30.3352561],[78.0132483,30.3352602],[78.0130371,30.3354343],[78.0128655,30.3355709],[78.0126563,30.3357422]]}},{"type":"Feature","properties":{"c":"living_street"},"geometry":{"type":"LineString","coordinates":[[78.0112965,30.335578],[78.0113843,30.3356547],[78.0115528,30.3358316],[78.0115905,30.3358543],[78.0116964,30.3358953],[78.0117266,30.3359011],[78.0117595,30.3358914],[78.0119911,30.335793]]}},{"type":"Feature","properties":{"c":"residential"},"geometry":{"type":"LineString","coordinates":[[78.0117068,30.3352683],[78.0116509,30.3353044],[78.0115358,30.3353912],[78.0113931,30.3355047],[78.0112965,30.335578],[78.0111989,30.3356463],[78.0110807,30.3357339],[78.0109165,30.3358696]]}},{"type":"Feature","properties":{"c":"living_street"},"geometry":{"type":"LineString","coordinates":[[78.0129896,30.3372973],[78.0128548,30.3373615],[78.0127341,30.337431],[78.0126187,30.3375051],[78.0125034,30.3375838],[78.0123907,30.3376509],[78.0122781,30.337725],[78.0121842,30.3377805]]}},{"type":"Feature","properties":{"c":"residential"},"geometry":{"type":"LineString","coordinates":[[78.0121545,30.3360462],[78.0119387,30.336151],[78.0118306,30.33622],[78.0118136,30.3362348],[78.0118045,30.3362505],[78.0117994,30.3362655],[78.0117977,30.3362859],[78.011802,30.3363085],[78.0118276,30.3363419],[78.0118304,30.336354],[78.0118227,30.3363759],[78.0118069,30.3363943],[78.0117147,30.3364638],[78.0116741,30.3364907],[78.0115024,30.3365979],[78.0113432,30.3367053],[78.0112063,30.3367922],[78.0111478,30.3368362]]}},{"type":"Feature","properties":{"c":"residential"},"geometry":{"type":"LineString","coordinates":[[78.0152164,30.3616005],[78.0155826,30.3620424]]}},{"type":"Feature","properties":{"c":"residential"},"geometry":{"type":"LineString","coordinates":[[78.0154177,30.362706],[78.0154529,30.3626429],[78.0155119,30.3625747],[78.0156004,30.3625099],[78.0156809,30.3624578],[78.0157527,30.3624146],[78.0158958,30.3623127],[78.0160215,30.3622345],[78.016106,30.3621812]]}},{"type":"Feature","properties":{"c":"residential"},"geometry":{"type":"LineString","coordinates":[[78.015111,30.3623299],[78.0150063,30.3622171],[78.0149012,30.3621004],[78.0148154,30.3619818],[78.0147872,30.3619315],[78.014751,30.3618708],[78.0147725,30.3618586],[78.01481,30.3618262],[78.0148905,30.361773],[78.0150192,30.3617035],[78.0152164,30.3616005],[78.0154242,30.3615114],[78.0154905,30.3614707],[78.0155128,30.3614582],[78.0155557,30.3614374],[78.0155986,30.3614119],[78.0156415,30.3613842],[78.0156764,30.3613425],[78.015722,30.3612569]]}},{"type":"Feature","properties":{"c":"residential"},"geometry":{"type":"LineString","coordinates":[[78.0154905,30.3614707],[78.0157775,30.3618179],[78.0157989,30.3618561],[78.0157976,30.3618896],[78.0157815,30.3619243]]}},{"type":"Feature","properties":{"c":"residential"},"geometry":{"type":"LineString","coordinates":[[78.0143074,30.3625003],[78.0141984,30.3623403]]}},{"type":"Feature","properties":{"c":"residential"},"geometry":{"type":"LineString","coordinates":[[78.015604,30.3629359],[78.015123,30.3631741],[78.0145892,30.363424]]}},{"type":"Feature","properties":{"c":"residential"},"geometry":{"type":"LineString","coordinates":[[78.0151744,30.362415],[78.0149641,30.3625287],[78.0146456,30.3626996],[78.014541,30.3627448],[78.0144833,30.3627459],[78.0144444,30.3627228],[78.0143074,30.3625003]]}},{"type":"Feature","properties":{"c":"residential"},"geometry":{"type":"LineString","coordinates":[[78.0152471,30.3625028],[78.0151744,30.362415],[78.015141,30.3623747],[78.015111,30.3623299],[78.0152502,30.3622432],[78.0153447,30.3621861],[78.0155205,30.3620799],[78.0155826,30.3620424],[78.0157815,30.3619243]]}},{"type":"Feature","properties":{"c":"residential"},"geometry":{"type":"LineString","coordinates":[[78.0147924,30.3622557],[78.0144062,30.3624501],[78.0143074,30.3625003]]}},{"type":"Feature","properties":{"c":"residential"},"geometry":{"type":"LineString","coordinates":[[78.0146556,30.3620636],[78.0145,30.3621376],[78.0142855,30.3622441],[78.0142186,30.3622756],[78.014203,30.3622923],[78.0141963,30.3623131],[78.0141984,30.3623403]]}},{"type":"Feature","properties":{"c":"residential"},"geometry":{"type":"LineString","coordinates":[[78.0174793,30.3642768],[78.0171128,30.3640128],[78.016807,30.3637906],[78.0165817,30.3636147],[78.0163818,30.3634728],[78.0162351,30.3633649],[78.0160921,30.3632599],[78.0160495,30.3632297],[78.0158963,30.363121],[78.015663,30.3629822],[78.015604,30.3629359],[78.0155637,30.3628919],[78.0154177,30.362706],[78.0153277,30.362598],[78.0152471,30.3625028]]}},{"type":"Feature","properties":{"c":"residential"},"geometry":{"type":"LineString","coordinates":[[78.0174793,30.3642768],[78.0175419,30.3641852],[78.0175732,30.3640998],[78.0175853,30.3639933],[78.0175366,30.3638612],[78.0174722,30.3637316],[78.0174186,30.3636344],[78.0173381,30.3635326],[78.0172586,30.3634256],[78.0171977,30.3633395],[78.0171333,30.3632713],[78.0170877,30.3632227],[78.017022,30.3631602],[78.0169402,30.3630965],[78.0168745,30.3630456],[78.0167699,30.3629588],[78.0167055,30.3628859],[78.0166613,30.3628315],[78.0166425,30.3627945],[78.0166304,30.3627494],[78.0166337,30.3626988],[78.0167357,30.3625878],[78.0167973,30.362523],[78.0168403,30.3624558],[78.016859,30.3623934],[78.0168617,30.3623147],[78.0168242,30.3622429],[78.0167357,30.3621527],[78.0166418,30.3620439],[78.0165506,30.3619583],[78.0164513,30.3618865],[78.0163816,30.3618194],[78.016336,30.3617662],[78.0162931,30.3617014],[78.0162636,30.3616227],[78.0161965,30.3614584],[78.0161402,30.361294],[78.0161026,30.3611922],[78.0160517,30.3610649],[78.0160249,30.3609723],[78.0159927,30.3608566],[78.0159712,30.360734],[78.0159551,30.3606159],[78.0159471,30.3605303],[78.0159605,30.3604724],[78.0159659,30.3604389],[78.01599,30.3603938],[78.0160302,30.3603602],[78.0161241,30.3603058],[78.0161818,30.3602641],[78.0162555,30.3602086],[78.0163186,30.3601588],[78.0163749,30.3601299],[78.0164567,30.3601033],[78.0165888,30.3600925],[78.0166632,30.3600883],[78.0167759,30.360079],[78.0169838,30.3600744],[78.0171138,30.3600755],[78.0172292,30.3600767],[78.0173257,30.3600778],[78.017425,30.3600755],[78.0175014,30.3600732],[78.0175698,30.3600697],[78.0176556,30.3600466],[78.0177562,30.3600049],[78.0178702,30.3599471],[78.0180246,30.3597927],[78.0181184,30.3596852],[78.0181452,30.3596516],[78.0182552,30.359515],[78.0183866,30.3593391],[78.0184717,30.3592489],[78.018628,30.3591424],[78.0189553,30.3590058],[78.0192369,30.3588739],[78.019532,30.3587419]]}},{"type":"Feature","properties":{"c":"service"},"geometry":{"type":"LineString","coordinates":[[78.0141775,30.3590036],[78.014309,30.3590881],[78.01438,30.3591911],[78.0144364,30.3592929],[78.0144739,30.3593947],[78.0145034,30.3594896],[78.0145329,30.3595718],[78.0145624,30.3596597],[78.0146013,30.359728],[78.0146201,30.3597847],[78.0146456,30.3598391],[78.0146724,30.3599212],[78.0147113,30.3600046],[78.0147663,30.3600763],[78.0147944,30.3601122],[78.0148306,30.3601423],[78.0148709,30.3601619],[78.0149272,30.3601816],[78.0150037,30.3601886],[78.0150533,30.3601839],[78.0151102,30.3601698],[78.0151827,30.3601293],[78.015239,30.3600958],[78.0153094,30.360059],[78.0153698,30.3600231],[78.0154677,30.3599641],[78.0155374,30.3599293],[78.0156554,30.359868],[78.0157734,30.3598194],[78.0158271,30.3597963],[78.0159384,30.3597558],[78.0160229,30.3597338],[78.016112,30.3597139],[78.0161972,30.3597106],[78.0162697,30.3597199],[78.0163448,30.3597361],[78.0164105,30.359765],[78.0164708,30.3598044],[78.0165271,30.3598912],[78.0165687,30.3600022],[78.0165794,30.3600393],[78.0165888,30.3600925]]}},{"type":"Feature","properties":{"c":"residential"},"geometry":{"type":"LineString","coordinates":[[78.0158317,30.3553523],[78.0159323,30.3553951],[78.0159632,30.3554044],[78.0159927,30.3554113],[78.0160705,30.3554206],[78.0161174,30.3554148],[78.0162153,30.3554206],[78.0162528,30.3554287],[78.0163306,30.3554634],[78.0164916,30.3555479],[78.0165774,30.355593],[78.0167055,30.3556569]]}},{"type":"Feature","properties":{"c":"service"},"geometry":{"type":"LineString","coordinates":[[78.0156112,30.356576],[78.0153194,30.3563279]]}},{"type":"Feature","properties":{"c":"residential"},"geometry":{"type":"LineString","coordinates":[[78.0142186,30.3622756],[78.0141903,30.3622344],[78.014145,30.3621682],[78.0141007,30.3621037],[78.0139826,30.3619314],[78.0139298,30.3618544],[78.013878,30.3617787],[78.0136853,30.3614591]]}},{"type":"Feature","properties":{"c":"service"},"geometry":{"type":"LineString","coordinates":[[78.0164869,30.3560828],[78.0163414,30.3560046],[78.0160088,30.3558742],[78.0157278,30.3557281],[78.0156936,30.3557281],[78.0156729,30.3557431],[78.0156085,30.3558756],[78.0156038,30.3558988],[78.0156058,30.3559219],[78.0156286,30.3559427],[78.0158687,30.3560376],[78.0160551,30.3561221],[78.016157,30.3561765],[78.0162315,30.3562425]]}},{"type":"Feature","properties":{"c":"residential"},"geometry":{"type":"LineString","coordinates":[[78.0054183,30.3541588],[78.0058783,30.3544638]]}},{"type":"Feature","properties":{"c":"residential"},"geometry":{"type":"LineString","coordinates":[[78.004242,30.3594527],[78.0044098,30.3592868],[78.0044994,30.3591905],[78.0045108,30.3591714],[78.0045169,30.3591552],[78.0045142,30.3591424],[78.0045102,30.3591326],[78.0044502,30.3590797],[78.0044197,30.3590528],[78.0043762,30.3590056],[78.0042306,30.3588717],[78.0042125,30.358852],[78.0042118,30.3588294],[78.0042239,30.3588005],[78.0046208,30.3583937]]}},{"type":"Feature","properties":{"c":"residential"},"geometry":{"type":"LineString","coordinates":[[78.0161819,30.3542785],[78.0157278,30.3547415]]}},{"type":"Feature","properties":{"c":"residential"},"geometry":{"type":"LineString","coordinates":[[78.0153772,30.3538017],[78.0149427,30.354135],[78.0149169,30.3541618]]}},{"type":"Feature","properties":{"c":"residential"},"geometry":{"type":"LineString","coordinates":[[78.0148154,30.3619818],[78.0146556,30.3620636]]}},{"type":"Feature","properties":{"c":"residential"},"geometry":{"type":"LineString","coordinates":[[78.0139298,30.3618544],[78.0144478,30.3615963],[78.014488,30.3615853],[78.0145276,30.361598],[78.014543,30.3616107],[78.0145956,30.3616689],[78.014751,30.3618708]]}},{"type":"Feature","properties":{"c":"service"},"geometry":{"type":"LineString","coordinates":[[78.0084677,30.3594821],[78.008649,30.3596298],[78.0087214,30.3596541],[78.008793,30.3596505],[78.0088587,30.3596296],[78.0089338,30.3595614],[78.0091967,30.3592651]]}},{"type":"Feature","properties":{"c":"residential"},"geometry":{"type":"LineString","coordinates":[[78.0028406,30.3586868],[78.0025855,30.3585623],[78.0023069,30.3584264],[78.0020186,30.3583057],[78.0014432,30.3580584],[78.0011401,30.3579381],[78.000898,30.3578478],[78.0007861,30.3578061],[78.0006619,30.3577538],[78.0005258,30.3576861],[78.0004077,30.3576242],[78.0003078,30.3575756],[78.0000565,30.3575145],[77.999931,30.3574818],[77.9998063,30.3574622],[77.9996145,30.3574552],[77.9992484,30.3574494],[77.9989064,30.3574599],[77.9986998,30.3574714],[77.9982928,30.3574926]]}},{"type":"Feature","properties":{"c":"service"},"geometry":{"type":"LineString","coordinates":[[77.9659402,30.4157123],[77.9662142,30.4157805],[77.9662286,30.4157824],[77.9663178,30.4158056],[77.966392,30.4158119],[77.966439,30.415804],[77.9665259,30.4157807],[77.9666474,30.4157464],[77.9670762,30.415601],[77.9670982,30.4155983],[77.9671239,30.4155984],[77.9671464,30.4156045],[77.9671658,30.4156167],[77.9674227,30.4159584],[77.9674421,30.415969],[77.9674611,30.4159728],[77.9674841,30.415972],[77.9677298,30.4158909],[77.9680132,30.4158202],[77.968024,30.4158194],[77.9680343,30.415822],[77.9680475,30.4158287],[77.9680629,30.4158448],[77.9681561,30.4159812],[77.9682399,30.4161538],[77.968335,30.4163794],[77.9683539,30.4164154],[77.9683796,30.4164421],[77.9684274,30.4164803]]}},{"type":"Feature","properties":{"c":"tertiary"},"geometry":{"type":"LineString","coordinates":[[77.9533277,30.3440723],[77.9530872,30.3433824]]}},{"type":"Feature","properties":{"c":"tertiary"},"geometry":{"type":"LineString","coordinates":[[77.966107,30.3584163],[77.9661333,30.3584487],[77.9666126,30.3592291],[77.9669049,30.3599455],[77.9669774,30.3600636],[77.9675111,30.3606584],[77.9676211,30.3607955],[77.9676975,30.3609752],[77.9677759,30.3611596],[77.9679859,30.3616538],[77.9681146,30.3618364],[77.9686081,30.3624263],[77.9691231,30.3631773],[77.9692411,30.363299],[77.9699385,30.3638707],[77.9704937,30.3644261],[77.9707462,30.3647479],[77.9710838,30.3651782],[77.9714717,30.3657264],[77.9716176,30.3659327],[77.97191,30.3663374],[77.9721862,30.3667195],[77.9727039,30.3675735],[77.9731267,30.3681895],[77.9731947,30.3682886],[77.9734817,30.3686334],[77.9735219,30.3687074],[77.9736802,30.3691772],[77.9738233,30.3695093],[77.9740342,30.3699987],[77.9743521,30.3707867],[77.9745197,30.3712137],[77.9745921,30.3713271],[77.9746726,30.3714196],[77.9748952,30.3716531],[77.9751722,30.3719421],[77.9752493,30.3720167],[77.9757965,30.3724101],[77.975893,30.3724517],[77.9761559,30.3725281],[77.9762323,30.3725593],[77.9762954,30.3725882],[77.9765019,30.3727942],[77.9765689,30.372907],[77.9767406,30.3732755],[77.9768184,30.3734479],[77.9768828,30.3735393],[77.9769579,30.3736145],[77.9771563,30.3737754],[77.9772046,30.373839],[77.9774675,30.3743793],[77.9777582,30.3749786]]}},{"type":"Feature","properties":{"c":"residential"},"geometry":{"type":"LineString","coordinates":[[78.0107748,30.3540219],[78.0107671,30.3541039],[78.0106079,30.3556128],[78.0105512,30.356151],[78.0105324,30.356239],[78.0104774,30.3563049],[78.0103889,30.3563512],[78.0101716,30.35646]]}},{"type":"Feature","properties":{"c":"unclassified"},"geometry":{"type":"LineString","coordinates":[[77.9648847,30.3436166],[77.9649372,30.3436419],[77.9649757,30.3436722],[77.9650064,30.3437083],[77.9650179,30.3437441],[77.9650219,30.3438021],[77.9649839,30.3439694],[77.9649049,30.344313],[77.964886,30.3444117],[77.9648833,30.3444919],[77.9648928,30.3445882],[77.9649355,30.3448792],[77.9649611,30.3451154],[77.9649681,30.3452977],[77.9649748,30.3453685],[77.9649937,30.3454382],[77.9651138,30.3457411],[77.9652977,30.3464568],[77.9653502,30.3465935],[77.9654363,30.3467514],[77.965544,30.3469522],[77.9655631,30.3469828],[77.9655897,30.3470254],[77.9656422,30.3470962],[77.9657083,30.3471537],[77.9660364,30.3474115],[77.9661519,30.3474934],[77.9665245,30.3477725],[77.966989,30.3481702],[77.9670589,30.348226],[77.9671495,30.3482819],[77.9672486,30.3483339],[77.9673694,30.3483792],[77.9679855,30.3486129],[77.9682604,30.3487241],[77.9684124,30.3487693],[77.9685458,30.3487957],[77.9687676,30.3488239],[77.9688739,30.3488495],[77.9689614,30.348882],[77.969208,30.3490342],[77.9692762,30.3490933],[77.9693542,30.349178],[77.9697098,30.3496775],[77.969992,30.3501591],[77.9700135,30.3501893],[77.9700412,30.3502124],[77.970109,30.350216],[77.9701938,30.3502056],[77.9704346,30.3501394],[77.9705401,30.3501058],[77.9707508,30.3500395],[77.9708404,30.3500123],[77.9709446,30.3499722],[77.9712325,30.3498294],[77.9713206,30.3497911],[77.9713474,30.3497794],[77.971437,30.3497446],[77.9717927,30.3496104],[77.9718617,30.3495888],[77.972072,30.3495229],[77.9721353,30.3495031],[77.9721864,30.3494764],[77.9722248,30.3494495],[77.9724877,30.3492446],[77.9725551,30.3492024],[77.9726291,30.3491827],[77.9727073,30.34918],[77.9727824,30.3491954],[77.9728374,30.3492389],[77.972997,30.3494022],[77.9730502,30.3494288],[77.9731188,30.34943],[77.973182,30.3494172],[77.9732974,30.3493744],[77.973361,30.3493452],[77.9733987,30.3493417],[77.9734484,30.3493452],[77.9735066,30.3493826],[77.9737462,30.349563],[77.9737995,30.3496049],[77.9738366,30.3496248],[77.9738678,30.3496378],[77.9739096,30.3496465],[77.9740303,30.3496601],[77.974327,30.3496767],[77.9743542,30.3496817],[77.9743876,30.3496953],[77.9745106,30.3497713],[77.9745478,30.3498014],[77.9745913,30.3498503],[77.9746569,30.3499745],[77.9746627,30.3500258],[77.9746582,30.3500876],[77.9746459,30.3501227],[77.9745634,30.3502401],[77.9744062,30.3505363],[77.9743371,30.3506834],[77.974314,30.3507399],[77.9742866,30.3508115],[77.9742205,30.3510778],[77.9741814,30.3514859],[77.9741477,30.351804],[77.9741106,30.3521475],[77.9741129,30.3521953],[77.9741266,30.3522387],[77.9741572,30.352288],[77.9742369,30.3523816],[77.9743829,30.35256]]}},{"type":"Feature","properties":{"c":"residential"},"geometry":{"type":"LineString","coordinates":[[77.9700412,30.3502124],[77.9699314,30.3503275],[77.969891,30.3503743],[77.969879,30.3504111],[77.9698924,30.3504529],[77.9700827,30.3507097],[77.9703358,30.3510382],[77.9705786,30.3513527],[77.9708244,30.351652],[77.9710858,30.3519448],[77.9713272,30.3521841],[77.9716427,30.3525077],[77.9717074,30.3525718],[77.9717632,30.3526183],[77.9718487,30.352689],[77.9719604,30.3527691],[77.9720451,30.3528249],[77.9721534,30.3528776],[77.9726161,30.3530407],[77.9727246,30.3530803],[77.972812,30.3531163],[77.9730499,30.3532278],[77.9731384,30.3532405],[77.9732269,30.353229],[77.9733101,30.3531977],[77.9735769,30.3530102],[77.9738867,30.3528239],[77.9741174,30.352692],[77.9743829,30.35256]]}},{"type":"Feature","properties":{"c":"residential"},"geometry":{"type":"LineString","coordinates":[[77.9607171,30.3422012],[77.9607848,30.3425058],[77.9608063,30.342619],[77.960852,30.342796],[77.9610504,30.3427682],[77.9612162,30.3427318]]}},{"type":"Feature","properties":{"c":"residential"},"geometry":{"type":"LineString","coordinates":[[77.9603437,30.3422741],[77.9605998,30.3422311],[77.9607171,30.3422012],[77.9609301,30.3421547],[77.961116,30.3421166]]}},{"type":"Feature","properties":{"c":"residential"},"geometry":{"type":"LineString","coordinates":[[77.9610785,30.3418239],[77.961116,30.3421166],[77.9611321,30.3422225],[77.9611575,30.3424632],[77.9612162,30.3427318],[77.9612448,30.3429604],[77.961265,30.3431432],[77.9612486,30.3431693],[77.9612251,30.3431838],[77.9611941,30.3431949],[77.961102,30.3432198],[77.9610559,30.3432357],[77.9609856,30.3432657],[77.9608658,30.3433191],[77.9607179,30.3434024],[77.9603035,30.3436383],[77.9602726,30.3436478],[77.9602456,30.3436477],[77.9602237,30.3436399],[77.9601467,30.3435763],[77.960111,30.34355],[77.9600693,30.3435241],[77.9599524,30.3434591],[77.9599138,30.3434412],[77.9598736,30.3434358],[77.9598455,30.3434423],[77.9596792,30.3435431],[77.9596469,30.3435502],[77.9596235,30.3435476],[77.9596038,30.3435345],[77.9595806,30.3435043]]}},{"type":"Feature","properties":{"c":"residential"},"geometry":{"type":"LineString","coordinates":[[77.9602843,30.3419936],[77.9603437,30.3422741],[77.9603691,30.3424115],[77.9603855,30.3424843],[77.9604178,30.3425806],[77.9604362,30.3426411],[77.9604562,30.342732],[77.9604852,30.3428751],[77.9604979,30.3429937]]}},{"type":"Feature","properties":{"c":"residential"},"geometry":{"type":"LineString","coordinates":[[77.9593797,30.3432117],[77.9596235,30.3431385],[77.959822,30.3430772],[77.9600312,30.3430043]]}},{"type":"Feature","properties":{"c":"residential"},"geometry":{"type":"LineString","coordinates":[[77.9593186,30.3423765],[77.9593982,30.3425657],[77.9594141,30.3426282],[77.9594208,30.3427002],[77.9594143,30.3427799],[77.9593821,30.3428932],[77.9593338,30.3430784],[77.9593307,30.3431182],[77.9593428,30.3431612],[77.9593797,30.3432117],[77.9594102,30.3432636],[77.9595806,30.3435043],[77.9594465,30.3435922],[77.9592788,30.3437],[77.9590992,30.3437925]]}},{"type":"Feature","properties":{"c":"residential"},"geometry":{"type":"LineString","coordinates":[[77.9579395,30.3430474],[77.958167,30.34337],[77.9584812,30.3438747],[77.9584864,30.3438997],[77.9584761,30.3439246],[77.9584496,30.3439429],[77.9583092,30.344032]]}},{"type":"Feature","properties":{"c":"residential"},"geometry":{"type":"LineString","coordinates":[[77.9565162,30.3437103],[77.9565838,30.3438051],[77.9568877,30.3442311]]}},{"type":"Feature","properties":{"c":"residential"},"geometry":{"type":"LineString","coordinates":[[77.9553853,30.343971],[77.955491,30.3443774],[77.9555029,30.3444024],[77.9555305,30.3444209],[77.9555554,30.3444292],[77.955628,30.3444338],[77.955661,30.3444402],[77.9556887,30.3444616],[77.9557074,30.3444965],[77.9557669,30.344724]]}},{"type":"Feature","properties":{"c":"residential"},"geometry":{"type":"LineString","coordinates":[[77.9583164,30.3339579],[77.9583431,30.3342246],[77.9583634,30.3345841],[77.9583606,30.3346073],[77.9583519,30.3346247],[77.9583365,30.334635],[77.9582877,30.3346535],[77.9582698,30.3346619],[77.9582577,30.3346781],[77.958255,30.3346973],[77.9582514,30.3348351],[77.9582449,30.3348506],[77.9582338,30.334868],[77.9582194,30.3348814],[77.9581644,30.3349203],[77.9581487,30.3349371],[77.9581406,30.3349572],[77.9581417,30.3351264],[77.9581462,30.3351414],[77.9581551,30.3351511],[77.9581689,30.3351635],[77.9581763,30.3351743],[77.9581807,30.3351856],[77.958183,30.3352009],[77.9581703,30.3356125],[77.9581651,30.3358175]]}},{"type":"Feature","properties":{"c":"residential"},"geometry":{"type":"LineString","coordinates":[[77.9572976,30.3355667],[77.9572852,30.3352491],[77.9572771,30.3350305],[77.9572717,30.3348189],[77.9572727,30.3346183],[77.9572556,30.3344318],[77.9572436,30.3341738],[77.957245,30.3339504],[77.9572248,30.3331436]]}},{"type":"Feature","properties":{"c":"residential"},"geometry":{"type":"LineString","coordinates":[[77.9632932,30.3360008],[77.9632813,30.335822],[77.9632786,30.3357225],[77.963267,30.3356861],[77.9632451,30.3356287],[77.9632355,30.3355786],[77.963228,30.3355269],[77.9632229,30.3354332],[77.9632035,30.33505],[77.9631874,30.3345836],[77.9631686,30.3343999],[77.9631395,30.3341385],[77.9631432,30.3339781],[77.9631471,30.3338728],[77.9631284,30.3335649],[77.9630916,30.3332808],[77.9630801,30.3331922],[77.9629755,30.3325495],[77.9629178,30.3321899],[77.9629031,30.3320925],[77.9628893,30.3320525],[77.9628481,30.3319953],[77.962763,30.3318702],[77.9627275,30.3317956],[77.96271,30.3317522],[77.9626969,30.3317],[77.9626775,30.3315319]]}},{"type":"Feature","properties":{"c":"tertiary"},"geometry":{"type":"LineString","coordinates":[[77.969744,30.3886125],[77.9697121,30.3889863],[77.9696911,30.3892328],[77.9696793,30.3892682],[77.9696604,30.3893037],[77.9696149,30.3893613],[77.9695656,30.3894176],[77.9695273,30.3894613],[77.9694395,30.3895682],[77.9693616,30.3896852],[77.9693041,30.389822],[77.9692468,30.3900038],[77.9692304,30.3901175],[77.9692246,30.390225],[77.9692257,30.3904862],[77.9692217,30.3905374],[77.9692136,30.3905817],[77.9691709,30.390728],[77.9691599,30.3907658],[77.9690771,30.3910623],[77.969029,30.391193],[77.9689563,30.3913183],[77.9689231,30.3913648],[77.9688839,30.3914198],[77.968804,30.3915106],[77.9686416,30.3916714],[77.9684161,30.3918848],[77.968332,30.3920001],[77.9682632,30.392134],[77.9682114,30.3922755],[77.9681629,30.3925053],[77.9681331,30.3927171],[77.9681193,30.3928862],[77.9681155,30.3929325],[77.9681283,30.3931781],[77.968169,30.3934035],[77.9682476,30.3936858],[77.9683156,30.3939346],[77.9683293,30.3940654],[77.968343,30.3941963],[77.9683656,30.3943156],[77.9684041,30.394415],[77.9684509,30.3945266],[77.9686658,30.3950034],[77.9686998,30.3951208],[77.9687128,30.3952261],[77.9687155,30.3953304],[77.9687176,30.3954123],[77.9687243,30.3955514],[77.9687463,30.3956719],[77.9687769,30.3957601],[77.968804,30.3958606],[77.968811,30.3958944],[77.968821,30.3959431],[77.9688133,30.3960379],[77.9687999,30.3962981],[77.9688045,30.3963673],[77.9688157,30.3964262]]}},{"type":"Feature","properties":{"c":"residential"},"geometry":{"type":"LineString","coordinates":[[77.9803583,30.3798319],[77.9807022,30.3798774],[77.9807679,30.379904],[77.9808055,30.3799364],[77.980843,30.3800775],[77.9809114,30.3804986],[77.9809155,30.380571],[77.9808943,30.3806982],[77.9808974,30.3807393],[77.9809275,30.3807908],[77.9811186,30.3810245],[77.9811468,30.3810615],[77.9813245,30.3816336],[77.9813285,30.3817516],[77.9813017,30.3818557],[77.9810073,30.3825123],[77.9810094,30.3825787],[77.9810315,30.3826326],[77.9813365,30.383052],[77.981479,30.3834525],[77.9815054,30.3839896],[77.9814458,30.3843382],[77.9814351,30.3845418],[77.9814559,30.3846428],[77.9815316,30.3847176],[77.9816128,30.3847422],[77.9816926,30.3847362],[77.981875,30.3846436],[77.9819966,30.3845853]]}},{"type":"Feature","properties":{"c":"residential"},"geometry":{"type":"LineString","coordinates":[[77.9891029,30.3583159],[77.9891297,30.358646],[77.9891847,30.3588011],[77.9892611,30.3590105],[77.9893242,30.3591517],[77.9894087,30.3592848],[77.9894704,30.3593426],[77.9895709,30.3594213],[77.9901047,30.3596765],[77.9901483,30.3597083],[77.9902073,30.3597853],[77.9903555,30.3601052],[77.9904011,30.3601602],[77.9904554,30.3601955],[77.990495,30.36021],[77.9905795,30.3602285],[77.9906318,30.3602418],[77.9906894,30.3602649],[77.9907303,30.3603112],[77.9907793,30.3603749],[77.9907954,30.3604536],[77.990788,30.3605363],[77.9907525,30.3606202],[77.9906076,30.3608944],[77.990571,30.3610791],[77.9905647,30.3611239],[77.9905567,30.3611502],[77.9905399,30.3611768],[77.9904923,30.3611907],[77.9903629,30.3612266],[77.990153,30.3613168],[77.9900806,30.36137],[77.990039,30.3614175],[77.9899652,30.3615228],[77.9898123,30.3618694],[77.9897922,30.3619735],[77.9898036,30.3620163],[77.9898452,30.3620424],[77.9899076,30.3620655],[77.9900269,30.3620921],[77.9900725,30.3621326],[77.9900859,30.3621708],[77.990106,30.3622159],[77.9900953,30.3622831],[77.9899451,30.3624636],[77.9898512,30.3625249],[77.9897748,30.3625585],[77.9895817,30.3626117],[77.989357,30.3626892],[77.9892611,30.3627505],[77.9892015,30.3628188],[77.9891562,30.3628674],[77.9889312,30.3633129],[77.9888642,30.3634587],[77.9888561,30.3635582],[77.9888843,30.3636207],[77.9889393,30.3636913],[77.989674,30.3639969]]}},{"type":"Feature","properties":{"c":"residential"},"geometry":{"type":"LineString","coordinates":[[77.989697,30.3576936],[77.9891995,30.3567507],[77.9890917,30.3565465],[77.9888391,30.3560727],[77.9879202,30.3543489],[77.9874956,30.3535601],[77.9869831,30.3526153],[77.986851,30.3523627],[77.9867657,30.3522112],[77.9871223,30.3520456],[77.986991,30.3518136],[77.9869925,30.3517826],[77.987018,30.3517489],[77.9875235,30.3515379]]}},{"type":"Feature","properties":{"c":"residential"},"geometry":{"type":"LineString","coordinates":[[77.9335257,30.3357672],[77.9334511,30.3353405],[77.9334082,30.335032],[77.9334035,30.3350077],[77.9333807,30.3349944],[77.9333498,30.3349903],[77.933266,30.3349909],[77.9332251,30.334988],[77.9332117,30.3349736],[77.9332057,30.3349492],[77.9331627,30.3346055],[77.9331534,30.3345372],[77.933148,30.3344839],[77.933144,30.3344203],[77.9331413,30.3341448],[77.9331377,30.3340488],[77.9331346,30.3338716],[77.9331359,30.3338068],[77.9331614,30.3336216],[77.9331681,30.3335498],[77.9331708,30.3334746],[77.9331681,30.3333762],[77.9331708,30.3333345],[77.9331775,30.3332929],[77.9331869,30.3331759],[77.9331896,30.333103],[77.9331775,30.3330556],[77.9331144,30.3329305],[77.9329771,30.3326768]]}},{"type":"Feature","properties":{"c":"residential"},"geometry":{"type":"LineString","coordinates":[[77.9392661,30.3358636],[77.9400292,30.3360141],[77.9401512,30.3360431],[77.9402693,30.3360755],[77.940349,30.3361021],[77.9405679,30.3361753],[77.9406688,30.336209],[77.9412657,30.3364216],[77.9415023,30.3365248],[77.9421045,30.3367908],[77.9421938,30.3368371],[77.942238,30.3368545],[77.9422914,30.3368623],[77.9423453,30.3368452],[77.9424566,30.3367422],[77.9424928,30.3367121],[77.9425505,30.3366832],[77.9426108,30.3366635],[77.9426529,30.3366526],[77.9432157,30.3365072],[77.9433404,30.3364748],[77.9434289,30.336454],[77.9435161,30.3364424],[77.9436153,30.3364378],[77.9440083,30.3364236],[77.9440632,30.3364216],[77.9444079,30.3364123],[77.9445367,30.33641],[77.9446788,30.3364146],[77.9447526,30.3364193],[77.9448223,30.3364262],[77.9450181,30.3364725],[77.9451133,30.3364852],[77.9451938,30.3364922],[77.9452876,30.3364968],[77.9455127,30.3365107]]}},{"type":"Feature","properties":{"c":"unclassified"},"geometry":{"type":"LineString","coordinates":[[77.9777582,30.3749786],[77.9780307,30.3747658],[77.9785565,30.3742521],[77.9786203,30.3741961],[77.9788931,30.3739778],[77.9790889,30.3738251],[77.9791352,30.3737835],[77.9792458,30.373684],[77.9794201,30.3735092],[77.979783,30.3732204],[77.9800424,30.373014],[77.9802579,30.3728391],[77.980292,30.3728114],[77.9806298,30.3725373],[77.9808263,30.3723719],[77.9808792,30.3723129],[77.9809986,30.3721636],[77.9810362,30.3721312],[77.9811455,30.3720722],[77.9812293,30.3720028],[77.9813037,30.3718929],[77.9813835,30.3717367],[77.9814707,30.371577],[77.9816222,30.3712403],[77.9817751,30.3708237],[77.9819387,30.370244],[77.9821229,30.3696023],[77.9821506,30.3695058],[77.9821999,30.3693585],[77.9823746,30.3688359],[77.9824101,30.3687303],[77.9825167,30.3684135],[77.9825837,30.3681531],[77.9825964,30.3680994],[77.9826213,30.3679935],[77.9826535,30.3677864],[77.9827112,30.367555],[77.9827769,30.3673802],[77.9829268,30.3669803],[77.9830545,30.3666952],[77.983076,30.3666327],[77.98308,30.3665517],[77.9830733,30.366465],[77.9830036,30.3662764],[77.9827407,30.3657105],[77.9826468,30.3655566],[77.9826227,30.3655063],[77.982609,30.3654473],[77.9826113,30.3651405],[77.9826166,30.3651175],[77.982631,30.3650553],[77.9826777,30.364985],[77.9827313,30.3649352],[77.9828627,30.3648369],[77.9829968,30.3647559],[77.9830599,30.3647015],[77.9830974,30.3646112],[77.9831122,30.3645418],[77.9831001,30.3644701],[77.9830116,30.3642826],[77.9829875,30.3641935],[77.9829875,30.3641148],[77.9829955,30.3639193],[77.9829767,30.3637202],[77.9829875,30.3636578],[77.9830222,30.3635907],[77.9831015,30.3635062],[77.9832193,30.3634108],[77.9832541,30.3633826]]}},{"type":"Feature","properties":{"c":"residential"},"geometry":{"type":"LineString","coordinates":[[77.9842186,30.3578452],[77.9840845,30.3580431],[77.9838458,30.3583266],[77.9837759,30.3584058],[77.9837385,30.3584481],[77.9837251,30.3584539],[77.9836956,30.3584614],[77.9836392,30.3584666],[77.9836077,30.3584747],[77.9835802,30.3584892],[77.9835507,30.3585129]]}},{"type":"Feature","properties":{"c":"residential"},"geometry":{"type":"LineString","coordinates":[[77.9845351,30.3578973],[77.984456,30.3578695],[77.9843661,30.3578591],[77.9842186,30.3578452],[77.983949,30.3577526],[77.9838927,30.3577399],[77.9838578,30.3577411],[77.9838176,30.3577515],[77.9837774,30.3577769],[77.9836312,30.3579204],[77.9833844,30.3581449],[77.9830465,30.3584308],[77.9827742,30.3586888],[77.9823853,30.3590603],[77.982333,30.3590869],[77.9822753,30.3591008],[77.9822364,30.3590985],[77.9821815,30.3590742],[77.9819562,30.3588821]]}},{"type":"Feature","properties":{"c":"residential"},"geometry":{"type":"LineString","coordinates":[[77.9856974,30.3592356],[77.9855865,30.359338],[77.9855047,30.3594167],[77.9854739,30.3594399],[77.9854283,30.3594966],[77.9853921,30.3595475],[77.9853438,30.3596019],[77.9852512,30.3597106],[77.9851319,30.3598657],[77.9849482,30.3600335],[77.9847443,30.3602152],[77.9843929,30.3604964],[77.9842977,30.3605357],[77.9842387,30.3605554],[77.9842132,30.3605554],[77.9841582,30.3605473],[77.9841153,30.3605438],[77.9840778,30.3605577],[77.9840114,30.3606158],[77.9839933,30.3606273],[77.9839826,30.36063],[77.9839603,30.3606296],[77.9839316,30.3606144],[77.9837755,30.3604792],[77.9837688,30.3604711],[77.9837673,30.3604656],[77.9837678,30.3604606],[77.983774,30.3604495],[77.9838236,30.3604055],[77.9839303,30.3603147],[77.9842575,30.3600381],[77.9842823,30.3600294],[77.9843131,30.36003],[77.9843681,30.3600462],[77.9844084,30.3600717],[77.9844345,30.3600746],[77.98446,30.3600653],[77.9845002,30.3600387],[77.984747,30.3597928],[77.9847926,30.3597095],[77.9848422,30.3596435],[77.9849026,30.3595787],[77.9850809,30.3593843]]}},{"type":"Feature","properties":{"c":"residential"},"geometry":{"type":"LineString","coordinates":[[77.9872093,30.3602846],[77.9872334,30.3603153],[77.9872408,30.3603459],[77.9872368,30.3603697],[77.9872227,30.3603969],[77.9871596,30.3604628],[77.9871207,30.3605288],[77.9870912,30.360597],[77.9870094,30.3607128],[77.9869317,30.3607996]]}},{"type":"Feature","properties":{"c":"unclassified"},"geometry":{"type":"LineString","coordinates":[[77.9848194,30.3615355],[77.9847309,30.3615511],[77.9846203,30.3616009],[77.9844268,30.3617302],[77.9843648,30.3617716],[77.9842964,30.3618341],[77.9842535,30.3618584],[77.9841971,30.3618757],[77.9840818,30.3618804],[77.9839236,30.3618642],[77.9836768,30.3617855],[77.9832637,30.3616466],[77.9829419,30.3615702],[77.9828004,30.361543],[77.9826824,30.3615072],[77.9826086,30.3614759],[77.9823759,30.3613041],[77.9823558,30.3612671],[77.9823504,30.3612294],[77.9823659,30.3611565],[77.9825261,30.3609141],[77.9825462,30.3608447],[77.9825395,30.36077],[77.9825127,30.3606827],[77.9824638,30.3606028],[77.9822579,30.3603806],[77.9822177,30.3603234],[77.9821841,30.3602441],[77.9821627,30.3601481],[77.9821399,30.360052],[77.9820071,30.3598738],[77.9819843,30.3598298],[77.9819655,30.3597587],[77.9819555,30.3596788],[77.9819494,30.3595382],[77.9819602,30.3592339],[77.9819508,30.3589804],[77.9819562,30.3588821],[77.9819414,30.3587097],[77.9819119,30.3586333],[77.9818475,30.3585638],[77.9817818,30.3585291],[77.9816946,30.3585083],[77.9814271,30.358501],[77.9812266,30.3584956],[77.9809262,30.3584076],[77.9807492,30.3583463],[77.9806566,30.3582907],[77.9806325,30.3582618],[77.9806137,30.3582248],[77.9805882,30.3581507],[77.9805627,30.3578811],[77.980544,30.3577978],[77.9805104,30.3576369],[77.9804823,30.3575814],[77.9804394,30.3575443],[77.9804105,30.3575333],[77.9800598,30.3575397],[77.9799842,30.3575374],[77.979636,30.3575443],[77.979576,30.3575377],[77.9795381,30.3575223],[77.979463,30.3574749],[77.9793625,30.3574032],[77.9790862,30.3572215],[77.9787362,30.3570942],[77.9785645,30.3570352],[77.9784545,30.3569437],[77.9783553,30.3567806],[77.9783325,30.3567343],[77.9782882,30.3566324],[77.9781836,30.3565132],[77.9780254,30.3564646],[77.9778148,30.3564681],[77.9776794,30.3564623],[77.9775587,30.3564311],[77.9773656,30.3563211],[77.9772113,30.3561962],[77.9770933,30.3560747],[77.9767661,30.3555203],[77.9766548,30.3553849],[77.9764724,30.3552275],[77.9762856,30.3550148],[77.9762538,30.3549787],[77.9759078,30.3545124],[77.9753539,30.3537659],[77.9751903,30.3534882],[77.975032,30.3532706],[77.9749927,30.3532217],[77.9748738,30.3530739],[77.9743829,30.35256]]}},{"type":"Feature","properties":{"c":"residential"},"geometry":{"type":"LineString","coordinates":[[77.9839423,30.3551546],[77.9837811,30.3552434],[77.9833657,30.355481],[77.9831673,30.3555865],[77.9828171,30.3557917]]}},{"type":"Feature","properties":{"c":"residential"},"geometry":{"type":"LineString","coordinates":[[77.9855034,30.3566463],[77.9839423,30.3551546]]}},{"type":"Feature","properties":{"c":"residential"},"geometry":{"type":"LineString","coordinates":[[77.9857139,30.3565352],[77.9855034,30.3566463],[77.9851824,30.3568444],[77.9849569,30.3569835],[77.9844962,30.3572677],[77.9844158,30.3573418],[77.9847671,30.3576693],[77.9845351,30.3578973],[77.9847245,30.3580273],[77.9848678,30.3581396],[77.9849153,30.358218],[77.9849656,30.3583012],[77.9850233,30.3584169],[77.9850903,30.3585048],[77.9852083,30.3586611],[77.9852542,30.3587256],[77.9854256,30.3589666],[77.9856974,30.3592356],[77.9859902,30.3594839],[77.9863765,30.3596965],[77.9866782,30.3598622],[77.986756,30.3599178],[77.9868847,30.3600358],[77.986992,30.3601365],[77.9870725,30.3602001],[77.9871462,30.3602487],[77.9872093,30.3602846],[77.9872906,30.360225],[77.9877645,30.3597303]]}},{"type":"Feature","properties":{"c":"residential"},"geometry":{"type":"LineString","coordinates":[[77.9760218,30.3697575],[77.9760908,30.369717],[77.9761565,30.3696672],[77.9762256,30.3696157],[77.9762779,30.3695631],[77.9764087,30.3694271],[77.9764684,30.3693751],[77.9765367,30.3693299],[77.9766078,30.3692987],[77.9767326,30.3692351],[77.9771322,30.3690372],[77.9774407,30.3688289],[77.9776673,30.368697],[77.9779422,30.3685582],[77.978244,30.3683672],[77.9782641,30.3683516],[77.9782768,30.3683268],[77.9782856,30.3682828],[77.9782661,30.3682417],[77.9777867,30.3673374],[77.9777746,30.3672981],[77.9777846,30.3672634],[77.9778135,30.3672391],[77.9780442,30.3671581],[77.9783539,30.3670528],[77.9785739,30.3669683],[77.9788153,30.3668549],[77.9789159,30.3668052],[77.9789561,30.3667785],[77.9789722,30.3667508],[77.9789789,30.3667114],[77.9789749,30.3666871],[77.9788783,30.3665251],[77.9782265,30.3653819],[77.9780951,30.365184],[77.9779923,30.3650325],[77.9779758,30.3650081],[77.977957,30.3649659],[77.9779563,30.3649352],[77.9779664,30.3648971],[77.978012,30.3648519],[77.9780442,30.3648242],[77.9781997,30.364742],[77.9784612,30.3646286],[77.9790285,30.364359],[77.9791921,30.3642641],[77.9792444,30.364212],[77.9792766,30.3641565],[77.9792833,30.364072],[77.9792766,30.3639505],[77.9792351,30.3638267],[77.9789534,30.363262]]}},{"type":"Feature","properties":{"c":"residential"},"geometry":{"type":"LineString","coordinates":[[77.9729506,30.3629149],[77.9730928,30.3635282],[77.9732028,30.3639054],[77.9733556,30.3643659],[77.9734536,30.3649538],[77.9734898,30.3650741],[77.9736051,30.3653194],[77.974112,30.3663088],[77.9742435,30.3665517],[77.9743668,30.3667716],[77.9744245,30.3668665],[77.9744728,30.3669209],[77.9745707,30.3670146],[77.974804,30.3672298],[77.9748765,30.3672877],[77.9749006,30.3673183],[77.9749167,30.3673525],[77.9749368,30.3674173],[77.9749891,30.3676313],[77.9750394,30.3677551],[77.9751018,30.367909],[77.9751527,30.3680138],[77.975197,30.3680797],[77.9753988,30.3683158],[77.9754471,30.368358],[77.9754987,30.3683991],[77.9756315,30.3684951],[77.9759386,30.3686912],[77.9760895,30.3688064]]}},{"type":"Feature","properties":{"c":"residential"},"geometry":{"type":"LineString","coordinates":[[77.971807,30.360316],[77.9718167,30.3603208],[77.9718228,30.3603271],[77.9718335,30.3603529],[77.9718422,30.3603859],[77.971859,30.3604368],[77.9718737,30.3604657],[77.9721257,30.3608212],[77.9725832,30.3615587],[77.9727387,30.3618873]]}},{"type":"Feature","properties":{"c":"service"},"geometry":{"type":"LineString","coordinates":[[77.9685062,30.3539557],[77.968683,30.3541911],[77.9689085,30.3544915],[77.9689568,30.3545135],[77.9689997,30.3545147],[77.96904,30.35451],[77.9698688,30.3539372]]}},{"type":"Feature","properties":{"c":"service"},"geometry":{"type":"LineString","coordinates":[[77.9705715,30.3550135],[77.9703711,30.354651],[77.9701799,30.3543052],[77.970137,30.3542404],[77.9698688,30.3539372],[77.9695751,30.353628],[77.9693417,30.3533823],[77.9693176,30.3533736],[77.9692807,30.3533667],[77.9692525,30.3533742],[77.9688669,30.35364],[77.9685062,30.3538886],[77.9684975,30.3539042],[77.9684955,30.3539265],[77.9685062,30.3539557]]}},{"type":"Feature","properties":{"c":"service"},"geometry":{"type":"LineString","coordinates":[[77.9709604,30.3565225],[77.9702066,30.3552228]]}},{"type":"Feature","properties":{"c":"service"},"geometry":{"type":"LineString","coordinates":[[77.9707115,30.3566277],[77.9699861,30.3553493]]}},{"type":"Feature","properties":{"c":"service"},"geometry":{"type":"LineString","coordinates":[[77.9702939,30.3568043],[77.9707115,30.3566277],[77.9709604,30.3565225],[77.9713766,30.3563598]]}},{"type":"Feature","properties":{"c":"service"},"geometry":{"type":"LineString","coordinates":[[77.9705715,30.3550135],[77.9702066,30.3552228],[77.9699861,30.3553493],[77.9695952,30.3555736],[77.9702939,30.3568043],[77.9705071,30.3571798],[77.9715908,30.3567169]]}},{"type":"Feature","properties":{"c":"service"},"geometry":{"type":"LineString","coordinates":[[77.971807,30.360316],[77.9719877,30.3601643],[77.9721433,30.3599849],[77.9722519,30.3598229],[77.9722774,30.3597488],[77.97226,30.3596898],[77.9721647,30.3594942],[77.9720537,30.3593026],[77.9720306,30.3592628],[77.9717383,30.3588566],[77.9717168,30.3587988],[77.9716873,30.3586622],[77.9717034,30.3585777],[77.9717369,30.3585257],[77.9718,30.3584817],[77.9721554,30.3583399],[77.9722285,30.3582931],[77.9722559,30.3582445],[77.9722513,30.3581918],[77.9722077,30.35805],[77.9718322,30.3570919],[77.9716451,30.3568012],[77.9715908,30.3567169],[77.9713766,30.3563598],[77.9708794,30.355528],[77.9705715,30.3550135]]}},{"type":"Feature","properties":{"c":"residential"},"geometry":{"type":"LineString","coordinates":[[77.9664035,30.3519097],[77.9663216,30.3518067],[77.9662947,30.3517741],[77.9662599,30.3517389],[77.9662079,30.3516958],[77.9661239,30.3516378],[77.9660115,30.3515686],[77.9659321,30.3515117],[77.9658717,30.3514561],[77.9653841,30.350978],[77.9651242,30.3507547],[77.9650313,30.3506746],[77.9649335,30.3505741],[77.964695,30.3503101],[77.9645032,30.3501206],[77.9643815,30.3499826],[77.9642415,30.3497998],[77.9640272,30.3495308]]}},{"type":"Feature","properties":{"c":"residential"},"geometry":{"type":"LineString","coordinates":[[77.9630625,30.3537211],[77.963288,30.353726],[77.9633396,30.3537335],[77.9635689,30.3537983],[77.9636883,30.3538134],[77.9637346,30.3538116],[77.9637674,30.3537995],[77.9638345,30.3537607],[77.9638767,30.3537266],[77.9640833,30.3534141],[77.9641398,30.3533344],[77.964381,30.3530021],[77.9644346,30.3529697],[77.9645285,30.352942],[77.9646383,30.3529427],[77.9649868,30.3529397],[77.9650448,30.3529369],[77.9651006,30.3529293],[77.96515,30.3529084],[77.9652834,30.3528204],[77.965317,30.352806],[77.9653556,30.3527988],[77.9653961,30.3527991],[77.9656376,30.3528176],[77.9656939,30.3528164],[77.9657348,30.3528037],[77.9657619,30.3527848],[77.9657891,30.3527429],[77.9660323,30.3523581],[77.9661803,30.3521631],[77.9663157,30.3519988],[77.9663539,30.3519547],[77.9664035,30.3519097],[77.9664555,30.351874],[77.9668396,30.3516348],[77.9668898,30.351599],[77.9669182,30.3515788]]}},{"type":"Feature","properties":{"c":"service"},"geometry":{"type":"LineString","coordinates":[[77.9891336,30.3357487],[77.9891513,30.3354999],[77.9892083,30.3345581],[77.9892462,30.3339308],[77.9892939,30.3330927],[77.989299,30.3330732],[77.989309,30.3330553],[77.9893291,30.3330437],[77.9903714,30.3330629],[77.992056,30.3331424],[77.991989,30.3343543],[77.9919702,30.3346738]]}},{"type":"Feature","properties":{"c":"service"},"geometry":{"type":"LineString","coordinates":[[77.9901403,30.3362983],[77.9901875,30.3361862],[77.990197,30.3361449],[77.9902021,30.3358241],[77.9902196,30.3355511],[77.9902821,30.3346021],[77.9903018,30.3342663],[77.9903184,30.3339678],[77.9903528,30.3333496],[77.9903714,30.3330629],[77.9904201,30.3323111]]}},{"type":"Feature","properties":{"c":"service"},"geometry":{"type":"LineString","coordinates":[[77.9950091,30.3384695],[77.9953884,30.3327985],[77.9953954,30.3326921],[77.9954033,30.3325942]]}},{"type":"Feature","properties":{"c":"residential"},"geometry":{"type":"LineString","coordinates":[[78.0245514,30.3993925],[78.0242513,30.3995055],[78.023917,30.3996749],[78.023333,30.4000112],[78.0225213,30.4004787],[78.0220704,30.4007215],[78.0218768,30.4008207],[78.0207235,30.4013389],[78.020671,30.4013587],[78.0206182,30.4013736],[78.0202634,30.4014605],[78.0193656,30.4016922],[78.0187156,30.4018342],[78.0186405,30.4018507],[78.0185766,30.4018647],[78.0184501,30.4019021],[78.0182785,30.4019588],[78.0182457,30.4019696],[78.017749,30.4021686],[78.0175271,30.4022636],[78.0173833,30.4023283],[78.0172811,30.4023897],[78.0171901,30.4024535],[78.0170968,30.4025443],[78.0169382,30.4026957],[78.016784,30.4028433],[78.0166898,30.402922],[78.0164958,30.4030592],[78.0163883,30.403137],[78.0163394,30.4031786],[78.0163063,30.403223],[78.0162824,30.4032674],[78.0162748,30.4033029],[78.016277,30.4033392],[78.0163054,30.4034547],[78.0163711,30.403637],[78.0163803,30.4036735],[78.01638,30.403712],[78.016376,30.4037382],[78.0163673,30.4037669],[78.0163607,30.4038087],[78.0163639,30.4038262],[78.0163739,30.4038454],[78.0163944,30.4038666],[78.0164236,30.4038789],[78.0164509,30.4038764],[78.016483,30.4038644],[78.0165238,30.403846],[78.0165703,30.4038363],[78.0166312,30.4038367],[78.0166627,30.4038508],[78.0166829,30.4038712],[78.0167004,30.4038975],[78.0167344,30.4039659]]}},{"type":"Feature","properties":{"c":"residential"},"geometry":{"type":"LineString","coordinates":[[78.0077787,30.3508606],[78.007814,30.3507269],[78.0078297,30.350667],[78.0078515,30.3505834],[78.0078765,30.3503894]]}},{"type":"Feature","properties":{"c":"service"},"geometry":{"type":"LineString","coordinates":[[78.0139992,30.3437412],[78.0139043,30.3436679],[78.0138731,30.3436539],[78.0138329,30.3436513],[78.0137982,30.3436666],[78.0137765,30.3436937],[78.0137739,30.3437111],[78.0137752,30.3437354],[78.013806,30.3437701],[78.0138844,30.3438456],[78.0139267,30.3438673],[78.0139536,30.3438715],[78.0140153,30.3438662]]}},{"type":"Feature","properties":{"c":"service"},"geometry":{"type":"LineString","coordinates":[[78.0141621,30.3439788],[78.0140153,30.3438662],[78.0140313,30.3438268],[78.0140246,30.3437828],[78.0139992,30.3437412],[78.0142053,30.3435646],[78.0140244,30.3434169],[78.013626,30.3430376],[78.0133383,30.342755],[78.0132978,30.342734],[78.0132696,30.3427346],[78.0132373,30.3427425],[78.0132109,30.3427554],[78.0127814,30.3431231]]}},{"type":"Feature","properties":{"c":"service"},"geometry":{"type":"LineString","coordinates":[[77.9247245,30.335785],[77.9245421,30.3361993],[77.9245113,30.3362634],[77.9241888,30.3369355]]}},{"type":"Feature","properties":{"c":"service"},"geometry":{"type":"LineString","coordinates":[[77.9233754,30.3366855],[77.9241888,30.3369355],[77.9248667,30.3371438]]}},{"type":"Feature","properties":{"c":"service"},"geometry":{"type":"LineString","coordinates":[[77.9254353,30.3370373],[77.926138,30.3369077]]}},{"type":"Feature","properties":{"c":"service"},"geometry":{"type":"LineString","coordinates":[[77.9239858,30.3355959],[77.9239052,30.3358461],[77.9238672,30.3359735],[77.9238196,30.3360612],[77.9237753,30.3361268],[77.9235191,30.3363603],[77.9234659,30.3364429],[77.9233754,30.3366855],[77.9231822,30.3373244],[77.9231501,30.3374957],[77.9231573,30.3375715],[77.9231822,30.3376207],[77.9232298,30.3376577],[77.9233076,30.3376832],[77.9234144,30.3376869],[77.9235887,30.3376782],[77.925597,30.3375448],[77.9260543,30.3374949],[77.9261179,30.3374673],[77.9261633,30.3374159],[77.9261789,30.3373844],[77.9261997,30.3373134],[77.9261948,30.337211],[77.9261825,30.3370534],[77.9261702,30.3369768],[77.926138,30.3369077],[77.9260942,30.3368308],[77.9260531,30.3367889],[77.9259878,30.3367457],[77.925914,30.3366978],[77.9258404,30.3366668],[77.9254769,30.3365549],[77.9254256,30.3365432],[77.9253919,30.3365452],[77.9253601,30.3365623],[77.9253463,30.3365926],[77.9253464,30.336629],[77.9254353,30.3370373]]}},{"type":"Feature","properties":{"c":"tertiary"},"geometry":{"type":"LineString","coordinates":[[77.9637614,30.3360662],[77.9636763,30.3360331],[77.9635131,30.3359968],[77.9634194,30.335993],[77.9632932,30.3360008],[77.9628576,30.3360202],[77.9627171,30.3360293],[77.9626348,30.3360343],[77.9625365,30.336037],[77.9621613,30.3360541],[77.9619551,30.3360583],[77.9617119,30.3360819],[77.9614537,30.3361035],[77.960611,30.3361701],[77.9603613,30.3361732],[77.960097,30.3361582],[77.9597514,30.3361206],[77.9592811,30.3360541],[77.9585691,30.3359192],[77.9585401,30.3359122],[77.9581651,30.3358175],[77.9580773,30.3357952],[77.9576073,30.3356563],[77.9572976,30.3355667],[77.9571076,30.3355186],[77.9568279,30.33544],[77.9565036,30.3353659],[77.9563465,30.3353408],[77.9562604,30.3353453],[77.9561945,30.335358],[77.9561195,30.3353787],[77.9559213,30.3354509],[77.9557731,30.3355125],[77.9556765,30.3355322],[77.9555731,30.33553],[77.9554076,30.3355164],[77.9552977,30.335506],[77.9551502,30.3355002],[77.9549825,30.3355118],[77.9548497,30.3355373],[77.9547528,30.3355584],[77.954683,30.3354859],[77.9545577,30.3353961],[77.9544687,30.3353449],[77.9543179,30.3352764],[77.9540822,30.3351919],[77.9536765,30.3350594],[77.9535113,30.3350145],[77.9528998,30.3349198],[77.952233,30.3344146],[77.9521111,30.33434],[77.9519409,30.3342791],[77.9518256,30.3342561],[77.9516699,30.3342325],[77.9510053,30.3341763],[77.9506085,30.3341533],[77.9500781,30.3341228],[77.9499051,30.3341089],[77.9498229,30.3341],[77.9497118,30.3340762],[77.9495518,30.3340237],[77.9494554,30.3339812],[77.9491783,30.3338373],[77.9489599,30.3337414],[77.9488041,30.333674],[77.9485851,30.333583],[77.9485091,30.333543],[77.9480409,30.3333023],[77.9476581,30.3331175],[77.9467032,30.3326747],[77.9463839,30.3325343],[77.9459202,30.3323207],[77.9455167,30.3321462],[77.9454534,30.3321174],[77.9452984,30.3320752],[77.9451967,30.332061],[77.9450687,30.3320535],[77.9445705,30.3320249],[77.9439546,30.3319932],[77.9434544,30.3319587],[77.9431151,30.3319201],[77.9429063,30.3319117],[77.9427239,30.3318899],[77.942069,30.3318241],[77.9418718,30.3318104],[77.9415231,30.3318049],[77.9412961,30.3318091],[77.9410444,30.3318013],[77.940807,30.331799],[77.9405094,30.3317948],[77.9403524,30.3317916],[77.9402237,30.3317823],[77.940056,30.3317626],[77.9398811,30.3317355],[77.9391859,30.331678],[77.939026,30.3316816],[77.9389047,30.3316993],[77.9388236,30.3317165],[77.9387076,30.3317455],[77.9385744,30.3317905],[77.9384936,30.3318338],[77.9384787,30.3318896],[77.9384875,30.3319397],[77.9385215,30.3319967],[77.938594,30.3320887],[77.9386769,30.3321798],[77.9388778,30.3323794],[77.9389526,30.332459],[77.9389841,30.3325069],[77.9390034,30.3325758],[77.9390057,30.332687],[77.9390118,30.3327354],[77.9390851,30.3333149],[77.9391194,30.3338057],[77.9391226,30.3338519],[77.9391307,30.3339226],[77.9391427,30.3339746],[77.9391964,30.3341494],[77.9392138,30.3342455],[77.9392205,30.3343971],[77.9392139,30.3345361],[77.9391854,30.3348382],[77.9391763,30.334991],[77.9392137,30.3352878],[77.9392531,30.3356001],[77.9392707,30.3357391],[77.9392661,30.3358636],[77.939238,30.3359585],[77.939231,30.3359895],[77.9392191,30.336042],[77.9391332,30.3364131]]}},{"type":"Feature","properties":{"c":"residential"},"geometry":{"type":"LineString","coordinates":[[77.9406688,30.336209],[77.9408097,30.3362016],[77.94085,30.336197],[77.9408889,30.3361773],[77.9409157,30.3361484],[77.9410283,30.3358127],[77.9410444,30.3357907],[77.9410699,30.3357827],[77.9410961,30.335785],[77.9412342,30.3358225],[77.9412637,30.3358208],[77.9412838,30.335811],[77.9412979,30.3357907],[77.9414166,30.3352513],[77.9414273,30.3352294],[77.9414468,30.3352178],[77.941483,30.3352201],[77.9416949,30.3352571],[77.941725,30.3352571],[77.9417505,30.3352496],[77.9417606,30.3352311],[77.9417807,30.3350367],[77.9417874,30.3350228],[77.9418048,30.3350135],[77.9418316,30.3350141],[77.9419517,30.3350273],[77.9419758,30.3350239],[77.9419919,30.3350123],[77.9419979,30.3349956],[77.9420328,30.3346437],[77.9420569,30.3343265],[77.9420865,30.3339353],[77.9420972,30.3338543],[77.9421106,30.3338161],[77.9421468,30.3338011],[77.9421951,30.3337987],[77.9424754,30.3339017],[77.9425706,30.3339359],[77.9425988,30.3339515],[77.9426122,30.3339723],[77.9426135,30.3340065],[77.9425545,30.3343879]]}},{"type":"Feature","properties":{"c":"residential"},"geometry":{"type":"LineString","coordinates":[[77.9449082,30.3338542],[77.9451227,30.3339029],[77.9453588,30.3339353],[77.9455975,30.3339746],[77.9457276,30.3339955],[77.9459166,30.3340302],[77.9461674,30.3340788],[77.9462841,30.3340973],[77.9463807,30.3341078],[77.9465094,30.3341147],[77.946553,30.3341187],[77.9465865,30.3341286],[77.9466087,30.3341529],[77.946606,30.3341807],[77.9465966,30.3342172],[77.9465603,30.3343973],[77.9465416,30.3344897],[77.9465051,30.3346466],[77.9464732,30.3347837],[77.9464517,30.3348914],[77.9464343,30.3349724],[77.9464128,30.3350383],[77.9463485,30.3351993]]}},{"type":"Feature","properties":{"c":"residential"},"geometry":{"type":"LineString","coordinates":[[77.9442724,30.3352051],[77.9439305,30.3352224],[77.9438433,30.3352271],[77.9437762,30.3352282],[77.943323,30.3352317],[77.9432928,30.3352352],[77.943272,30.3352438],[77.9432532,30.3352606],[77.9431982,30.3353231],[77.9431741,30.3353364],[77.94315,30.3353416],[77.9431138,30.335344],[77.9430118,30.3353448],[77.9424499,30.3353497],[77.9424211,30.3353567],[77.9424036,30.3353694],[77.9423962,30.3353948],[77.9423971,30.3355799],[77.9423963,30.3356507]]}},{"type":"Feature","properties":{"c":"residential"},"geometry":{"type":"LineString","coordinates":[[77.9392139,30.3345361],[77.9397579,30.3346248],[77.9402009,30.3346992],[77.940231,30.3347114],[77.9402444,30.3347305],[77.9402478,30.3347542],[77.940229,30.3350065],[77.9402223,30.3350447],[77.9402109,30.3350829],[77.9401981,30.3351264],[77.9401855,30.3351749],[77.9401754,30.3352085],[77.9401606,30.335337]]}},{"type":"Feature","properties":{"c":"service"},"geometry":{"type":"LineString","coordinates":[[78.0117506,30.3647525],[78.0126071,30.3643706]]}},{"type":"Feature","properties":{"c":"residential"},"geometry":{"type":"LineString","coordinates":[[78.0151337,30.3671777],[78.0156273,30.3678142],[78.0159169,30.3681775],[78.0160832,30.368321],[78.0162147,30.3684297],[78.0162898,30.368483]]}},{"type":"Feature","properties":{"c":"residential"},"geometry":{"type":"LineString","coordinates":[[78.0162482,30.3666368],[78.01619,30.3666748],[78.0158794,30.3668167],[78.01552,30.3669718],[78.0151337,30.3671777],[78.0140712,30.3657516]]}},{"type":"Feature","properties":{"c":"residential"},"geometry":{"type":"LineString","coordinates":[[78.0151468,30.3652379],[78.0157775,30.3660507],[78.0160376,30.3663886],[78.0161664,30.3665622],[78.0162482,30.3666368],[78.0164212,30.3666617],[78.0166304,30.3666501],[78.0169791,30.3664627],[78.0175209,30.3661641]]}},{"type":"Feature","properties":{"c":"residential"},"geometry":{"type":"LineString","coordinates":[[78.0025855,30.3585623],[78.0029096,30.3582016],[78.0030021,30.3581021],[78.0033588,30.3577492],[78.0037826,30.3572631],[78.003935,30.3570782]]}},{"type":"Feature","properties":{"c":"residential"},"geometry":{"type":"LineString","coordinates":[[78.0014504,30.3552101],[78.0008415,30.3557206],[78.0007839,30.3557853],[78.0007423,30.3558698],[78.0006485,30.3561013]]}},{"type":"Feature","properties":{"c":"residential"},"geometry":{"type":"LineString","coordinates":[[78.0006216,30.3544013],[77.9998183,30.3551593]]}},{"type":"Feature","properties":{"c":"residential"},"geometry":{"type":"LineString","coordinates":[[78.0002341,30.3541247],[77.9994911,30.3548306]]}},{"type":"Feature","properties":{"c":"residential"},"geometry":{"type":"LineString","coordinates":[[77.9997861,30.3539858],[77.9994053,30.3543492]]}},{"type":"Feature","properties":{"c":"residential"},"geometry":{"type":"LineString","coordinates":[[77.999256,30.3538714],[77.9990378,30.3540807]]}},{"type":"Feature","properties":{"c":"residential"},"geometry":{"type":"LineString","coordinates":[[77.9983084,30.3532746],[77.9983925,30.3528285]]}},{"type":"Feature","properties":{"c":"residential"},"geometry":{"type":"LineString","coordinates":[[78.0004191,30.3536872],[78.0000678,30.3535692],[77.9997835,30.3534928],[77.9996628,30.3534604],[77.998653,30.3533133],[77.9983084,30.3532746],[77.9974177,30.3531572],[77.9966466,30.353075],[77.9966198,30.35306],[77.9966091,30.3530334],[77.9966211,30.3528598],[77.9966345,30.3526781],[77.9966533,30.3526492],[77.9966936,30.3526376],[77.9968491,30.3526399],[77.9977611,30.3527614]]}},{"type":"Feature","properties":{"c":"residential"},"geometry":{"type":"LineString","coordinates":[[77.9986167,30.3524536],[77.9980507,30.3523795],[77.9974607,30.3523008]]}},{"type":"Feature","properties":{"c":"residential"},"geometry":{"type":"LineString","coordinates":[[77.9985604,30.3528494],[77.9986167,30.3524536],[78.0002153,30.3526492],[78.0002421,30.3526688],[78.0002555,30.3526989],[78.0001888,30.3530729]]}},{"type":"Feature","properties":{"c":"residential"},"geometry":{"type":"LineString","coordinates":[[78.0002592,30.3541387],[78.0003521,30.3539187],[78.0004191,30.3536872],[78.0005023,30.353303],[78.0005144,30.3531532],[78.0005023,30.3531294],[78.0004768,30.3531132],[78.0003145,30.3530901],[78.0001888,30.3530729],[77.9987494,30.3528753],[77.9985604,30.3528494],[77.9983925,30.3528285],[77.9977611,30.3527614]]}},{"type":"Feature","properties":{"c":"residential"},"geometry":{"type":"LineString","coordinates":[[78.0019448,30.3565355],[78.0019252,30.356471],[78.0019406,30.3564224],[78.0019768,30.3563657],[78.0021436,30.356149],[78.0021572,30.3561314],[78.0021735,30.356107],[78.0022189,30.3560388],[78.0022511,30.355974],[78.0022323,30.3559092],[78.0019936,30.3556592],[78.0016261,30.3553491],[78.0015618,30.3553074],[78.0014504,30.3552101],[78.0014209,30.3551836],[78.00129,30.3550448],[78.0008402,30.3546015],[78.0006216,30.3544013],[78.0005747,30.3543723],[78.0003548,30.3541918],[78.0002592,30.3541387],[78.0002341,30.3541247],[77.9997861,30.3539858],[77.9995179,30.3539025],[77.999256,30.3538714],[77.9991505,30.3538562],[77.998588,30.3537819],[77.9983887,30.353759]]}},{"type":"Feature","properties":{"c":"residential"},"geometry":{"type":"LineString","coordinates":[[77.9990389,30.3566512],[77.9987495,30.3569958]]}},{"type":"Feature","properties":{"c":"residential"},"geometry":{"type":"LineString","coordinates":[[78.0003621,30.3574952],[78.0001858,30.3574136],[78.0000718,30.3573557],[77.9999068,30.3572909],[77.9997808,30.3572411],[77.9997191,30.3572076],[77.999648,30.3571625],[77.9995649,30.3570872],[77.9994884,30.357012],[77.9993784,30.356916],[77.999133,30.3567262],[77.9990646,30.3566741],[77.9990389,30.3566512],[77.9986503,30.3562829],[77.998492,30.3561505],[77.9983941,30.356092],[77.9980481,30.3558999],[77.9977973,30.3557772],[77.9974479,30.3556037],[77.9974345,30.3555765],[77.9974365,30.3555452],[77.9975197,30.3553791],[77.9976377,30.3552634],[77.9977128,30.3551593],[77.9979649,30.3546362],[77.9975264,30.3544753],[77.9974795,30.3544531],[77.9969282,30.354223]]}},{"type":"Feature","properties":{"c":"residential"},"geometry":{"type":"LineString","coordinates":[[78.0044197,30.3590528],[78.0050928,30.3582572],[78.0051264,30.3582479],[78.0051774,30.3582514],[78.0052761,30.3582759]]}},{"type":"Feature","properties":{"c":"residential"},"geometry":{"type":"LineString","coordinates":[[78.0025012,30.3563981],[78.0027781,30.3565723]]}},{"type":"Feature","properties":{"c":"residential"},"geometry":{"type":"LineString","coordinates":[[78.0023471,30.3566443],[78.0024811,30.3564305],[78.0025012,30.3563981],[78.0021436,30.356149]]}},{"type":"Feature","properties":{"c":"residential"},"geometry":{"type":"LineString","coordinates":[[78.0159601,30.3516132],[78.0157732,30.3517862],[78.0157372,30.3518206],[78.015717,30.3518471],[78.0156853,30.3518908],[78.0155424,30.3520893]]}},{"type":"Feature","properties":{"c":"residential"},"geometry":{"type":"LineString","coordinates":[[78.013688,30.3483286],[78.0135271,30.348462],[78.0134708,30.3485153],[78.0133782,30.3485859],[78.0131932,30.3487305],[78.0130698,30.3488266],[78.0125897,30.3492039],[78.0125749,30.3492131],[78.0125602,30.3492178],[78.012538,30.3492109],[78.0123715,30.3491136],[78.0122584,30.3490511]]}},{"type":"Feature","properties":{"c":"residential"},"geometry":{"type":"LineString","coordinates":[[78.0081824,30.3480972],[78.0082203,30.348028],[78.008687,30.3474887]]}},{"type":"Feature","properties":{"c":"residential"},"geometry":{"type":"LineString","coordinates":[[78.0080132,30.3481402],[78.0078582,30.3479829],[78.0078018,30.347934],[78.0077257,30.347877],[78.0075986,30.3477965]]}},{"type":"Feature","properties":{"c":"residential"},"geometry":{"type":"LineString","coordinates":[[78.0065135,30.3483933],[78.0068916,30.3479778]]}},{"type":"Feature","properties":{"c":"residential"},"geometry":{"type":"LineString","coordinates":[[78.0068926,30.3486603],[78.0065929,30.3484229],[78.0065617,30.3484013],[78.0065135,30.3483933],[78.0064699,30.3484034],[78.0064282,30.3484116],[78.0063977,30.3484055],[78.0063525,30.3483768],[78.0061156,30.3482027],[78.0060537,30.3481526],[78.0060199,30.3481236],[78.0060042,30.3480814],[78.0060062,30.34805],[78.0060212,30.348028],[78.006282,30.3478743]]}},{"type":"Feature","properties":{"c":"residential"},"geometry":{"type":"LineString","coordinates":[[78.0062136,30.3489661],[78.0060211,30.348827],[78.0058744,30.3487035],[78.0058059,30.3486226],[78.0056685,30.3484659]]}},{"type":"Feature","properties":{"c":"residential"},"geometry":{"type":"LineString","coordinates":[[78.0039785,30.3499666],[78.004545,30.3493646]]}},{"type":"Feature","properties":{"c":"residential"},"geometry":{"type":"LineString","coordinates":[[77.954371,30.337939],[77.9546459,30.3373836],[77.9546687,30.3373693],[77.9546977,30.337364],[77.9547387,30.337367],[77.9551421,30.3375119],[77.9551797,30.3375293],[77.9551971,30.3375685],[77.9551908,30.3376024],[77.9549276,30.3381473]]}},{"type":"Feature","properties":{"c":"residential"},"geometry":{"type":"LineString","coordinates":[[77.9534215,30.3385212],[77.953577,30.338167],[77.9535905,30.3381242],[77.9535811,30.3380895],[77.9535301,30.338027],[77.9534854,30.3379853],[77.9534642,30.3379522],[77.9534698,30.3379205],[77.9535433,30.3377049],[77.9535594,30.3376869],[77.9535872,30.3376838],[77.9536193,30.3376886],[77.9539088,30.3377819],[77.9540585,30.3378302],[77.954371,30.337939],[77.9549276,30.3381473],[77.9548832,30.3382376],[77.9548766,30.3382599],[77.954884,30.3382826],[77.9549126,30.3382989],[77.9553579,30.338468]]}},{"type":"Feature","properties":{"c":"residential"},"geometry":{"type":"LineString","coordinates":[[77.9526313,30.3366975],[77.9522172,30.3365871],[77.9520236,30.3365437],[77.9518899,30.3365049],[77.9513079,30.3363834],[77.9512703,30.3363637],[77.951261,30.3363382],[77.9512649,30.3362885],[77.9513391,30.3360318],[77.9513897,30.3358602]]}},{"type":"Feature","properties":{"c":"residential"},"geometry":{"type":"LineString","coordinates":[[77.9519597,30.3380641],[77.952083,30.3378002],[77.9523298,30.337329],[77.9524492,30.337108],[77.952527,30.3369506],[77.9526313,30.3366975],[77.9527078,30.3364732],[77.9527226,30.3364229],[77.9527353,30.3363573],[77.9527564,30.3362578],[77.9527784,30.3361366],[77.952791,30.3361097],[77.9528127,30.3360867],[77.9528356,30.3360731],[77.9529407,30.3360368],[77.9529696,30.3360213],[77.9529922,30.3359975],[77.953005,30.3359727],[77.9530049,30.3359512],[77.9529843,30.335939],[77.9528497,30.3359229],[77.952817,30.3359158],[77.9527907,30.3359032],[77.9527863,30.3358863],[77.9527944,30.3358717],[77.9528158,30.3358612],[77.9529852,30.3358308],[77.9530116,30.3358247],[77.9530221,30.3358103],[77.9530239,30.3357912],[77.9530109,30.3357756],[77.9529828,30.3357616],[77.9529625,30.3357441],[77.9529567,30.3357208],[77.9529615,30.3357002],[77.9529766,30.3356657],[77.9530306,30.335559],[77.9530438,30.3355415],[77.9530641,30.3355292],[77.9530926,30.3355309],[77.9531229,30.3355357],[77.9533097,30.3355841],[77.9533397,30.3355877],[77.9533669,30.3355829],[77.9533861,30.3355636],[77.953507,30.3351841]]}},{"type":"Feature","properties":{"c":"residential"},"geometry":{"type":"LineString","coordinates":[[77.9515292,30.337932],[77.9516445,30.3376843],[77.9516886,30.3375806],[77.9517317,30.3374621],[77.9517867,30.3373302],[77.9518296,30.3372074],[77.9519892,30.3367688]]}},{"type":"Feature","properties":{"c":"residential"},"geometry":{"type":"LineString","coordinates":[[77.9510786,30.3378047],[77.951159,30.3376103],[77.9512355,30.3374343],[77.9513375,30.3371958],[77.9514516,30.3369084],[77.9514663,30.3368669],[77.9514676,30.3368404],[77.9514495,30.3368196],[77.9514186,30.3368041],[77.9510047,30.3367132]]}},{"type":"Feature","properties":{"c":"residential"},"geometry":{"type":"LineString","coordinates":[[77.9560071,30.3388557],[77.9558864,30.3387943],[77.9558355,30.3387609],[77.9557626,30.3386965],[77.9557256,30.3386452],[77.9556531,30.3385177],[77.9556075,30.3384448],[77.9555688,30.3384306],[77.9555312,30.3384283],[77.9554666,30.3384355],[77.955406,30.3384469],[77.9553579,30.338468],[77.9552454,30.3385768],[77.9551274,30.3386902],[77.9549608,30.3388385],[77.9549141,30.3388754],[77.9548565,30.3388939],[77.9548055,30.3388916],[77.9546271,30.3388476],[77.9541095,30.3387087],[77.9536548,30.3385791],[77.9534215,30.3385212],[77.9532096,30.3384599],[77.9529979,30.3383997],[77.9529129,30.3383795],[77.9528537,30.3383633],[77.9527932,30.3383424],[77.9527444,30.3383222],[77.952535,30.3382342],[77.9524736,30.3382077],[77.9524198,30.3381897],[77.9523473,30.3381659],[77.9519597,30.3380641],[77.9515292,30.337932],[77.9512027,30.3378399],[77.9510786,30.3378047],[77.9508481,30.3377256],[77.9507513,30.3376925],[77.9507212,30.3376768],[77.9507152,30.3376537],[77.9507152,30.3376265],[77.9507098,30.337542],[77.9507017,30.33752],[77.9506856,30.3375015],[77.9506481,30.3374853],[77.9501612,30.3372758],[77.9498059,30.3371137],[77.9494639,30.3369795],[77.949307,30.3369309],[77.9491688,30.3368961],[77.9488456,30.336814],[77.9484178,30.336726],[77.9483695,30.336719],[77.9483213,30.3367341],[77.9482998,30.3367711],[77.9482274,30.3369945],[77.948159,30.3371716],[77.9481053,30.3373163],[77.9480893,30.3373719],[77.9480638,30.3374205],[77.9480128,30.3374864],[77.9478592,30.3376664],[77.9478223,30.3377122],[77.9478009,30.3377451],[77.9477526,30.3378221],[77.9477305,30.3378406],[77.9477097,30.3378418],[77.9476762,30.337836],[77.9475555,30.3377816],[77.947349,30.3376763],[77.9471786,30.3375906],[77.9470821,30.3375524],[77.9470391,30.3375454],[77.9469999,30.3375593],[77.9469486,30.3376437],[77.9468448,30.3378146],[77.9467692,30.3379389],[77.9466531,30.338108],[77.9466183,30.3381261],[77.9465803,30.3381276],[77.9465386,30.3381159],[77.9462154,30.3380137],[77.9461905,30.3380048],[77.9461695,30.3380029],[77.9461516,30.33801],[77.9461232,30.338064],[77.9461013,30.3380759],[77.9460807,30.3380745],[77.9460518,30.3380655],[77.9459381,30.3380233],[77.9458548,30.3379976],[77.945765,30.3379645],[77.9456506,30.3379335],[77.9455647,30.3379115]]}},{"type":"Feature","properties":{"c":"residential"},"geometry":{"type":"LineString","coordinates":[[77.9541095,30.3387087],[77.9539042,30.3391231]]}},{"type":"Feature","properties":{"c":"residential"},"geometry":{"type":"LineString","coordinates":[[77.9536548,30.3385791],[77.9535086,30.3389652],[77.9534946,30.3389837],[77.9534677,30.338994],[77.9534215,30.339005],[77.9533926,30.3390089],[77.9533737,30.3390217],[77.9533638,30.3390387],[77.9532519,30.3392939],[77.9531318,30.3395598]]}},{"type":"Feature","properties":{"c":"residential"},"geometry":{"type":"LineString","coordinates":[[77.9558864,30.3387943],[77.9557671,30.3388083],[77.9556799,30.3388256],[77.9555953,30.3388477],[77.9555337,30.3388673],[77.9553539,30.3389657],[77.9552896,30.339012],[77.9552527,30.3390553],[77.9552333,30.3391022],[77.9552025,30.3392678],[77.9551689,30.3394113],[77.9551528,30.3394946]]}},{"type":"Feature","properties":{"c":"residential"},"geometry":{"type":"LineString","coordinates":[[77.955798,30.3371959],[77.9557148,30.337439],[77.9556845,30.3375458],[77.9556746,30.337586],[77.9556692,30.3376543],[77.9556611,30.3377365],[77.9556518,30.3377769],[77.9555753,30.3379795],[77.9555236,30.3381009],[77.9555204,30.3381182],[77.9555251,30.3381299],[77.9555387,30.3381357],[77.9556045,30.3381508],[77.9556166,30.3381595],[77.9556201,30.3381756],[77.9555953,30.3382422],[77.9555819,30.3382827],[77.9555819,30.3383314],[77.9556075,30.3384448]]}},{"type":"Feature","properties":{"c":"residential"},"geometry":{"type":"LineString","coordinates":[[77.9557281,30.337189],[77.9558853,30.3364379]]}},{"type":"Feature","properties":{"c":"residential"},"geometry":{"type":"LineString","coordinates":[[77.9543111,30.3367214],[77.9544033,30.3362706]]}},{"type":"Feature","properties":{"c":"residential"},"geometry":{"type":"LineString","coordinates":[[77.9564685,30.3371728],[77.9561439,30.3371866],[77.9558757,30.3371924],[77.955798,30.3371959],[77.9557281,30.337189],[77.9556261,30.3371739],[77.9555365,30.3371533],[77.9554411,30.3371276],[77.9552534,30.3370582],[77.955071,30.3369818],[77.9549155,30.3369216],[77.9548269,30.3368915],[77.9547344,30.3368475],[77.9546486,30.3368105],[77.9545762,30.336785],[77.9544933,30.3367642],[77.9543111,30.3367214],[77.9539265,30.3366536],[77.9539021,30.3366484],[77.9537834,30.336623]]}},{"type":"Feature","properties":{"c":"service"},"geometry":{"type":"LineString","coordinates":[[77.9532418,30.3407169],[77.9533974,30.3399334],[77.9534148,30.3399111],[77.9534471,30.3398949],[77.9534953,30.339894],[77.9538399,30.339946],[77.9539203,30.3399507],[77.9540081,30.3399518],[77.9544381,30.3399357],[77.9544756,30.3399425],[77.9544985,30.339957],[77.9545146,30.3399842],[77.954532,30.3401788]]}},{"type":"Feature","properties":{"c":"service"},"geometry":{"type":"LineString","coordinates":[[77.9532243,30.3412273],[77.9533115,30.3408557],[77.9533179,30.3408006],[77.9533139,30.3407669],[77.9532927,30.3407376],[77.9532418,30.3407169],[77.9515359,30.3404623]]}},{"type":"Feature","properties":{"c":"service"},"geometry":{"type":"LineString","coordinates":[[77.9518001,30.3390999],[77.95167,30.3397921],[77.9515359,30.3404623],[77.9514407,30.3408928],[77.9532243,30.3412273],[77.9543576,30.3414264],[77.9544736,30.3414439],[77.9545748,30.3414391],[77.9546607,30.3414299],[77.9547331,30.3414009],[77.9547706,30.3413466],[77.9548632,30.3410433],[77.9548867,30.3410154],[77.9549513,30.3409771],[77.9550833,30.3409231]]}},{"type":"Feature","properties":{"c":"service"},"geometry":{"type":"LineString","coordinates":[[77.9553661,30.3398916],[77.9551622,30.3398615],[77.9550926,30.3398554],[77.9550231,30.3398569],[77.9546915,30.3398627],[77.9544876,30.3398615],[77.9544319,30.3398577],[77.9543723,30.3398395],[77.9542907,30.3398001],[77.9542247,30.3397753],[77.9541618,30.3397631],[77.9539056,30.3397585],[77.9533187,30.3397574],[77.953252,30.3397544],[77.9531968,30.3397439],[77.9531452,30.3397284],[77.9530152,30.339651],[77.9529588,30.3396231],[77.9525949,30.3395234],[77.9524999,30.3394954],[77.9524277,30.3394668],[77.9523277,30.3394188],[77.9521957,30.3393465],[77.9518001,30.3390999],[77.9514822,30.3389205],[77.9512569,30.3387943],[77.95121,30.3387811],[77.9511664,30.3387828],[77.9511255,30.3388181],[77.950966,30.3390501],[77.9508533,30.3392504]]}},{"type":"Feature","properties":{"c":"residential"},"geometry":{"type":"LineString","coordinates":[[78.0112225,30.3469997],[78.0111334,30.3471213],[78.011052,30.3472212],[78.0108341,30.3475208],[78.010828,30.3475591],[78.010859,30.3475996],[78.0111842,30.3478301]]}},{"type":"Feature","properties":{"c":"residential"},"geometry":{"type":"LineString","coordinates":[[78.0100282,30.3464135],[78.0101301,30.3464286],[78.010523,30.3465559],[78.0109891,30.3467774]]}},{"type":"Feature","properties":{"c":"residential"},"geometry":{"type":"LineString","coordinates":[[78.0087903,30.3468047],[78.009249,30.3471218],[78.0093831,30.3469413],[78.0095695,30.3467006],[78.0096106,30.346659],[78.0096714,30.3465975],[78.0098042,30.3464911],[78.0099343,30.3464228],[78.0100282,30.3464135]]}},{"type":"Feature","properties":{"c":"residential"},"geometry":{"type":"LineString","coordinates":[[78.009249,30.3471218],[78.0095312,30.3473116],[78.0095494,30.3473206],[78.0095712,30.3473177],[78.0095915,30.3473086],[78.0096152,30.3472899],[78.0099571,30.3469193],[78.0099659,30.3469052],[78.0099627,30.3468896],[78.0099472,30.3468702],[78.0096106,30.346659]]}},{"type":"Feature","properties":{"c":"residential"},"geometry":{"type":"LineString","coordinates":[[78.0069342,30.353001],[78.0063629,30.3527684],[78.006151,30.3526711],[78.0058359,30.3525045]]}},{"type":"Feature","properties":{"c":"residential"},"geometry":{"type":"LineString","coordinates":[[78.0016248,30.3558328],[78.0013506,30.3555774]]}},{"type":"Feature","properties":{"c":"residential"},"geometry":{"type":"LineString","coordinates":[[78.0013388,30.3565736],[78.0013901,30.356261],[78.0014022,30.3561071],[78.0014236,30.3560133],[78.0014625,30.3559647],[78.0014934,30.3559219],[78.0016248,30.3558328],[78.001724,30.3559323],[78.0018206,30.3559879],[78.0019292,30.3560318],[78.0021735,30.356107]]}},{"type":"Feature","properties":{"c":"residential"},"geometry":{"type":"LineString","coordinates":[[78.0016261,30.3553491],[78.0013506,30.3555774],[78.001138,30.3557541]]}},{"type":"Feature","properties":{"c":"residential"},"geometry":{"type":"LineString","coordinates":[[78.00129,30.3550448],[78.000847,30.3553977],[78.0006297,30.3556187],[78.000509,30.3557356],[78.0003977,30.3558721],[78.0003065,30.3559763]]}},{"type":"Feature","properties":{"c":"residential"},"geometry":{"type":"LineString","coordinates":[[77.9577331,30.3378811],[77.9577264,30.3374957],[77.9577184,30.3372607]]}},{"type":"Feature","properties":{"c":"residential"},"geometry":{"type":"LineString","coordinates":[[77.9566334,30.338152],[77.9571752,30.3380258],[77.9577331,30.3378811],[77.9581851,30.3377689]]}},{"type":"Feature","properties":{"c":"residential"},"geometry":{"type":"LineString","coordinates":[[77.9665026,30.3347409],[77.966514,30.3350346],[77.9665181,30.3350718],[77.9665275,30.3351049],[77.9665536,30.3351398],[77.9666553,30.3352419],[77.9666802,30.335271],[77.9666944,30.3353098],[77.9666991,30.3353567],[77.9667072,30.3357466]]}},{"type":"Feature","properties":{"c":"residential"},"geometry":{"type":"LineString","coordinates":[[77.9654565,30.3357907],[77.9654593,30.3356425],[77.9654391,30.3353914],[77.9654244,30.3351368],[77.9654171,30.3350055],[77.9654109,30.3348937],[77.9654021,30.3347587],[77.9653627,30.3341517],[77.9653452,30.333926],[77.9653479,30.3338496],[77.9653627,30.3337501],[77.965356,30.3334399],[77.9653658,30.3333724],[77.9653886,30.3333221],[77.9654192,30.3332897],[77.9655207,30.3332238]]}},{"type":"Feature","properties":{"c":"residential"},"geometry":{"type":"LineString","coordinates":[[77.9639813,30.3358683],[77.9646546,30.3358266],[77.9650435,30.3358174],[77.9653785,30.3358063],[77.9654195,30.3358011],[77.9654565,30.3357907],[77.9655397,30.3357641],[77.965585,30.3357558],[77.9656368,30.3357575],[77.9667072,30.3357466],[77.9672251,30.3357086]]}},{"type":"Feature","properties":{"c":"residential"},"geometry":{"type":"LineString","coordinates":[[77.9646465,30.3349526],[77.9646614,30.3351229],[77.9647779,30.3351223],[77.9648194,30.3351322],[77.9648558,30.3351513],[77.9648832,30.3351715],[77.9649096,30.3351978],[77.9649202,30.3352288],[77.9649362,30.3353218],[77.9649479,30.3353575],[77.9649809,30.3353818],[77.9650237,30.3353913],[77.9654391,30.3353914]]}},{"type":"Feature","properties":{"c":"residential"},"geometry":{"type":"LineString","coordinates":[[77.9632813,30.335822],[77.9625051,30.3358392]]}},{"type":"Feature","properties":{"c":"residential"},"geometry":{"type":"LineString","coordinates":[[77.9639954,30.3360581],[77.9639813,30.3358683],[77.9639463,30.3353949],[77.9639321,30.3350271],[77.9639382,30.3350021],[77.9639583,30.334983],[77.9640029,30.3349748],[77.9645372,30.3349654],[77.9645995,30.3349644],[77.9646465,30.3349526],[77.9647057,30.3349342],[77.9647549,30.334903],[77.9647663,30.3348587],[77.9647618,30.3345557]]}},{"type":"Feature","properties":{"c":"residential"},"geometry":{"type":"LineString","coordinates":[[77.9615472,30.3351101],[77.9615713,30.3355904],[77.9615816,30.3356106],[77.9615991,30.3356211],[77.9616314,30.3356251],[77.9618985,30.3356013],[77.961918,30.3356031],[77.9619341,30.3356106],[77.9619442,30.3356264],[77.9619513,30.3358523],[77.9619551,30.3360583]]}},{"type":"Feature","properties":{"c":"residential"},"geometry":{"type":"LineString","coordinates":[[77.9610068,30.3352016],[77.9612442,30.335138],[77.9611744,30.3343996],[77.9611766,30.3343727],[77.9611935,30.3343513],[77.9612332,30.3343431],[77.9623041,30.3343264]]}},{"type":"Feature","properties":{"c":"residential"},"geometry":{"type":"LineString","coordinates":[[77.961063,30.3359031],[77.9610496,30.3356462],[77.9610416,30.3354146],[77.9610068,30.3352016],[77.9609853,30.3350465],[77.9609752,30.3348837],[77.9609629,30.3346839],[77.9609504,30.3344816],[77.960937,30.3342941],[77.960927,30.3339506]]}},{"type":"Feature","properties":{"c":"residential"},"geometry":{"type":"LineString","coordinates":[[77.9597568,30.3359053],[77.961063,30.3359031],[77.9613078,30.3358996],[77.961359,30.3359212],[77.9613879,30.3359433],[77.9614198,30.3359771],[77.9614404,30.3360141],[77.9614537,30.3361035]]}},{"type":"Feature","properties":{"c":"residential"},"geometry":{"type":"LineString","coordinates":[[77.9586461,30.3319241],[77.9586904,30.3326074],[77.9596811,30.3325018],[77.9600441,30.3324768],[77.9600498,30.3327435],[77.9600801,30.3333905],[77.9601712,30.3340164],[77.9602109,30.3341796],[77.960237,30.3343126],[77.9602906,30.3346217],[77.9598487,30.3346085],[77.9598164,30.3346108],[77.9597996,30.334623],[77.9597906,30.3346414],[77.9597886,30.3347094],[77.9598024,30.3349469],[77.9598039,30.3350142],[77.9598039,30.3350608],[77.9598009,30.335099],[77.9597702,30.3353178],[77.9597555,30.3355488],[77.9597568,30.3359053],[77.9597558,30.3359462],[77.9597514,30.3361206]]}},{"type":"Feature","properties":{"c":"residential"},"geometry":{"type":"LineString","coordinates":[[77.9582307,30.3363313],[77.9583502,30.3362942],[77.9583803,30.3362798],[77.9584057,30.3362624],[77.9584225,30.3362479],[77.9584414,30.3362139],[77.9584788,30.3360975],[77.9585401,30.3359122]]}},{"type":"Feature","properties":{"c":"residential"},"geometry":{"type":"LineString","coordinates":[[77.9577264,30.3374957],[77.9580201,30.3374749],[77.9582119,30.3374598],[77.9584212,30.3374448],[77.958568,30.3374344],[77.9586492,30.3374215],[77.9587185,30.337407],[77.9587427,30.3374008],[77.9587965,30.3373869],[77.9588652,30.337367],[77.9589957,30.3373291],[77.9590179,30.3373251],[77.959036,30.3373292],[77.9590461,30.3373443],[77.9590695,30.3373909],[77.9590798,30.3373983],[77.9590939,30.3374009],[77.9591141,30.3373971],[77.9592526,30.3373556],[77.9593599,30.3373221],[77.9594859,30.3372769],[77.9595621,30.3372555],[77.9596414,30.337233],[77.9598078,30.3371936],[77.959854,30.3371855],[77.959907,30.3371763],[77.9601485,30.3371282],[77.9602033,30.337123]]}},{"type":"Feature","properties":{"c":"residential"},"geometry":{"type":"LineString","coordinates":[[77.9551221,30.3407971],[77.9551343,30.3410252],[77.9551409,30.3411133],[77.9551274,30.3412374],[77.9550911,30.3414379],[77.9550752,30.3415616],[77.9550939,30.3416018],[77.9551343,30.3416285],[77.9552069,30.3416343],[77.9555914,30.3416301],[77.9557384,30.3416285],[77.9558462,30.3416196],[77.9559321,30.3416111],[77.956042,30.3415896],[77.9562633,30.3415386],[77.9563626,30.341517],[77.9564563,30.3415028],[77.9566412,30.341488],[77.9566936,30.3414799],[77.9567246,30.3414636],[77.9567434,30.3414368],[77.9567555,30.3413974],[77.9567448,30.3412764],[77.9567326,30.3409643],[77.9567273,30.3408795],[77.9567179,30.3407921],[77.9567032,30.3406287],[77.9566965,30.3403615],[77.9567032,30.3400593],[77.9566911,30.339115],[77.9566884,30.3389367],[77.9566865,30.3388999],[77.9566831,30.3388325],[77.956675,30.3387388],[77.9566428,30.3384981],[77.9566374,30.3382874],[77.9566334,30.338152],[77.956618,30.3381138],[77.9565972,30.3380791],[77.9565342,30.3380206],[77.9564551,30.3379668]]}},{"type":"Feature","properties":{"c":"residential"},"geometry":{"type":"LineString","coordinates":[[77.9682425,30.3365974],[77.968238,30.3371048],[77.9682112,30.3374263]]}},{"type":"Feature","properties":{"c":"residential"},"geometry":{"type":"LineString","coordinates":[[77.9689427,30.337146],[77.968238,30.3371048],[77.9676452,30.337086]]}},{"type":"Feature","properties":{"c":"residential"},"geometry":{"type":"LineString","coordinates":[[77.9673622,30.3373283],[77.9675745,30.3373365],[77.9676157,30.3373313],[77.967627,30.3373016],[77.9676452,30.337086],[77.9673877,30.3370779]]}},{"type":"Feature","properties":{"c":"residential"},"geometry":{"type":"LineString","coordinates":[[77.9673877,30.3370779],[77.9673622,30.3373283]]}},{"type":"Feature","properties":{"c":"residential"},"geometry":{"type":"LineString","coordinates":[[77.9655717,30.3369813],[77.9673877,30.3370779],[77.9674334,30.3365541]]}},{"type":"Feature","properties":{"c":"residential"},"geometry":{"type":"LineString","coordinates":[[77.9655732,30.3368371],[77.9655717,30.3369813],[77.9655544,30.3371639],[77.9655603,30.337198],[77.965596,30.3372295],[77.9656323,30.3372459],[77.9673622,30.3373283]]}},{"type":"Feature","properties":{"c":"residential"},"geometry":{"type":"LineString","coordinates":[[77.9682606,30.336363],[77.9682425,30.3365974],[77.9674334,30.3365541],[77.9656523,30.3364702],[77.9656248,30.3364757],[77.9656075,30.3364893],[77.9655826,30.33652],[77.9655483,30.336532],[77.9655228,30.3365353],[77.9640368,30.336523],[77.9640056,30.3365326],[77.9639839,30.3365504],[77.9639709,30.3365806],[77.9639491,30.336763],[77.9639679,30.3367954],[77.9640363,30.3368093],[77.9642227,30.3368174],[77.9647002,30.3368255],[77.9655732,30.3368371]]}},{"type":"Feature","properties":{"c":"service"},"geometry":{"type":"LineString","coordinates":[[77.9737499,30.339794],[77.9741684,30.3398731],[77.9744285,30.339931],[77.9747128,30.3400097],[77.9750401,30.3401439],[77.9754297,30.3403309],[77.9755749,30.3404254],[77.9756176,30.3404806],[77.9756445,30.3405172],[77.9756643,30.3405524],[77.9756756,30.3405962]]}},{"type":"Feature","properties":{"c":"service"},"geometry":{"type":"LineString","coordinates":[[77.9717919,30.3397157],[77.9719609,30.3391161]]}},{"type":"Feature","properties":{"c":"service"},"geometry":{"type":"LineString","coordinates":[[77.9713252,30.338961],[77.9715532,30.3390189],[77.9719609,30.3391161],[77.9724196,30.339211],[77.9726073,30.3392527]]}},{"type":"Feature","properties":{"c":"service"},"geometry":{"type":"LineString","coordinates":[[77.9737079,30.3397277],[77.9737963,30.3395593],[77.9738058,30.3393915],[77.9737977,30.339325],[77.9737386,30.3390148],[77.9737432,30.3388979],[77.973766,30.3387698],[77.9738331,30.3385707],[77.973935,30.3383522],[77.9739459,30.3383279],[77.9739486,30.3383076],[77.9739444,30.338285],[77.9739275,30.3382579],[77.973771,30.33814],[77.9737469,30.3381227],[77.9737333,30.3380953],[77.973725,30.3380579],[77.9737268,30.3380205],[77.9737382,30.3379788],[77.9739109,30.3377297],[77.9741132,30.3374618],[77.9742833,30.3372878],[77.974501,30.3370651],[77.9748659,30.3366014]]}},{"type":"Feature","properties":{"c":"service"},"geometry":{"type":"LineString","coordinates":[[77.9725698,30.3405826],[77.9726449,30.3404217],[77.9727924,30.3402898],[77.9732054,30.340218],[77.9735112,30.3400884],[77.9736718,30.3399804],[77.9737282,30.3398973],[77.9737473,30.3398396],[77.9737499,30.339794],[77.9737319,30.3397539],[77.9737079,30.3397277],[77.9736502,30.3397126],[77.9735488,30.3397064],[77.9732671,30.3397527],[77.97287,30.3398778],[77.9727441,30.3399078],[77.9725322,30.3398777],[77.9720387,30.3397805],[77.9717919,30.3397157],[77.971038,30.3395699],[77.9708692,30.3395073],[77.9707516,30.3394312],[77.9704266,30.3391579],[77.9709631,30.3389448],[77.9710562,30.3389288],[77.9711779,30.3389287],[77.9713252,30.338961],[77.9711321,30.3384147]]}},{"type":"Feature","properties":{"c":"service"},"geometry":{"type":"LineString","coordinates":[[77.9667896,30.3390143],[77.9660413,30.3389032]]}},{"type":"Feature","properties":{"c":"service"},"geometry":{"type":"LineString","coordinates":[[77.9667172,30.339468],[77.9667896,30.3390143],[77.9669103,30.3383869]]}},{"type":"Feature","properties":{"c":"service"},"geometry":{"type":"LineString","coordinates":[[77.9661874,30.3382978],[77.9663887,30.3383256],[77.9669103,30.3383869],[77.9673784,30.3384529],[77.9676757,30.3385027],[77.9677384,30.3385189],[77.9677814,30.3385618],[77.9677868,30.3386152],[77.9675728,30.3396925]]}},{"type":"Feature","properties":{"c":"service"},"geometry":{"type":"LineString","coordinates":[[77.9659474,30.3394124],[77.9660413,30.3389032],[77.9661874,30.3382978]]}},{"type":"Feature","properties":{"c":"residential"},"geometry":{"type":"LineString","coordinates":[[77.9699644,30.3348971],[77.9697229,30.3348854],[77.9696859,30.3348912],[77.9696718,30.3349063],[77.9696663,30.3349262],[77.9696582,30.3350696],[77.9696355,30.3354019],[77.969211,30.335383],[77.9691841,30.3353755],[77.9691666,30.3353598],[77.9691607,30.335338],[77.9691593,30.334522]]}},{"type":"Feature","properties":{"c":"service"},"geometry":{"type":"LineString","coordinates":[[77.9938021,30.3389541],[77.9933649,30.3387411]]}},{"type":"Feature","properties":{"c":"service"},"geometry":{"type":"LineString","coordinates":[[77.9941626,30.3383811],[77.9941615,30.3384356],[77.9941374,30.3384911],[77.9938021,30.3389541],[77.9935044,30.3394263]]}},{"type":"Feature","properties":{"c":"service"},"geometry":{"type":"LineString","coordinates":[[77.9902196,30.3355511],[77.9891513,30.3354999]]}},{"type":"Feature","properties":{"c":"service"},"geometry":{"type":"LineString","coordinates":[[77.9937404,30.3332338],[77.9936707,30.3344284],[77.9936063,30.3356646],[77.9934983,30.337068],[77.99344,30.3379818]]}},{"type":"Feature","properties":{"c":"residential"},"geometry":{"type":"LineString","coordinates":[[78.0026292,30.3567533],[78.0024603,30.3570444]]}},{"type":"Feature","properties":{"c":"residential"},"geometry":{"type":"LineString","coordinates":[[78.0023291,30.3566321],[78.0022082,30.3567493],[78.0019654,30.3570155]]}},{"type":"Feature","properties":{"c":"residential"},"geometry":{"type":"LineString","coordinates":[[78.000898,30.3578478],[78.0010039,30.3576925],[78.0010816,30.3575756],[78.0011366,30.3574737],[78.0011728,30.3574297],[78.0012882,30.3573326],[78.0013244,30.3572805]]}},{"type":"Feature","properties":{"c":"residential"},"geometry":{"type":"LineString","coordinates":[[78.0020186,30.3583057],[78.0024549,30.3577052]]}},{"type":"Feature","properties":{"c":"residential"},"geometry":{"type":"LineString","coordinates":[[77.9988362,30.3550053],[77.9986677,30.3552924]]}},{"type":"Feature","properties":{"c":"residential"},"geometry":{"type":"LineString","coordinates":[[77.9986207,30.3549035],[77.9988362,30.3550053],[77.9991035,30.3551315]]}},{"type":"Feature","properties":{"c":"residential"},"geometry":{"type":"LineString","coordinates":[[77.9987709,30.3546015],[77.9989023,30.3546246],[77.9990002,30.354613]]}},{"type":"Feature","properties":{"c":"residential"},"geometry":{"type":"LineString","coordinates":[[77.9984598,30.3548341],[77.9986207,30.3549035],[77.9987709,30.3546015],[77.9984464,30.3544638],[77.9979113,30.354245]]}},{"type":"Feature","properties":{"c":"residential"},"geometry":{"type":"LineString","coordinates":[[77.9987521,30.3556661],[77.9986623,30.3556256],[77.9985617,30.3556014],[77.9984598,30.3555956],[77.9982667,30.3556048],[77.9982177,30.3555944],[77.998205,30.3555666],[77.998213,30.3554949],[77.9982385,30.355437],[77.9982546,30.355341],[77.9982533,30.3552391],[77.998264,30.355187],[77.9984598,30.3548341],[77.9979649,30.3546362]]}},{"type":"Feature","properties":{"c":"residential"},"geometry":{"type":"LineString","coordinates":[[77.9997092,30.3555543],[77.9995032,30.3557217]]}},{"type":"Feature","properties":{"c":"residential"},"geometry":{"type":"LineString","coordinates":[[77.998492,30.3561505],[77.9985791,30.3560017],[77.9986489,30.3558953],[77.9986918,30.3558316],[77.9987401,30.3557634],[77.9987535,30.3557217],[77.9987521,30.3556661],[77.9987589,30.3556349],[77.9988098,30.3555331],[77.9988474,30.3554937],[77.9989017,30.3554654],[77.9989573,30.3554659],[77.9989875,30.3554769],[77.999015,30.3554943],[77.9990526,30.3555388],[77.9990941,30.3555822],[77.9991216,30.3555903],[77.9991417,30.3555915],[77.9991572,30.355584],[77.9994348,30.3554335],[77.999475,30.3554347],[77.9997092,30.3555543],[78.0000302,30.3557182]]}},{"type":"Feature","properties":{"c":"residential"},"geometry":{"type":"LineString","coordinates":[[77.9974795,30.3544531],[77.9976109,30.3542207],[77.9976323,30.3541779],[77.9976618,30.3541617],[77.9976967,30.3541629],[77.9979113,30.354245]]}},{"type":"Feature","properties":{"c":"residential"},"geometry":{"type":"LineString","coordinates":[[78.0096338,30.3480415],[78.0094153,30.3478984],[78.0093428,30.3478544],[78.0092785,30.3478301],[78.0090626,30.3477005]]}},{"type":"Feature","properties":{"c":"residential"},"geometry":{"type":"LineString","coordinates":[[78.0109848,30.3485653],[78.011663,30.3489551]]}},{"type":"Feature","properties":{"c":"residential"},"geometry":{"type":"LineString","coordinates":[[78.0120325,30.3520984],[78.0116898,30.3524501]]}},{"type":"Feature","properties":{"c":"residential"},"geometry":{"type":"LineString","coordinates":[[78.0105535,30.348526],[78.0100063,30.3481269]]}},{"type":"Feature","properties":{"c":"residential"},"geometry":{"type":"LineString","coordinates":[[78.0107526,30.3483378],[78.0108331,30.3482676],[78.0109166,30.3481851],[78.0109401,30.3481587],[78.0109437,30.3481369],[78.0109274,30.3481151],[78.0108679,30.3480683],[78.0105233,30.3478535],[78.0103518,30.3477289]]}},{"type":"Feature","properties":{"c":"residential"},"geometry":{"type":"LineString","coordinates":[[78.0025734,30.3517338],[78.0023576,30.3515915],[78.0023085,30.3515468],[78.0022783,30.3515071],[78.0022321,30.3514636],[78.0020951,30.3513638],[78.0020543,30.3513473],[78.0020069,30.3513453],[78.0019768,30.3513662],[78.0019216,30.3514329],[78.0019045,30.351453],[78.0018903,30.3514606],[78.0018635,30.3514606],[78.0018233,30.3514467],[78.0016208,30.3512998],[78.001598,30.351287],[78.0015832,30.351287],[78.0015636,30.351294],[78.0015349,30.3513217],[78.0015171,30.3513404],[78.0014732,30.3513866],[78.0013222,30.3515354],[78.0013117,30.351556],[78.0013135,30.351573],[78.0013279,30.3515888],[78.0015174,30.351713]]}},{"type":"Feature","properties":{"c":"service"},"geometry":{"type":"LineString","coordinates":[[77.997776,30.3435197],[77.9976879,30.3435461],[77.9976225,30.343574],[77.9975591,30.3436213],[77.997512,30.3436751],[77.9974899,30.3437221],[77.997477,30.3438047],[77.9974774,30.3438424],[77.9974908,30.3438816],[77.9975031,30.3439106],[77.9975334,30.3439426],[77.9975616,30.3439685],[77.9976043,30.3439944],[77.9976348,30.3440076],[77.9976941,30.344024]]}},{"type":"Feature","properties":{"c":"residential"},"geometry":{"type":"LineString","coordinates":[[77.9554393,30.3358026],[77.9555879,30.3358029],[77.9558959,30.3358016],[77.9564083,30.3357953],[77.9564958,30.3357984],[77.9565872,30.3358174],[77.9566183,30.335869],[77.9566228,30.3359084],[77.9566187,30.3361542],[77.9566737,30.3363778]]}},{"type":"Feature","properties":{"c":"residential"},"geometry":{"type":"LineString","coordinates":[[77.9565872,30.3358174],[77.9566571,30.3358394],[77.9566992,30.3358544],[77.9568046,30.335909],[77.9568385,30.3359243],[77.956882,30.3359363],[77.9571306,30.3359794]]}},{"type":"Feature","properties":{"c":"service"},"geometry":{"type":"LineString","coordinates":[[78.0138844,30.3438456],[78.013701,30.3440061],[78.013669,30.344017],[78.0136474,30.344015],[78.0136214,30.3440009],[78.0135598,30.3439338],[78.0135155,30.3439171],[78.0134792,30.3439097],[78.0132461,30.3438905],[78.0132122,30.343877],[78.0131923,30.3438616],[78.0131818,30.3438416],[78.0131547,30.3434177],[78.0131611,30.3433847],[78.013183,30.343354],[78.0132589,30.3432977],[78.013626,30.3430376]]}},{"type":"Feature","properties":{"c":"service"},"geometry":{"type":"LineString","coordinates":[[78.0132589,30.3432977],[78.0134132,30.3434119],[78.0134447,30.3434248],[78.013488,30.3434306],[78.0140244,30.3434169]]}},{"type":"Feature","properties":{"c":"service"},"geometry":{"type":"LineString","coordinates":[[78.0148853,30.3466524],[78.0156463,30.346465],[78.0162012,30.3463301]]}},{"type":"Feature","properties":{"c":"service"},"geometry":{"type":"LineString","coordinates":[[78.0156463,30.346465],[78.0153429,30.3456528],[78.015325,30.3456174]]}},{"type":"Feature","properties":{"c":"service"},"geometry":{"type":"LineString","coordinates":[[78.014342,30.3458434],[78.0151563,30.3456206],[78.0152568,30.3456],[78.0153008,30.3456002],[78.015325,30.3456174]]}},{"type":"Feature","properties":{"c":"service"},"geometry":{"type":"LineString","coordinates":[[78.0139507,30.3452357],[78.014376,30.3449058],[78.0148147,30.3444795]]}},{"type":"Feature","properties":{"c":"service"},"geometry":{"type":"LineString","coordinates":[[77.9945896,30.3455093],[77.9948351,30.3455236],[77.99526,30.3455484],[77.9966727,30.3456614],[77.9979309,30.3457174],[77.9987725,30.3457532],[78.0008231,30.3458206]]}},{"type":"Feature","properties":{"c":"service"},"geometry":{"type":"LineString","coordinates":[[77.9735878,30.3359468],[77.9737529,30.336049],[77.9738112,30.3360891],[77.9742839,30.3363138],[77.9748659,30.3366014],[77.9750564,30.3366809],[77.9762204,30.3371488],[77.9768932,30.3373674],[77.9783258,30.3377328],[77.9792637,30.3380266],[77.9794188,30.3380815],[77.9795265,30.3381209],[77.9797468,30.3382014]]}},{"type":"Feature","properties":{"c":"unclassified"},"geometry":{"type":"LineString","coordinates":[[77.9936637,30.351418],[77.9933593,30.3514484],[77.993233,30.351432],[77.9929856,30.351357],[77.9928316,30.3512893],[77.9927694,30.3512513],[77.9927329,30.3512499],[77.9927103,30.3512578],[77.9926991,30.3512772],[77.9926943,30.3513097],[77.9927041,30.3513387],[77.9927246,30.3513733],[77.9927416,30.3513855],[77.9927637,30.3513953],[77.9929729,30.3514352],[77.9930228,30.3514505],[77.9931752,30.3515407]]}},{"type":"Feature","properties":{"c":"unclassified"},"geometry":{"type":"LineString","coordinates":[[77.9874144,30.3586541],[77.9874905,30.3585061],[77.9876438,30.358234],[77.9877641,30.3581728],[77.9880001,30.3581311],[77.9883166,30.3579969],[77.9885101,30.357939],[77.9886603,30.3579204],[77.9887703,30.3579598],[77.9888883,30.3580593],[77.9889795,30.3581912],[77.9890791,30.3583119],[77.9890902,30.3583158],[77.9891029,30.3583159]]}},{"type":"Feature","properties":{"c":"unclassified"},"geometry":{"type":"LineString","coordinates":[[77.9911337,30.3563055],[77.9903617,30.3570522]]}},{"type":"Feature","properties":{"c":"residential"},"geometry":{"type":"LineString","coordinates":[[77.9864019,30.3571567],[77.9856637,30.3576296],[77.9848678,30.3581396]]}},{"type":"Feature","properties":{"c":"unclassified"},"geometry":{"type":"LineString","coordinates":[[77.9835014,30.3632128],[77.9838383,30.362968],[77.9840285,30.3627835],[77.9841515,30.362629],[77.9842079,30.3625376],[77.9842803,30.3624508],[77.9843091,30.3624271],[77.9843343,30.3624122],[77.9843742,30.3624086],[77.9844251,30.3624184],[77.9845861,30.3625411],[77.9846343,30.3625723],[77.9846766,30.3625914],[77.9847001,30.3626001],[77.9847255,30.3626001],[77.9847389,30.3625885],[77.984745,30.3625741],[77.9847443,30.3625596],[77.9846799,30.3624404],[77.9845747,30.362264],[77.9845519,30.3622171],[77.9845446,30.3621635],[77.9845519,30.3621164],[77.9845693,30.3620753],[77.9847121,30.3617554],[77.9848194,30.3615355],[77.985101,30.3611305],[77.9851152,30.3611125],[77.9854122,30.3607371],[77.9858172,30.3603367],[77.9860345,30.360096],[77.9863765,30.3596965],[77.9864368,30.3596262],[77.9871006,30.3589608],[77.9873554,30.3587131],[77.9874144,30.3586541]]}},{"type":"Feature","properties":{"c":"unclassified"},"geometry":{"type":"LineString","coordinates":[[77.9832541,30.3633826],[77.9835014,30.3632128]]}},{"type":"Feature","properties":{"c":"residential"},"geometry":{"type":"LineString","coordinates":[[78.0115245,30.3480759],[78.0115524,30.3481605],[78.011584,30.3481956],[78.0116586,30.348294],[78.0116717,30.3483229],[78.0116546,30.3483818],[78.0116595,30.3484139],[78.0116863,30.3484379],[78.0122512,30.3488371]]}},{"type":"Feature","properties":{"c":"residential"},"geometry":{"type":"LineString","coordinates":[[78.0115902,30.3500998],[78.0121336,30.350526]]}},{"type":"Feature","properties":{"c":"residential"},"geometry":{"type":"LineString","coordinates":[[78.0112777,30.351639],[78.0117318,30.3512368],[78.0117716,30.3512234],[78.0118352,30.3512208],[78.0118769,30.3512304],[78.0119221,30.3512524],[78.0119495,30.351256],[78.0119694,30.3512449],[78.0120234,30.3512033],[78.0125144,30.3507656]]}},{"type":"Feature","properties":{"c":"residential"},"geometry":{"type":"LineString","coordinates":[[78.0107142,30.3488843],[78.0109247,30.3490021],[78.0114497,30.3493269]]}},{"type":"Feature","properties":{"c":"residential"},"geometry":{"type":"LineString","coordinates":[[78.0117368,30.3518257],[78.0119642,30.351561],[78.0125427,30.3510243]]}},{"type":"Feature","properties":{"c":"service"},"geometry":{"type":"LineString","coordinates":[[78.0023818,30.3387591],[78.0017758,30.3387638],[78.0014809,30.338736],[78.0012769,30.338727]]}},{"type":"Feature","properties":{"c":"service"},"geometry":{"type":"LineString","coordinates":[[78.0014073,30.336954],[78.00063,30.3369073],[78.0001998,30.3369054]]}},{"type":"Feature","properties":{"c":"service"},"geometry":{"type":"LineString","coordinates":[[78.0013241,30.3380279],[78.0005759,30.3379848],[78.0005886,30.3378451],[78.00063,30.3369073]]}},{"type":"Feature","properties":{"c":"service"},"geometry":{"type":"LineString","coordinates":[[78.0024891,30.342881],[78.0024301,30.3431574],[78.0023765,30.3436663],[78.0023336,30.3443168]]}},{"type":"Feature","properties":{"c":"service"},"geometry":{"type":"LineString","coordinates":[[78.00092,30.344256],[77.9996958,30.3441834],[77.9996218,30.3441921],[77.9995783,30.3442014],[77.9995445,30.3442294],[77.9995289,30.3442771],[77.9994888,30.3446217],[77.9994751,30.3446644],[77.9994557,30.3446895],[77.9994323,30.3447073],[77.999387,30.3447276],[77.9993358,30.3447351],[77.9992677,30.3447364],[77.9988098,30.3447193]]}},{"type":"Feature","properties":{"c":"service"},"geometry":{"type":"LineString","coordinates":[[77.9960531,30.3440341],[77.9960949,30.3440699],[77.9961141,30.3441239],[77.9961201,30.3441856],[77.9961048,30.3443992],[77.9961013,30.34449],[77.9961057,30.3445135],[77.9961379,30.3445506],[77.9961657,30.3445728],[77.9961977,30.3445878],[77.9962497,30.3446005],[77.9965047,30.3446157],[77.9967339,30.3446253]]}},{"type":"Feature","properties":{"c":"service"},"geometry":{"type":"LineString","coordinates":[[78.0045662,30.3459855],[78.0044911,30.3469539],[78.0044857,30.3473334],[78.0044697,30.3478332],[78.0044911,30.348219]]}},{"type":"Feature","properties":{"c":"service"},"geometry":{"type":"LineString","coordinates":[[78.0108262,30.3460313],[78.011459,30.3455221],[78.0115824,30.3454063],[78.0117111,30.3452906],[78.012262,30.344814]]}},{"type":"Feature","properties":{"c":"service"},"geometry":{"type":"LineString","coordinates":[[78.0108262,30.3460313],[78.0106922,30.3458091],[78.0105313,30.3456563],[78.0098609,30.3451656],[78.0094105,30.3448046]]}},{"type":"Feature","properties":{"c":"service"},"geometry":{"type":"LineString","coordinates":[[78.0108262,30.3460313],[78.0108101,30.3463397]]}},{"type":"Feature","properties":{"c":"residential"},"geometry":{"type":"LineString","coordinates":[[78.0006873,30.3491521],[78.0007234,30.349135],[78.0007594,30.3491245],[78.0017437,30.3491605],[78.0018081,30.3491666],[78.0018616,30.3491929],[78.0018839,30.3492227],[78.0018944,30.3492661],[78.0018946,30.3493557],[78.0018823,30.3497217],[78.0018508,30.3500355],[78.0018512,30.3500907],[78.0018627,30.3501167],[78.0019061,30.3501499],[78.0021582,30.3502343]]}},{"type":"Feature","properties":{"c":"service"},"geometry":{"type":"LineString","coordinates":[[78.0006873,30.3491521],[78.000667,30.3486714],[78.0006761,30.3485633]]}},{"type":"Feature","properties":{"c":"residential"},"geometry":{"type":"LineString","coordinates":[[78.0006873,30.3491521],[78.0006732,30.3491891],[78.0006501,30.3496461],[78.000634,30.3499082],[78.0006312,30.3499893]]}},{"type":"Feature","properties":{"c":"residential"},"geometry":{"type":"LineString","coordinates":[[77.9994913,30.3499806],[77.9997809,30.3499528],[78.0005563,30.3499837],[78.0006312,30.3499893],[78.0007848,30.3500234],[78.0008312,30.3500459],[78.0008593,30.3500768],[78.0008848,30.3501274],[78.0009001,30.3501759],[78.0009129,30.3502177],[78.0009307,30.3502684],[78.0009563,30.350297],[78.0009792,30.3503168]]}},{"type":"Feature","properties":{"c":"residential"},"geometry":{"type":"LineString","coordinates":[[78.0072114,30.3501923],[78.0074071,30.3504213],[78.0074459,30.3504541],[78.0078297,30.350667]]}},{"type":"Feature","properties":{"c":"residential"},"geometry":{"type":"LineString","coordinates":[[78.0072387,30.3507576],[78.006988,30.3506012],[78.0067893,30.3504679]]}},{"type":"Feature","properties":{"c":"residential"},"geometry":{"type":"LineString","coordinates":[[78.0068876,30.3497482],[78.00721,30.3494591]]}},{"type":"Feature","properties":{"c":"service"},"geometry":{"type":"LineString","coordinates":[[78.0075183,30.359185],[78.0073441,30.3593281],[78.0069687,30.3597446],[78.0067264,30.3601335],[78.0067006,30.3601749],[78.0065528,30.3603924]]}},{"type":"Feature","properties":{"c":"service"},"geometry":{"type":"LineString","coordinates":[[78.0063495,30.3606115],[78.0058696,30.361068]]}},{"type":"Feature","properties":{"c":"service"},"geometry":{"type":"LineString","coordinates":[[78.0094174,30.3605128],[78.0094802,30.3606099],[78.0094909,30.3606238],[78.0094373,30.3606978],[78.0092657,30.3608783],[78.0090902,30.3610821]]}},{"type":"Feature","properties":{"c":"residential"},"geometry":{"type":"LineString","coordinates":[[78.0101136,30.364948],[78.0091051,30.363374]]}},{"type":"Feature","properties":{"c":"residential"},"geometry":{"type":"LineString","coordinates":[[78.0101136,30.364948],[78.0113168,30.367016]]}},{"type":"Feature","properties":{"c":"residential"},"geometry":{"type":"LineString","coordinates":[[78.0101136,30.364948],[78.0110083,30.3645197],[78.0114867,30.3642651]]}},{"type":"Feature","properties":{"c":"residential"},"geometry":{"type":"LineString","coordinates":[[78.0113168,30.367016],[78.0113945,30.3669824],[78.0120759,30.3666954],[78.0127518,30.3663574]]}},{"type":"Feature","properties":{"c":"residential"},"geometry":{"type":"LineString","coordinates":[[78.0113168,30.367016],[78.0101607,30.3675749],[78.0100577,30.3676475],[78.0100342,30.3676782],[78.0100319,30.3677138],[78.0100523,30.367747],[78.0101446,30.3678573],[78.0104182,30.3681211],[78.0105415,30.3681767],[78.0108688,30.36826],[78.0113731,30.3684313],[78.0114232,30.3684403],[78.0115475,30.3684625],[78.0116306,30.3684729],[78.0120008,30.3684961],[78.0120867,30.3685107],[78.0123977,30.3686211],[78.0125695,30.3686831],[78.0127023,30.3687294],[78.0128632,30.3688058],[78.0129986,30.3688942],[78.0131127,30.3689875],[78.0132334,30.3691228],[78.013456,30.3693762],[78.0136773,30.3695232],[78.0138154,30.369581],[78.0140743,30.3696632],[78.014372,30.3697141],[78.0149916,30.3698177],[78.0151901,30.3699085],[78.0153349,30.3700497],[78.0157131,30.3704361],[78.0157936,30.3704917],[78.0159056,30.3705493]]}},{"type":"Feature","properties":{"c":"residential"},"geometry":{"type":"LineString","coordinates":[[78.0120759,30.3666954],[78.0122529,30.3669777],[78.012418,30.3672182],[78.0124864,30.3672854],[78.0125923,30.3673502],[78.012646,30.3673826],[78.0126982,30.367399],[78.0128525,30.3674103],[78.0129813,30.3674219],[78.0131154,30.3674786],[78.013228,30.367526],[78.0133044,30.3675934],[78.013519,30.3678156],[78.0137389,30.3680378]]}},{"type":"Feature","properties":{"c":"residential"},"geometry":{"type":"LineString","coordinates":[[78.0138516,30.3684174],[78.0136451,30.368211],[78.0136351,30.368174],[78.0136424,30.3681396],[78.0137389,30.3680378],[78.0142218,30.367754],[78.0149004,30.3673374],[78.0151337,30.3671777]]}},{"type":"Feature","properties":{"c":"residential"},"geometry":{"type":"LineString","coordinates":[[78.01619,30.3666748],[78.0164421,30.3671732]]}},{"type":"Feature","properties":{"c":"residential"},"geometry":{"type":"LineString","coordinates":[[78.011667,30.3617195],[78.0117287,30.3617149],[78.0117702,30.3617241],[78.0118212,30.36176],[78.0120328,30.3621322]]}},{"type":"Feature","properties":{"c":"residential"},"geometry":{"type":"LineString","coordinates":[[78.0137873,30.3443093],[78.0136376,30.3441566],[78.0135987,30.3441393],[78.0135676,30.3441391],[78.0135467,30.34415],[78.0133582,30.3443278],[78.0133129,30.3443687],[78.0132831,30.3443972],[78.0128021,30.3448597]]}},{"type":"Feature","properties":{"c":"service"},"geometry":{"type":"LineString","coordinates":[[78.0144535,30.3437218],[78.0142916,30.3435963],[78.0142053,30.3435646]]}},{"type":"Feature","properties":{"c":"residential"},"geometry":{"type":"LineString","coordinates":[[78.0132555,30.3471006],[78.0137328,30.346654]]}},{"type":"Feature","properties":{"c":"residential"},"geometry":{"type":"LineString","coordinates":[[78.0133682,30.3472209],[78.0132877,30.3471561],[78.0132555,30.3471006],[78.0130089,30.3469108]]}},{"type":"Feature","properties":{"c":"residential"},"geometry":{"type":"LineString","coordinates":[[78.009936,30.3483365],[78.0099306,30.3483319],[78.0095967,30.3480912]]}},{"type":"Feature","properties":{"c":"residential"},"geometry":{"type":"LineString","coordinates":[[78.0100069,30.3509022],[78.0098289,30.3512023],[78.0098075,30.3512457],[78.0098077,30.3512758],[78.0098203,30.3513199],[78.0098463,30.3513546],[78.0099096,30.351404],[78.0102266,30.3516462]]}},{"type":"Feature","properties":{"c":"residential"},"geometry":{"type":"LineString","coordinates":[[78.0104527,30.351117],[78.0106601,30.3509052],[78.0108878,30.3507047]]}},{"type":"Feature","properties":{"c":"service"},"geometry":{"type":"LineString","coordinates":[[78.0135968,30.3556141],[78.0140937,30.3556571],[78.0142701,30.3556754],[78.0143183,30.3556789],[78.0143546,30.3556673],[78.0143693,30.3556233],[78.0143934,30.3555018],[78.0144321,30.3552716]]}},{"type":"Feature","properties":{"c":"residential"},"geometry":{"type":"LineString","coordinates":[[77.9571306,30.3359794],[77.9573785,30.3360339],[77.9574141,30.3360414],[77.957439,30.3360426],[77.9574606,30.3360196],[77.9576073,30.3356563]]}},{"type":"Feature","properties":{"c":"residential"},"geometry":{"type":"LineString","coordinates":[[77.9559568,30.334617],[77.9559509,30.3347311],[77.9559213,30.3354509]]}},{"type":"Feature","properties":{"c":"residential"},"geometry":{"type":"LineString","coordinates":[[77.9597555,30.3355488],[77.9594901,30.3355392],[77.9594646,30.3355392],[77.9594444,30.335534],[77.9594264,30.3355244],[77.9593919,30.335491],[77.9593805,30.3354837],[77.9593643,30.3354782],[77.9593421,30.3354759],[77.9588566,30.3354909],[77.9585485,30.3355014],[77.9585271,30.3351378]]}},{"type":"Feature","properties":{"c":"residential"},"geometry":{"type":"LineString","coordinates":[[77.9603726,30.3353234],[77.9597702,30.3353178],[77.9594137,30.3353018],[77.9589844,30.3352971]]}},{"type":"Feature","properties":{"c":"residential"},"geometry":{"type":"LineString","coordinates":[[77.9589226,30.3347737],[77.9589307,30.3349585],[77.9589307,30.3350233],[77.9589307,30.3350881],[77.9589254,30.3351113],[77.9589146,30.3351251],[77.9588342,30.3351344],[77.9586894,30.335139],[77.9586312,30.3351373],[77.9585271,30.3351378],[77.9582824,30.3351559],[77.9581689,30.3351635]]}},{"type":"Feature","properties":{"c":"residential"},"geometry":{"type":"LineString","coordinates":[[77.9610416,30.3354146],[77.9604012,30.3354406],[77.9603726,30.3353234],[77.9603529,30.3350611],[77.9609853,30.3350465]]}},{"type":"Feature","properties":{"c":"residential"},"geometry":{"type":"LineString","coordinates":[[77.9632229,30.3354332],[77.9635762,30.3354116],[77.9639463,30.3353949],[77.9643244,30.3353688],[77.9645954,30.3353476],[77.964641,30.3353434],[77.9646721,30.3353267],[77.9646761,30.3353035],[77.9646614,30.3351229]]}},{"type":"Feature","properties":{"c":"residential"},"geometry":{"type":"LineString","coordinates":[[77.9678097,30.3357227],[77.9678757,30.3357288],[77.9679316,30.3357322],[77.9682267,30.3357576],[77.9687121,30.3358144]]}},{"type":"Feature","properties":{"c":"residential"},"geometry":{"type":"LineString","coordinates":[[77.9678903,30.3356163],[77.968094,30.335627],[77.9687189,30.3356662]]}},{"type":"Feature","properties":{"c":"residential"},"geometry":{"type":"LineString","coordinates":[[77.968114,30.3354499],[77.9687202,30.3354974]]}},{"type":"Feature","properties":{"c":"residential"},"geometry":{"type":"LineString","coordinates":[[77.968114,30.3354499],[77.968094,30.335627]]}},{"type":"Feature","properties":{"c":"residential"},"geometry":{"type":"LineString","coordinates":[[77.968114,30.3354499],[77.9681208,30.3353501],[77.9681247,30.335274],[77.9681361,30.3350894],[77.968142,30.335073],[77.9681608,30.3350619],[77.9682,30.335061],[77.9687486,30.3350981]]}},{"type":"Feature","properties":{"c":"service"},"geometry":{"type":"LineString","coordinates":[[77.9742839,30.3363138],[77.9744867,30.3361944],[77.9755283,30.3355944],[77.9755506,30.3355655],[77.9755652,30.3355346],[77.9755788,30.3354537],[77.9755809,30.3354214],[77.9755786,30.3354022],[77.9754443,30.3351504],[77.9754402,30.3351357],[77.9754419,30.3351252],[77.9754508,30.3351128],[77.9755176,30.3350742],[77.975749,30.3349539],[77.9762103,30.3347271],[77.9774224,30.3342873],[77.9777711,30.3341854],[77.977816,30.3341748]]}},{"type":"Feature","properties":{"c":"service"},"geometry":{"type":"LineString","coordinates":[[77.9796692,30.3373996],[77.9796617,30.3373289],[77.9793919,30.3365741],[77.9792325,30.336196],[77.9789163,30.3355596],[77.9788822,30.3354909],[77.9788392,30.3354478],[77.9787656,30.335394],[77.9787427,30.3353798],[77.9786891,30.3353552],[77.9786128,30.3353428],[77.9785457,30.3353162],[77.9784894,30.3352618],[77.9784036,30.3350419]]}},{"type":"Feature","properties":{"c":"service"},"geometry":{"type":"LineString","coordinates":[[77.9737529,30.336049],[77.9735169,30.3362547],[77.9734097,30.3364028],[77.9732294,30.3366061],[77.9730074,30.3368564],[77.9725139,30.337486],[77.9722297,30.3377036]]}},{"type":"Feature","properties":{"c":"service"},"geometry":{"type":"LineString","coordinates":[[77.9807353,30.3351378],[77.9797521,30.335197],[77.9792289,30.3352285],[77.9792114,30.3352341],[77.9791943,30.3352461],[77.9791824,30.3352647],[77.97914,30.335377],[77.9791322,30.3353891],[77.9791222,30.3353976],[77.9791099,30.3354048],[77.9788822,30.3354909]]}},{"type":"Feature","properties":{"c":"service"},"geometry":{"type":"LineString","coordinates":[[77.9796692,30.3373996],[77.9796624,30.3374282],[77.9796119,30.3375092],[77.9792916,30.3380015],[77.9792637,30.3380266]]}},{"type":"Feature","properties":{"c":"service"},"geometry":{"type":"LineString","coordinates":[[77.9796843,30.3378695],[77.979617,30.3379059],[77.9795603,30.3379276],[77.9792916,30.3380015]]}},{"type":"Feature","properties":{"c":"service"},"geometry":{"type":"LineString","coordinates":[[77.9796843,30.3378695],[77.9798029,30.3379128],[77.979834,30.3379373],[77.9798485,30.3379635],[77.9798619,30.337998],[77.979864,30.3380354],[77.9798628,30.3380504],[77.9798543,30.3380747],[77.9797468,30.3382014]]}},{"type":"Feature","properties":{"c":"service"},"geometry":{"type":"LineString","coordinates":[[77.9800559,30.3373626],[77.9799325,30.3376003],[77.9796843,30.3378695]]}},{"type":"Feature","properties":{"c":"service"},"geometry":{"type":"LineString","coordinates":[[77.9796692,30.3373996],[77.9800559,30.3373626],[77.9809963,30.3371157],[77.981568,30.3369228],[77.9823378,30.3367315],[77.9827563,30.3365968]]}},{"type":"Feature","properties":{"c":"service"},"geometry":{"type":"LineString","coordinates":[[77.9833817,30.3349539],[77.9839301,30.3361555]]}},{"type":"Feature","properties":{"c":"residential"},"geometry":{"type":"LineString","coordinates":[[77.9613673,30.3365051],[77.9624327,30.3364275],[77.9624587,30.3364195],[77.9624757,30.3364031],[77.9624806,30.3363868],[77.9625021,30.3363105],[77.962512,30.3362917],[77.9625282,30.3362734],[77.9625504,30.3362584],[77.9625826,30.3362433],[77.9626201,30.336226],[77.9626452,30.3362104],[77.9626738,30.3361878]]}},{"type":"Feature","properties":{"c":"service"},"geometry":{"type":"LineString","coordinates":[[77.9879949,30.3351783],[77.9880562,30.3350371],[77.9880645,30.3349798]]}},{"type":"Feature","properties":{"c":"service"},"geometry":{"type":"LineString","coordinates":[[77.987067,30.3352733],[77.9873624,30.3349589],[77.9873896,30.3349439],[77.9874064,30.3349375],[77.9874194,30.334935]]}},{"type":"Feature","properties":{"c":"service"},"geometry":{"type":"LineString","coordinates":[[77.987067,30.3352733],[77.987775,30.3356158]]}},{"type":"Feature","properties":{"c":"service"},"geometry":{"type":"LineString","coordinates":[[77.987067,30.3352733],[77.986788,30.3355695],[77.9862785,30.3361616]]}},{"type":"Feature","properties":{"c":"service"},"geometry":{"type":"LineString","coordinates":[[77.9891336,30.3357487],[77.988676,30.3364213],[77.9886665,30.3364453],[77.9886679,30.3364692],[77.988676,30.3364907],[77.9888214,30.336598],[77.9888369,30.3366176],[77.9888434,30.3366361],[77.9888391,30.3366565],[77.9886822,30.336871],[77.9886631,30.3368787],[77.9886449,30.3368786],[77.988625,30.3368748],[77.9883938,30.3367783],[77.9883704,30.3367786],[77.9883522,30.3367833],[77.988337,30.3367916],[77.988086,30.3371105]]}},{"type":"Feature","properties":{"c":"service"},"geometry":{"type":"LineString","coordinates":[[77.9902021,30.3358241],[77.9906814,30.3358538],[77.9907744,30.3358573],[77.9908074,30.3358552],[77.9908327,30.3358458],[77.990857,30.3358302],[77.9909211,30.3357742],[77.9910131,30.3356823],[77.9910393,30.3356675],[77.9910582,30.3356597],[77.9910826,30.3356558],[77.9911051,30.3356558],[77.9916913,30.3356985]]}},{"type":"Feature","properties":{"c":"service"},"geometry":{"type":"LineString","coordinates":[[77.9923039,30.337039],[77.9934983,30.337068]]}},{"type":"Feature","properties":{"c":"service"},"geometry":{"type":"LineString","coordinates":[[77.9737963,30.3395593],[77.9735062,30.3395043],[77.9731898,30.3394117],[77.9728197,30.3393053],[77.9726073,30.3392527]]}},{"type":"Feature","properties":{"c":"residential"},"geometry":{"type":"LineString","coordinates":[[77.9577184,30.3372607],[77.9577239,30.3371759]]}},{"type":"Feature","properties":{"c":"residential"},"geometry":{"type":"LineString","coordinates":[[77.9602033,30.337123],[77.9602427,30.3371255],[77.9602644,30.3371382],[77.9602685,30.3371695],[77.960329,30.3377188],[77.9603209,30.3377374],[77.9603021,30.3377571],[77.9602792,30.3377745],[77.9602591,30.3377896],[77.960251,30.3378117],[77.9602443,30.338138]]}},{"type":"Feature","properties":{"c":"residential"},"geometry":{"type":"LineString","coordinates":[[77.9632228,30.3428445],[77.9634168,30.343001],[77.9635567,30.3431252],[77.9635836,30.3431682],[77.9635973,30.3432222],[77.9635984,30.3432727],[77.9635813,30.343309],[77.9635357,30.343354],[77.963066,30.3436088],[77.9629845,30.3436677],[77.9629392,30.3437139],[77.9629081,30.3437776],[77.9628786,30.3438498],[77.9628304,30.344062],[77.962754,30.3444856],[77.9627064,30.3447276],[77.9626916,30.3447949],[77.9626721,30.344841],[77.9626324,30.344925],[77.9624633,30.3452361],[77.9624441,30.3452803],[77.9624373,30.3453209],[77.9624333,30.3453639],[77.9624302,30.3455031],[77.962429,30.3455557],[77.9624212,30.3455949],[77.9623995,30.3456216],[77.962366,30.3456518],[77.9623189,30.3456704],[77.9619047,30.3457956],[77.9617201,30.345851],[77.9616005,30.3458829],[77.9615184,30.345898],[77.9614521,30.3459064],[77.9606721,30.3459792],[77.9605957,30.3459919],[77.9605322,30.3460164],[77.9604564,30.3460622],[77.9598272,30.3469385]]}},{"type":"Feature","properties":{"c":"service"},"geometry":{"type":"LineString","coordinates":[[77.9565386,30.3482829],[77.9566446,30.3480948],[77.9567007,30.3479803],[77.9567454,30.3478738],[77.9567766,30.3477793],[77.9568176,30.3476628],[77.9568417,30.3476153],[77.9568807,30.3475946],[77.9569557,30.3475869],[77.9570187,30.3475998],[77.9577656,30.3480606]]}},{"type":"Feature","properties":{"c":"residential"},"geometry":{"type":"LineString","coordinates":[[77.9552697,30.3474309],[77.9557182,30.3469279],[77.9557491,30.3468953],[77.9557747,30.3468547],[77.9558003,30.3467967],[77.9558218,30.3467665],[77.95585,30.3467328],[77.9560542,30.346541],[77.9560619,30.346525],[77.9560606,30.3465052],[77.9560519,30.3464878],[77.9559617,30.3463839],[77.9559489,30.3463502],[77.9559509,30.3463253],[77.9559744,30.3462992],[77.9563343,30.3459962]]}},{"type":"Feature","properties":{"c":"residential"},"geometry":{"type":"LineString","coordinates":[[77.9551148,30.3449538],[77.9548142,30.3451979],[77.9546647,30.3452988],[77.9545772,30.3453534],[77.9544897,30.3454019],[77.953965,30.3456658]]}},{"type":"Feature","properties":{"c":"residential"},"geometry":{"type":"LineString","coordinates":[[77.9543985,30.3442695],[77.9547155,30.3447777]]}},{"type":"Feature","properties":{"c":"residential"},"geometry":{"type":"LineString","coordinates":[[77.9551584,30.3455873],[77.9558427,30.3450316],[77.955879,30.3449831],[77.9559024,30.3449363],[77.9558675,30.3448924],[77.9558097,30.3448263],[77.9557828,30.3447833],[77.9557669,30.344724]]}},{"type":"Feature","properties":{"c":"residential"},"geometry":{"type":"LineString","coordinates":[[77.9568877,30.3442311],[77.9569566,30.3443221]]}},{"type":"Feature","properties":{"c":"residential"},"geometry":{"type":"LineString","coordinates":[[77.9570047,30.3435135],[77.9572596,30.343893]]}},{"type":"Feature","properties":{"c":"residential"},"geometry":{"type":"LineString","coordinates":[[77.9600312,30.3430043],[77.9601007,30.3429815],[77.9604852,30.3428751],[77.960852,30.342796]]}},{"type":"Feature","properties":{"c":"residential"},"geometry":{"type":"LineString","coordinates":[[77.962429,30.3455557],[77.9619906,30.3455972],[77.9618918,30.3456034],[77.9618265,30.3456112],[77.9617861,30.3456193],[77.9615036,30.3456866],[77.9614511,30.3456983],[77.9613838,30.3457075],[77.9613136,30.3457111],[77.9604002,30.3457146],[77.9603411,30.345711],[77.96029,30.3457041],[77.9602327,30.3456903],[77.9598908,30.3455826],[77.9598319,30.3455729],[77.9597787,30.345567],[77.9597132,30.3455635],[77.9596442,30.3455612],[77.9595843,30.3455636],[77.9592823,30.3456193],[77.9591827,30.3456327],[77.9591047,30.3456367],[77.9590355,30.3456381],[77.9586445,30.3456495],[77.9585409,30.3456576],[77.9584589,30.3456693],[77.9583321,30.3456935],[77.9581711,30.3457213],[77.9580942,30.3457459],[77.9580283,30.3457726],[77.9579543,30.3458109],[77.9579166,30.3458492],[77.9579018,30.3458991],[77.9579005,30.34597]]}},{"type":"Feature","properties":{"c":"residential"},"geometry":{"type":"LineString","coordinates":[[77.9661519,30.3474934],[77.9671815,30.3466122],[77.9675442,30.3463017],[77.9677771,30.3461024],[77.967852,30.3460446],[77.968033,30.3459049],[77.9680478,30.345884],[77.9680546,30.3458515],[77.9680359,30.3458269],[77.9673354,30.3452017]]}},{"type":"Feature","properties":{"c":"residential"},"geometry":{"type":"LineString","coordinates":[[77.9710114,30.3466485],[77.9706467,30.3465837],[77.9704268,30.3467364],[77.970357,30.3468429],[77.969944,30.3473566],[77.9698528,30.3474954],[77.9698046,30.3475371],[77.9697563,30.3475417],[77.9697027,30.3475232],[77.9695525,30.3474352],[77.9689035,30.3471298],[77.9688284,30.3471067],[77.9687586,30.3471252],[77.9680345,30.3477222],[77.9673694,30.3483792]]}},{"type":"Feature","properties":{"c":"track"},"geometry":{"type":"LineString","coordinates":[[77.9714424,30.3411094],[77.9714626,30.3418572],[77.9714734,30.3419449],[77.9715137,30.3420128],[77.971581,30.3420802],[77.9716388,30.3421208],[77.9717308,30.3421717],[77.9718178,30.3422172],[77.9720478,30.3423008],[77.9721331,30.3423244],[77.9722437,30.3423428],[77.9723869,30.3423519],[77.9724878,30.3423693],[77.9725941,30.342389],[77.9726667,30.3424157],[77.9730515,30.3425748],[77.9732789,30.3427037],[77.9733435,30.3427374],[77.9733987,30.3427606],[77.9735086,30.3427863]]}},{"type":"Feature","properties":{"c":"service"},"geometry":{"type":"LineString","coordinates":[[77.9745703,30.3409465],[77.9747269,30.3406579],[77.9747522,30.3406349],[77.9747738,30.3406243],[77.9748149,30.3406287],[77.9755291,30.3408787]]}},{"type":"Feature","properties":{"c":"service"},"geometry":{"type":"LineString","coordinates":[[77.985255,30.3381363],[77.9855275,30.3385744],[77.9856428,30.3387608],[77.9857072,30.3388233],[77.985808,30.3388692],[77.9859325,30.338924],[77.986064,30.338961],[77.98619,30.3389911],[77.9862893,30.3390096],[77.9863429,30.3390096],[77.9864234,30.3389842],[77.9864824,30.3389518]]}},{"type":"Feature","properties":{"c":"service"},"geometry":{"type":"LineString","coordinates":[[77.9840473,30.3387906],[77.9838321,30.3387032]]}},{"type":"Feature","properties":{"c":"service"},"geometry":{"type":"LineString","coordinates":[[77.9840473,30.3387906],[77.9841794,30.3388367]]}},{"type":"Feature","properties":{"c":"service"},"geometry":{"type":"LineString","coordinates":[[77.982155,30.3391369],[77.9820945,30.3392753],[77.9816529,30.3403366],[77.981386,30.340878],[77.9813726,30.3409673],[77.9813926,30.3410081],[77.9814182,30.3410358],[77.9818765,30.3412322]]}},{"type":"Feature","properties":{"c":"service"},"geometry":{"type":"LineString","coordinates":[[77.9816529,30.3403366],[77.9841592,30.3415519],[77.9850172,30.341968],[77.9850878,30.342],[77.9851295,30.3420136],[77.9851773,30.342016],[77.9852162,30.3420035],[77.9852447,30.3419847],[77.9857316,30.3409378]]}},{"type":"Feature","properties":{"c":"service"},"geometry":{"type":"LineString","coordinates":[[77.9763879,30.3451636],[77.9762819,30.3449856],[77.9762772,30.3449749],[77.9762746,30.3449668],[77.9762769,30.3449558],[77.9762819,30.344946],[77.9768412,30.3445293],[77.9768734,30.3445143],[77.9769042,30.3445033],[77.9769538,30.3444998],[77.9769954,30.3445027],[77.9773381,30.3446578],[77.9773743,30.34467],[77.9774024,30.3446746],[77.9774366,30.3446711],[77.9774661,30.3446584],[77.9774956,30.3446335],[77.9778516,30.34416],[77.9778671,30.3441393],[77.9785341,30.3432188],[77.978788,30.3428611],[77.9789067,30.342687],[77.9793771,30.342033],[77.9795304,30.3419504],[77.9796427,30.3419102],[77.9797474,30.341887],[77.9799351,30.3418592]]}},{"type":"Feature","properties":{"c":"track"},"geometry":{"type":"LineString","coordinates":[[77.9735086,30.3427863],[77.9736507,30.3428129],[77.9737942,30.3428662],[77.9739819,30.3429842],[77.9742207,30.3431868],[77.9744165,30.3433511],[77.9745895,30.3434923],[77.974804,30.343652],[77.9749905,30.3438094],[77.9751112,30.3439356],[77.9752184,30.3440548],[77.9752909,30.3441439],[77.9753365,30.3442087],[77.9754786,30.3444576],[77.9755524,30.3446022],[77.9755926,30.3446682],[77.975661,30.3447712],[77.9757635,30.3448694],[77.9760761,30.3450536],[77.9761036,30.3450698],[77.9761203,30.3450855],[77.9761273,30.3450934],[77.9761351,30.3451022],[77.9761497,30.3451412],[77.9762417,30.3452851],[77.9763869,30.3455122],[77.9767136,30.3457378],[77.9768628,30.3458407],[77.97699,30.3459286],[77.9770705,30.3459841],[77.9771778,30.3460397],[77.9773092,30.3460837],[77.9774246,30.3461346],[77.9775506,30.3462365],[77.9778564,30.3465767],[77.9781058,30.3469239],[77.9783472,30.3473406],[77.9785227,30.3475668],[77.9786637,30.3479956],[77.9787201,30.3481669],[77.9788099,30.3483278],[77.9789498,30.3485107],[77.9792112,30.3487828],[77.9794389,30.3490199],[77.9796468,30.3492363],[77.9799257,30.3493728],[77.9803924,30.3495325],[77.9805614,30.3495742],[77.9807907,30.3496008],[77.9809959,30.3496031],[77.981248,30.3495594],[77.9813272,30.3495279],[77.9814117,30.3494944],[77.9814994,30.3494323],[77.9815444,30.3493925],[77.9815981,30.3493451],[77.9816383,30.3493196],[77.9816913,30.349303],[77.9820392,30.3492744],[77.9826338,30.3491278],[77.9838598,30.3484497],[77.9843402,30.3483449],[77.9844841,30.3482977],[77.9846208,30.3482669],[77.9847028,30.3482584],[77.9848583,30.3482653],[77.9850358,30.3482782],[77.9852056,30.3483197],[77.9853907,30.3483822],[77.9857564,30.348502],[77.9859084,30.3485905],[77.9860774,30.3487178],[77.9864814,30.3490421],[77.9868842,30.3493444],[77.9872052,30.3496706],[77.9873809,30.3498427],[77.9875687,30.3500371],[77.987931,30.3504844]]}},{"type":"Feature","properties":{"c":"service"},"geometry":{"type":"LineString","coordinates":[[77.9778516,30.34416],[77.9778671,30.3441931],[77.9778832,30.344218],[77.97791,30.3442411],[77.9779387,30.344256],[77.9782256,30.3444298],[77.9787074,30.3446894],[77.9793686,30.3450191],[77.983086,30.34657],[77.9838143,30.3468915],[77.9838454,30.346921],[77.9838698,30.3469529],[77.9838851,30.3469875],[77.9835411,30.3480132]]}},{"type":"Feature","properties":{"c":"track"},"geometry":{"type":"LineString","coordinates":[[77.9847028,30.3482584],[77.9846853,30.3482259],[77.984625,30.3482074],[77.9844922,30.3482039],[77.9843292,30.3482387],[77.9842709,30.3482479],[77.9841992,30.3482306],[77.9841636,30.3482138],[77.9841448,30.348175],[77.9841395,30.3481403],[77.9841615,30.3480857],[77.9843095,30.3478517],[77.9844674,30.3475443],[77.9844929,30.3474997],[77.9845173,30.3474745],[77.9847432,30.3473536],[77.9849187,30.347248],[77.9849708,30.3472368],[77.985038,30.3472399],[77.985247,30.3472619],[77.9854032,30.3472621],[77.985683,30.3472572],[77.9860582,30.3472751],[77.9862195,30.3472619],[77.9863248,30.3472434],[77.9867342,30.3471424]]}},{"type":"Feature","properties":{"c":"service"},"geometry":{"type":"LineString","coordinates":[[77.9909569,30.3438118],[77.9907919,30.3438839],[77.9907638,30.3439017],[77.9907429,30.3439259],[77.9907228,30.3440465],[77.9906706,30.3443301],[77.9906506,30.3443641],[77.9905863,30.3444279],[77.9905388,30.3444536],[77.9901057,30.344607],[77.9899,30.3446506]]}},{"type":"Feature","properties":{"c":"service"},"geometry":{"type":"LineString","coordinates":[[77.9966251,30.3405223],[77.9966591,30.3402304]]}},{"type":"Feature","properties":{"c":"service"},"geometry":{"type":"LineString","coordinates":[[77.9944853,30.3404634],[77.9945715,30.3404105]]}},{"type":"Feature","properties":{"c":"service"},"geometry":{"type":"LineString","coordinates":[[77.9976941,30.344024],[77.9979965,30.3440485]]}},{"type":"Feature","properties":{"c":"service"},"geometry":{"type":"LineString","coordinates":[[77.9949203,30.3478179],[77.994521,30.3478103]]}},{"type":"Feature","properties":{"c":"residential"},"geometry":{"type":"LineString","coordinates":[[77.991177,30.3496051],[77.9916471,30.3493516],[77.9918506,30.3492378],[77.9918689,30.3492332],[77.991886,30.349235],[77.9918968,30.3492443],[77.9919053,30.3492517],[77.9921628,30.3495795]]}},{"type":"Feature","properties":{"c":"residential"},"geometry":{"type":"LineString","coordinates":[[77.9909134,30.3493138],[77.9912391,30.3491133],[77.9909755,30.3488052],[77.9912892,30.3486229],[77.9919572,30.3482467]]}},{"type":"Feature","properties":{"c":"residential"},"geometry":{"type":"LineString","coordinates":[[77.9905315,30.349069],[77.9909755,30.3488052]]}},{"type":"Feature","properties":{"c":"residential"},"geometry":{"type":"LineString","coordinates":[[77.9912391,30.3491133],[77.9914292,30.3490056],[77.992135,30.3486053]]}},{"type":"Feature","properties":{"c":"residential"},"geometry":{"type":"LineString","coordinates":[[77.9912892,30.3486229],[77.9910335,30.3483044],[77.9910191,30.3482864],[77.9907858,30.3479742],[77.99065,30.3477924],[77.9903667,30.3474424]]}},{"type":"Feature","properties":{"c":"residential"},"geometry":{"type":"LineString","coordinates":[[77.9923459,30.3506973],[77.9920325,30.3508094],[77.9920265,30.3508193],[77.9920211,30.3508291],[77.9920426,30.3509071],[77.9920686,30.3509888],[77.9921272,30.3511819]]}},{"type":"Feature","properties":{"c":"residential"},"geometry":{"type":"LineString","coordinates":[[78.0027316,30.3523614],[78.0024837,30.3526351]]}},{"type":"Feature","properties":{"c":"residential"},"geometry":{"type":"LineString","coordinates":[[78.0028134,30.352261],[78.0028827,30.3523031],[78.0032323,30.3524946]]}},{"type":"Feature","properties":{"c":"residential"},"geometry":{"type":"LineString","coordinates":[[78.0020069,30.3513453],[78.0023092,30.3509861]]}},{"type":"Feature","properties":{"c":"residential"},"geometry":{"type":"LineString","coordinates":[[78.0037856,30.3498311],[78.0041206,30.34946],[78.0043365,30.3492524]]}},{"type":"Feature","properties":{"c":"service"},"geometry":{"type":"LineString","coordinates":[[77.9941827,30.3560671],[77.9942375,30.3561578],[77.994335,30.356284],[77.9944097,30.3563432],[77.9945224,30.356401],[77.994786,30.3565403],[77.9950069,30.3566862],[77.9952171,30.3568085],[77.9953969,30.3569439],[77.9957335,30.3571937],[77.9958737,30.3573054],[77.9959803,30.3573829],[77.9961336,30.3574417],[77.9965112,30.3575582],[77.9967445,30.3575976],[77.9972219,30.3576589],[77.9975244,30.3576818],[77.9977074,30.3576844],[77.9978791,30.3576635],[77.9980078,30.3576485],[77.9981138,30.3576288],[77.9982036,30.3575918],[77.9982546,30.3575455],[77.9982928,30.3574926]]}},{"type":"Feature","properties":{"c":"residential"},"geometry":{"type":"LineString","coordinates":[[77.9982928,30.3574926],[77.9983039,30.3574527],[77.9983002,30.3574292],[77.9982787,30.3573985],[77.9982291,30.3573638],[77.9979743,30.3572411]]}},{"type":"Feature","properties":{"c":"residential"},"geometry":{"type":"LineString","coordinates":[[78.0036131,30.3568329],[78.0033815,30.3567079]]}},{"type":"Feature","properties":{"c":"residential"},"geometry":{"type":"LineString","coordinates":[[77.990788,30.3605363],[77.9908588,30.3605722],[77.9912044,30.360707],[77.9919004,30.3610102],[77.992225,30.3611907],[77.9924811,30.3613411],[77.9927762,30.3614834],[77.9930525,30.3615714],[77.9931477,30.3615841],[77.9932,30.3615911],[77.993499,30.3616836],[77.9939454,30.3618563],[77.9940167,30.3618769],[77.9941227,30.3618977],[77.9945173,30.3619565],[77.9947852,30.36204],[77.9948509,30.3620481],[77.9949099,30.3620412],[77.994983,30.3620152],[77.9950775,30.3619729],[77.9951271,30.3619602],[77.9951861,30.3619567],[77.9952505,30.3619695],[77.9954584,30.3620551],[77.9956429,30.3621067],[77.9963363,30.3622899],[77.9969926,30.3625052],[77.9970878,30.3625272],[77.9971951,30.3625388],[77.9973534,30.3625423],[77.9974124,30.3625504],[77.9974459,30.3625909],[77.997462,30.362629],[77.9974741,30.3626869],[77.9974982,30.3627251],[77.9975452,30.3627482],[77.9976323,30.3627772],[77.998492,30.3629866],[77.9985802,30.3630194],[77.9987025,30.3630942],[77.9988769,30.3631926],[77.9990794,30.3632805],[77.9991746,30.3633187],[77.9992872,30.3633638],[77.9995005,30.3635015],[77.9996024,30.3635906],[77.9996695,30.3636878],[77.9997137,30.3637596],[77.9997566,30.3639031],[77.9997847,30.3639609],[77.9998331,30.3640095],[77.9999323,30.3641079],[77.9999645,30.3641588],[77.9999591,30.3642213],[77.999939,30.3642595],[77.9999068,30.3643034],[77.9998773,30.3643405],[77.9998465,30.3644041],[77.9998103,30.3644897],[77.9997003,30.3647189],[77.9996923,30.3647767],[77.999707,30.3648265],[77.9998214,30.3649887],[77.9998733,30.3651227],[77.9999068,30.3652419],[77.9999249,30.3653342],[77.9999618,30.3654201],[78.0000275,30.3655022],[77.9999551,30.3655265],[77.9998867,30.3655346],[77.9996426,30.3655335],[77.9993597,30.365508],[77.9989023,30.3654583],[77.9987361,30.3654259],[77.9985791,30.3653969],[77.9984598,30.3653888],[77.9983874,30.3654027],[77.9979794,30.3654952],[77.9978913,30.3655389],[77.9977989,30.36563],[77.99768,30.3657041],[77.9975127,30.3657649],[77.9969139,30.3658694],[77.9967955,30.365913],[77.9966801,30.3659801],[77.9966506,30.3660195],[77.9966412,30.3660704],[77.9966292,30.3661745],[77.9966533,30.3662382],[77.9966895,30.3663446],[77.9966855,30.3663898],[77.996664,30.3664453],[77.9966252,30.3665483],[77.9965483,30.3667553],[77.9965199,30.3668371],[77.9964403,30.3669572],[77.9963884,30.3670288],[77.9960741,30.3672839],[77.9956795,30.3670312],[77.9956158,30.3669817],[77.9955701,30.3669297],[77.995474,30.3667825],[77.9953133,30.3665385],[77.9952427,30.3664561],[77.9951901,30.3664119],[77.995152,30.3663939],[77.9950966,30.366376],[77.9949568,30.3663478],[77.9949118,30.366333],[77.9948668,30.3663109],[77.9947599,30.3662442],[77.9943828,30.3659073],[77.994216,30.3657374],[77.9941482,30.3656832],[77.9940325,30.3656165],[77.9939502,30.365578],[77.9938519,30.3655482],[77.9934852,30.3654668],[77.993312,30.3654084],[77.9931542,30.3653367],[77.9930489,30.3652746],[77.9929347,30.3651933],[77.9927545,30.3650292],[77.9926277,30.3649745],[77.9923974,30.3649428],[77.9920905,30.3648996],[77.9915265,30.3647931],[77.9912429,30.3647096],[77.9909926,30.3645801],[77.9908254,30.3645125],[77.990639,30.3644131],[77.9902508,30.3641625],[77.9900629,30.3640726],[77.9899615,30.3640466],[77.9898632,30.3640334],[77.989674,30.3639969]]}},{"type":"Feature","properties":{"c":"track"},"geometry":{"type":"LineString","coordinates":[[77.9960741,30.3672839],[77.9964342,30.3678076],[77.9968012,30.3680236],[77.9974085,30.3682078],[77.9975687,30.3683115],[77.9985831,30.3694947],[77.9990402,30.3696243],[77.9991837,30.3697221],[77.9992905,30.3699265],[78.0004183,30.3706808],[78.0006886,30.370819],[78.0009722,30.3711472],[78.0012725,30.3715704],[78.0018823,30.3721821],[78.0021834,30.3724725],[78.0022655,30.3725541],[78.002287,30.3725848],[78.002302,30.3726276],[78.0023047,30.3727352],[78.0023061,30.3727884],[78.0023178,30.3728387],[78.0023356,30.3728925]]}},{"type":"Feature","properties":{"c":"residential"},"geometry":{"type":"LineString","coordinates":[[77.9912044,30.360707],[77.991254,30.3605855],[77.9912835,30.3605403],[77.9913264,30.360516],[77.9913801,30.3604964],[77.991478,30.3604755],[77.9915719,30.3604698],[77.9916577,30.3604917],[77.9918146,30.3605681],[77.991864,30.3605885],[77.9920024,30.3606456]]}},{"type":"Feature","properties":{"c":"residential"},"geometry":{"type":"LineString","coordinates":[[77.9939454,30.3618563],[77.993857,30.3621531]]}},{"type":"Feature","properties":{"c":"residential"},"geometry":{"type":"LineString","coordinates":[[77.9948509,30.3620481],[77.994717,30.362367]]}},{"type":"Feature","properties":{"c":"residential"},"geometry":{"type":"LineString","coordinates":[[77.9954584,30.3620551],[77.9954155,30.3621708],[77.9954034,30.3622576],[77.9954093,30.3623367],[77.9954691,30.3624555],[77.9955523,30.3625885],[77.995575,30.3626319],[77.9955898,30.3626603],[77.9955938,30.3627216],[77.9956113,30.3628778],[77.9956079,30.3630028],[77.9956012,30.3630335],[77.9955912,30.3630433],[77.9955784,30.3630482],[77.995555,30.3630488],[77.9954631,30.3630126],[77.9952022,30.3628975]]}},{"type":"Feature","properties":{"c":"residential"},"geometry":{"type":"LineString","coordinates":[[77.9956429,30.3621067],[77.9957097,30.3620363],[77.9958887,30.3619067],[77.9959952,30.361853],[77.9960706,30.3618011],[77.9960958,30.3617757],[77.9961584,30.3617126],[77.9962268,30.3616142],[77.9962765,30.3615558],[77.9962973,30.361528],[77.9962986,30.3614973],[77.9962979,30.3614765],[77.9962852,30.361458],[77.996257,30.3614348],[77.9962108,30.3614152],[77.9960981,30.3613724],[77.9955858,30.361237]]}},{"type":"Feature","properties":{"c":"residential"},"geometry":{"type":"LineString","coordinates":[[77.997545,30.3629696],[77.9975324,30.3630016],[77.9975317,30.3630427],[77.9975344,30.3631174],[77.9975311,30.3631451],[77.9975177,30.3631827],[77.9974989,30.3632285],[77.9974821,30.3632794],[77.9974741,30.3633222],[77.9974647,30.3633754],[77.9974379,30.3634454],[77.9974164,30.363474],[77.9973983,30.3634796],[77.9973695,30.3634801],[77.9973426,30.3634764],[77.9973078,30.3634634],[77.9972756,30.3634495],[77.997226,30.3634286],[77.9971549,30.3634263],[77.9971066,30.3634286],[77.9970235,30.3634379],[77.9969537,30.3634587],[77.9969276,30.3634778],[77.9969081,30.363505],[77.996884,30.3635536],[77.996884,30.3636323],[77.9968706,30.3637318]]}},{"type":"Feature","properties":{"c":"residential"},"geometry":{"type":"LineString","coordinates":[[78.0000275,30.3655022],[78.0003263,30.3653373],[78.0004299,30.3652558],[78.0004996,30.3651655],[78.0005539,30.3650879],[78.0005935,30.3650313],[78.0007758,30.3647909],[78.0008067,30.3647501],[78.0009422,30.3645395],[78.001037,30.3644229],[78.00109,30.3643707],[78.0012935,30.3641704],[78.0013807,30.3640523],[78.0015188,30.3638336],[78.0015497,30.3637856],[78.0015705,30.3637255],[78.0015805,30.3636664],[78.0015852,30.3635108],[78.001669,30.3634414],[78.0017522,30.3633951],[78.00183,30.3633557],[78.0019286,30.3633141]]}},{"type":"Feature","properties":{"c":"residential"},"geometry":{"type":"LineString","coordinates":[[78.0015852,30.3635108],[78.001262,30.3632637],[78.0011863,30.3632076],[78.0010878,30.3631181],[78.0010599,30.3630902],[78.0010454,30.3630786],[78.0010327,30.3630751],[78.0010173,30.3630757],[78.0010005,30.3630821],[78.0008121,30.3632192],[78.0006699,30.3633118]]}},{"type":"Feature","properties":{"c":"residential"},"geometry":{"type":"LineString","coordinates":[[78.0003263,30.3653373],[78.00066,30.3657961],[78.0006826,30.3658272],[78.0008107,30.3659512],[78.0009583,30.3660484],[78.0013145,30.3662337],[78.001451,30.3662755],[78.0015416,30.3662949],[78.0016932,30.3662972],[78.0018555,30.3662868],[78.0019802,30.3662486],[78.0023932,30.3661064]]}},{"type":"Feature","properties":{"c":"residential"},"geometry":{"type":"LineString","coordinates":[[77.9646383,30.3529427],[77.964501,30.3528071],[77.9644883,30.3527811],[77.9644883,30.3527568],[77.9645084,30.3527163],[77.9651832,30.3520956]]}},{"type":"Feature","properties":{"c":"service"},"geometry":{"type":"LineString","coordinates":[[77.9641398,30.3533344],[77.9646978,30.3533542]]}},{"type":"Feature","properties":{"c":"residential"},"geometry":{"type":"LineString","coordinates":[[77.9717927,30.3496104],[77.9720976,30.3501713]]}},{"type":"Feature","properties":{"c":"residential"},"geometry":{"type":"LineString","coordinates":[[77.9716427,30.3525077],[77.9719725,30.352321],[77.9720788,30.352256],[77.9722322,30.3521457],[77.9727216,30.3518029],[77.9727811,30.3517613]]}},{"type":"Feature","properties":{"c":"service"},"geometry":{"type":"LineString","coordinates":[[77.9695952,30.3555736],[77.9693887,30.3552947],[77.9693833,30.3552569],[77.9693981,30.3552264],[77.9703711,30.354651]]}},{"type":"Feature","properties":{"c":"service"},"geometry":{"type":"LineString","coordinates":[[77.9708794,30.355528],[77.971405,30.3553919],[77.9714381,30.3553966],[77.9714573,30.3554104],[77.9721701,30.3565497],[77.9721728,30.3565679],[77.9721678,30.3565859],[77.9721584,30.356596],[77.9716451,30.3568012]]}},{"type":"Feature","properties":{"c":"service"},"geometry":{"type":"LineString","coordinates":[[77.9705071,30.3571798],[77.9705676,30.3572593],[77.970779,30.3575368],[77.9713998,30.3578653],[77.9711928,30.3573475],[77.9718322,30.3570919]]}},{"type":"Feature","properties":{"c":"service"},"geometry":{"type":"LineString","coordinates":[[77.970779,30.3575368],[77.9711928,30.3573475]]}},{"type":"Feature","properties":{"c":"service"},"geometry":{"type":"LineString","coordinates":[[77.9715405,30.3582009],[77.9713998,30.3578653]]}},{"type":"Feature","properties":{"c":"tertiary"},"geometry":{"type":"LineString","coordinates":[[77.9654835,30.3600088],[77.9654808,30.3601491],[77.9654954,30.3603297],[77.9655853,30.3606445],[77.9657704,30.3610773],[77.9660681,30.3616003],[77.9660895,30.3617357],[77.9660802,30.3618294],[77.9660417,30.3619248],[77.9654613,30.3628123],[77.965347,30.3630384],[77.9652854,30.3632422],[77.9652743,30.3635169],[77.9651796,30.3637294],[77.9649828,30.3639196]]}},{"type":"Feature","properties":{"c":"residential"},"geometry":{"type":"LineString","coordinates":[[77.9728911,30.362601],[77.9727387,30.3618873]]}},{"type":"Feature","properties":{"c":"residential"},"geometry":{"type":"LineString","coordinates":[[77.9729506,30.3629149],[77.9728911,30.362601]]}},{"type":"Feature","properties":{"c":"residential"},"geometry":{"type":"LineString","coordinates":[[77.9871223,30.3520456],[77.9873692,30.3519497],[77.9874037,30.351949],[77.9874319,30.3519698]]}},{"type":"Feature","properties":{"c":"residential"},"geometry":{"type":"LineString","coordinates":[[77.9839423,30.3551546],[77.9843739,30.3549047],[77.9845235,30.3548201],[77.9849825,30.3545606]]}},{"type":"Feature","properties":{"c":"residential"},"geometry":{"type":"LineString","coordinates":[[77.9843739,30.3549047],[77.9837246,30.3539765],[77.9831779,30.353259]]}},{"type":"Feature","properties":{"c":"residential"},"geometry":{"type":"LineString","coordinates":[[77.9803938,30.3547924],[77.980666,30.3546096],[77.9807492,30.3545633],[77.9807894,30.3545529],[77.9808108,30.3545482],[77.9808712,30.3545355],[77.9809141,30.3545124],[77.9810107,30.354458],[77.9811059,30.3544071],[77.9812722,30.3543619],[77.9813567,30.354348],[77.9813983,30.3543573],[77.9814224,30.3543712],[77.9814479,30.3544186],[77.9817662,30.354856],[77.9825221,30.355842],[77.9825476,30.3558652],[77.9825831,30.3558814],[77.982622,30.3558837],[77.9828171,30.3557917],[77.9835913,30.35655],[77.9843885,30.3573297],[77.9844158,30.3573418]]}},{"type":"Feature","properties":{"c":"residential"},"geometry":{"type":"LineString","coordinates":[[77.9799842,30.3575374],[77.9798854,30.3574383],[77.9795278,30.3570375],[77.9797152,30.3568801],[77.9798922,30.3567644],[77.9799807,30.35671],[77.9800478,30.3566579],[77.9802234,30.3565132],[77.9804939,30.3562723],[77.9806418,30.3561447],[77.9808482,30.3560136],[77.9808725,30.3560058],[77.980892,30.3560075],[77.9809222,30.3560307],[77.9810174,30.3561273],[77.9810328,30.3561325],[77.9810489,30.3561325],[77.9810757,30.3561186],[77.9811575,30.3560625],[77.981175,30.3560584],[77.9811998,30.3560683],[77.9812293,30.3560885],[77.9812601,30.3561204],[77.9812769,30.3561233],[77.981291,30.3561163],[77.9813057,30.3561071],[77.9816135,30.3558704]]}},{"type":"Feature","properties":{"c":"residential"},"geometry":{"type":"LineString","coordinates":[[77.9795278,30.3570375],[77.9791923,30.3566227],[77.9791009,30.3566637],[77.9789937,30.3567019],[77.9789289,30.3567194],[77.9788595,30.3567088],[77.9788059,30.3566787],[77.978747,30.3566277],[77.978589,30.3563941],[77.9785538,30.3563096],[77.9785833,30.3562286],[77.9786798,30.3561221],[77.9788086,30.3560087],[77.978999,30.3558814],[77.9792136,30.3556847],[77.9795489,30.3553745]]}},{"type":"Feature","properties":{"c":"residential"},"geometry":{"type":"LineString","coordinates":[[77.9804105,30.3575333],[77.9807484,30.3572297],[77.9808176,30.3571833],[77.9808873,30.3571671],[77.9809423,30.3571671],[77.9810311,30.3571879],[77.981066,30.3571899],[77.9810952,30.3571824],[77.9811257,30.3571662],[77.9812776,30.3570212]]}},{"type":"Feature","properties":{"c":"residential"},"geometry":{"type":"LineString","coordinates":[[77.9805627,30.3578811],[77.9810233,30.3578416],[77.9812326,30.3578075],[77.981373,30.3577608],[77.9814564,30.3576775]]}},{"type":"Feature","properties":{"c":"residential"},"geometry":{"type":"LineString","coordinates":[[77.9764724,30.3552275],[77.9761888,30.3554335],[77.976135,30.3555089],[77.9761156,30.355599],[77.9761264,30.355665],[77.9761653,30.3557367],[77.9761948,30.3558039],[77.9762672,30.3559774],[77.9762712,30.3559948],[77.9762672,30.3560168],[77.9762484,30.3560457],[77.975745,30.3564655]]}},{"type":"Feature","properties":{"c":"residential"},"geometry":{"type":"LineString","coordinates":[[77.9840285,30.3627835],[77.9847725,30.3633918],[77.9847872,30.363424],[77.9847845,30.3634541],[77.9847711,30.3634772],[77.9847537,30.3635004],[77.9846223,30.3636254]]}},{"type":"Feature","properties":{"c":"residential"},"geometry":{"type":"LineString","coordinates":[[77.9848194,30.3615355],[77.9851113,30.3619255],[77.9851426,30.361966],[77.9852014,30.3619962],[77.98527,30.3620123],[77.9853379,30.3620103],[77.9856093,30.361988],[77.9858038,30.3619845],[77.986064,30.3619891],[77.986157,30.3620079],[77.9862168,30.3620458],[77.9862705,30.3621095],[77.9862785,30.3621916],[77.9862678,30.3623166],[77.9862584,30.3624127],[77.9862759,30.3624728],[77.9863268,30.3625168],[77.9865776,30.3626395],[77.9867868,30.3628072],[77.9868409,30.3628631],[77.9872602,30.3632956],[77.9873326,30.36335],[77.9874051,30.3633916],[77.9876518,30.3634703],[77.9878962,30.3635722],[77.9884559,30.3638525],[77.988546,30.3639515],[77.9886006,30.364074],[77.9886898,30.3644423],[77.9887918,30.3649908],[77.9888132,30.3650764],[77.9888695,30.3651644],[77.9891494,30.3654215],[77.9892995,30.365617],[77.9894999,30.3658841],[77.989701,30.3661826],[77.9898483,30.3664391],[77.9899827,30.3667311],[77.9900846,30.3669371],[77.9902026,30.3671361],[77.9903609,30.3673675],[77.9906455,30.3677395],[77.9907002,30.3678902],[77.9907466,30.368041],[77.9908222,30.3683441],[77.9909161,30.3687074],[77.9909402,30.3687618],[77.9909896,30.3688113],[77.991073,30.3688463],[77.9912298,30.3688843],[77.9914755,30.3689691],[77.9915629,30.3690469],[77.9916394,30.3691835],[77.9916776,30.3694403],[77.9916966,30.3695429],[77.9917486,30.369664],[77.9920298,30.3700221],[77.9920547,30.3700728],[77.992068,30.3701234],[77.992038,30.3704367],[77.9920486,30.3705142],[77.9920762,30.3705757],[77.9925485,30.3709596],[77.9927479,30.3711316],[77.9928097,30.3711628],[77.9928707,30.3711858],[77.9929908,30.3711951],[77.9930846,30.3711732],[77.9931738,30.3711339],[77.9935587,30.3710138],[77.9936372,30.3709961],[77.9937431,30.3710042],[77.9938303,30.3710355],[77.9938631,30.3710723],[77.9939014,30.3711153],[77.9939403,30.3711951],[77.9939604,30.3712692],[77.9939564,30.3713386],[77.9938906,30.3714451],[77.9938129,30.3715423],[77.9938021,30.3715562]]}},{"type":"Feature","properties":{"c":"residential"},"geometry":{"type":"LineString","coordinates":[[77.9859902,30.3594839],[77.9857479,30.3597256],[77.9857086,30.3597668],[77.985673,30.3598281],[77.9856388,30.3598981],[77.9856187,30.3599328],[77.9855718,30.3599803]]}},{"type":"Feature","properties":{"c":"residential"},"geometry":{"type":"LineString","coordinates":[[77.9852542,30.3587256],[77.9850688,30.3589156],[77.9849321,30.3590458],[77.9849146,30.3590603],[77.9848891,30.3590649],[77.984869,30.3590632],[77.984814,30.3590522],[77.9847651,30.3590296],[77.9845592,30.3589249]]}},{"type":"Feature","properties":{"c":"residential"},"geometry":{"type":"LineString","coordinates":[[77.9905902,30.3544105],[77.9904574,30.3543098],[77.9904239,30.3542786],[77.9904038,30.354252],[77.9904024,30.3542126],[77.9903984,30.3541721],[77.9903743,30.3541455],[77.990263,30.3540622],[77.9901637,30.3539696],[77.9900913,30.3538365],[77.9900604,30.3537104],[77.9900578,30.3536213],[77.9900967,30.3534477],[77.9901396,30.353325],[77.9901798,30.3532625],[77.9902509,30.353207],[77.9903206,30.353178],[77.9907109,30.3531838],[77.9908852,30.3531989],[77.9909127,30.3532064],[77.9909818,30.3532255],[77.9910998,30.3532614],[77.9913747,30.3533644],[77.9915223,30.3534187],[77.9916792,30.3534836],[77.9917372,30.3534975],[77.9917999,30.3535125],[77.9919367,30.3535229],[77.9921995,30.3535102],[77.9922666,30.3535102],[77.9923242,30.3535264],[77.9923806,30.3535819],[77.9924235,30.353634],[77.992681,30.3539557]]}},{"type":"Feature","properties":{"c":"residential"},"geometry":{"type":"LineString","coordinates":[[77.9924686,30.3542053],[77.9924101,30.3542126],[77.9923551,30.3542277],[77.9921767,30.3543179],[77.9918978,30.3544348]]}},{"type":"Feature","properties":{"c":"residential"},"geometry":{"type":"LineString","coordinates":[[77.9922692,30.3546385],[77.9926541,30.3549336],[77.9927212,30.354988],[77.9927325,30.355013],[77.9927453,30.3550412],[77.9927614,30.3551141],[77.992795,30.3557333],[77.9928137,30.3558501],[77.9928808,30.3560434],[77.9930547,30.3564347],[77.99309,30.3564751],[77.9931182,30.3564959],[77.9931892,30.3565086],[77.9932509,30.3565248],[77.993314,30.3565329],[77.9933515,30.356563],[77.9933703,30.3566058],[77.9933824,30.3566776],[77.9934159,30.3567759],[77.993491,30.3568986],[77.9936171,30.3571196],[77.9937163,30.3572793],[77.9937673,30.3573372],[77.9938343,30.3573777],[77.9940677,30.3574726],[77.9942755,30.3575814],[77.9944328,30.357663],[77.9946189,30.3577596],[77.9948281,30.3578869],[77.9950252,30.3580489],[77.9951285,30.358131],[77.9952331,30.3582016],[77.9953323,30.3582641],[77.9954007,30.3583336],[77.9954222,30.3583729],[77.9954571,30.3584886],[77.9954825,30.3585476],[77.9955254,30.3585893],[77.9956059,30.3586564],[77.9957065,30.3587305]]}},{"type":"Feature","properties":{"c":"residential"},"geometry":{"type":"LineString","coordinates":[[77.997545,30.3629696],[77.9976323,30.3627772]]}},{"type":"Feature","properties":{"c":"residential"},"geometry":{"type":"LineString","coordinates":[[77.9399311,30.3589036],[77.9401175,30.3587708],[77.9400356,30.3586133],[77.9400325,30.3585986],[77.9400325,30.358581],[77.940037,30.3585609],[77.9401022,30.3584404],[77.9401066,30.3584088],[77.9401014,30.3583763],[77.9400942,30.3583561],[77.9400747,30.3583309],[77.9396922,30.357936],[77.9396155,30.357858]]}},{"type":"Feature","properties":{"c":"residential"},"geometry":{"type":"LineString","coordinates":[[77.9379991,30.3550744],[77.939096,30.3544572],[77.9391206,30.3544486],[77.9395947,30.3542821],[77.9396766,30.3542599],[77.9397508,30.3542572],[77.9398067,30.354266],[77.9399744,30.3543055],[77.9399985,30.3543249],[77.9401879,30.3545681],[77.9401944,30.3545953],[77.9401893,30.3546173],[77.9401771,30.3546304],[77.9401538,30.3546462],[77.939735,30.3548925],[77.9391399,30.3552386],[77.9391297,30.3552515],[77.9391279,30.3552656],[77.9391336,30.3552813],[77.9392821,30.3554806]]}},{"type":"Feature","properties":{"c":"residential"},"geometry":{"type":"LineString","coordinates":[[77.9365619,30.354031],[77.9369923,30.3538973],[77.9371838,30.3538378],[77.937369,30.3538101]]}},{"type":"Feature","properties":{"c":"residential"},"geometry":{"type":"LineString","coordinates":[[77.9371719,30.3533956],[77.9376784,30.3531124],[77.9377034,30.353105],[77.9377194,30.3531068],[77.9378233,30.353169],[77.9378418,30.3531728],[77.9378595,30.3531732],[77.9378892,30.3531648],[77.9386905,30.35282],[77.9391712,30.3526254]]}},{"type":"Feature","properties":{"c":"residential"},"geometry":{"type":"LineString","coordinates":[[77.9360824,30.3510983],[77.9364146,30.3509835],[77.9365185,30.3509427],[77.9366052,30.350902],[77.9368971,30.3507492],[77.9370553,30.3506682],[77.9374023,30.3505057],[77.9374345,30.3504743],[77.937442,30.3504344],[77.9374323,30.3503798],[77.9372778,30.3498058]]}},{"type":"Feature","properties":{"c":"residential"},"geometry":{"type":"LineString","coordinates":[[77.9357916,30.3491179],[77.9361633,30.3491751],[77.9365861,30.3492393],[77.9367696,30.3492659],[77.9368806,30.3492811],[77.9369981,30.3493036],[77.9374033,30.3494058],[77.9376112,30.3494416],[77.9377936,30.3494676],[77.9378709,30.3494744],[77.937961,30.3494824],[77.9381412,30.3494842],[77.9385361,30.3494723]]}},{"type":"Feature","properties":{"c":"residential"},"geometry":{"type":"LineString","coordinates":[[77.9343236,30.3488855],[77.9348008,30.3487173],[77.9351023,30.3486091],[77.9351291,30.348597],[77.9351388,30.3485748],[77.9351355,30.3485479],[77.9351184,30.3484637],[77.9351248,30.3484365],[77.9351495,30.3484202],[77.9351935,30.3484064],[77.9352527,30.3483868],[77.9355154,30.3483033],[77.9355941,30.3482909],[77.9356555,30.3482912],[77.9357108,30.3482942],[77.9359709,30.3483352]]}},{"type":"Feature","properties":{"c":"residential"},"geometry":{"type":"LineString","coordinates":[[77.9359408,30.3480339],[77.9360877,30.3479941],[77.9361697,30.347972],[77.9362341,30.3479505],[77.9363075,30.3479224],[77.9363396,30.3478969],[77.936353,30.3478764],[77.9363535,30.3478454],[77.9362804,30.3476638],[77.9362592,30.3476023],[77.9362501,30.3475473],[77.9362485,30.3474897],[77.9362607,30.3474412],[77.9362789,30.3474098],[77.9363062,30.3473967],[77.9363396,30.3473941],[77.9369253,30.347326]]}},{"type":"Feature","properties":{"c":"residential"},"geometry":{"type":"LineString","coordinates":[[77.9343936,30.3466648],[77.9347269,30.3471524],[77.9347438,30.3471667],[77.9347646,30.3471736],[77.934793,30.347171],[77.9349016,30.3471319],[77.9349334,30.3471325],[77.934956,30.3471406],[77.9349706,30.3471579],[77.9352172,30.3476277],[77.9352832,30.3477364]]}},{"type":"Feature","properties":{"c":"residential"},"geometry":{"type":"LineString","coordinates":[[77.9347322,30.3461576],[77.9352721,30.3460263],[77.935644,30.3459262],[77.9362769,30.3457924]]}},{"type":"Feature","properties":{"c":"residential"},"geometry":{"type":"LineString","coordinates":[[77.9352721,30.3460263],[77.9354183,30.3464388],[77.9354364,30.3464679],[77.9354712,30.3464825],[77.9355212,30.3464787],[77.936334,30.3462742]]}},{"type":"Feature","properties":{"c":"residential"},"geometry":{"type":"LineString","coordinates":[[77.938021,30.3459712],[77.9379779,30.345723],[77.9379671,30.3456457],[77.9379636,30.345587],[77.9379642,30.3452107]]}},{"type":"Feature","properties":{"c":"residential"},"geometry":{"type":"LineString","coordinates":[[77.9360144,30.3431257],[77.9356915,30.3432409],[77.9356095,30.3432788],[77.9355131,30.3433291],[77.9354142,30.343386],[77.9346937,30.3438443]]}},{"type":"Feature","properties":{"c":"residential"},"geometry":{"type":"LineString","coordinates":[[77.9548142,30.3451979],[77.955106,30.3455311],[77.9551584,30.3455873],[77.9551908,30.3456216],[77.9552889,30.3456988]]}},{"type":"Feature","properties":{"c":"residential"},"geometry":{"type":"LineString","coordinates":[[77.9358527,30.347527],[77.9356013,30.3475127],[77.9355562,30.3475153],[77.9355173,30.3475285],[77.9354788,30.3475495],[77.9352832,30.3477364],[77.9351492,30.3478795],[77.9350945,30.3479368],[77.9350356,30.3479846],[77.9349419,30.3480435],[77.934809,30.3481144],[77.9347094,30.3481679],[77.9346193,30.3482142],[77.9345421,30.3482475],[77.9344691,30.3482772],[77.9343554,30.3483142],[77.9341494,30.348366]]}},{"type":"Feature","properties":{"c":"service"},"geometry":{"type":"LineString","coordinates":[[77.9494062,30.340549],[77.9500781,30.3407053],[77.9501545,30.340718],[77.9502632,30.3407331],[77.9503412,30.3407405],[77.9503879,30.340745],[77.9509216,30.3408155],[77.9514407,30.3408928]]}},{"type":"Feature","properties":{"c":"residential"},"geometry":{"type":"LineString","coordinates":[[77.9522172,30.3365871],[77.952307,30.3362885],[77.952311,30.3362561],[77.952303,30.3362254],[77.952281,30.3362112],[77.9513391,30.3360318]]}},{"type":"Feature","properties":{"c":"residential"},"geometry":{"type":"LineString","coordinates":[[77.9539265,30.3366536],[77.9535594,30.3376869]]}},{"type":"Feature","properties":{"c":"residential"},"geometry":{"type":"LineString","coordinates":[[77.9149113,30.3376259],[77.9152011,30.3375772],[77.9153793,30.3375629],[77.915556,30.33755],[77.9158972,30.3375397],[77.9159197,30.337539],[77.9188213,30.3374975],[77.9189405,30.337493],[77.9189982,30.3374729],[77.9190338,30.3374387],[77.9190444,30.3373798],[77.9189861,30.3371458],[77.9189388,30.3369006],[77.9189349,30.3368237],[77.9189474,30.336769],[77.9189636,30.3367268],[77.9189887,30.3366612]]}},{"type":"Feature","properties":{"c":"residential"},"geometry":{"type":"LineString","coordinates":[[77.9110269,30.3378566],[77.9121852,30.3379446],[77.9124754,30.3379765],[77.9128288,30.3379955],[77.9129619,30.338007],[77.9134379,30.3380342],[77.9135313,30.3380371],[77.9141855,30.3380788],[77.914817,30.3381351],[77.9148694,30.3381234],[77.9149089,30.3380985],[77.9149361,30.3380603],[77.9149417,30.3379909],[77.9149303,30.337719],[77.9149289,30.3376851],[77.9149113,30.3376259],[77.9148707,30.3375965],[77.914799,30.3375775],[77.9136439,30.3372873],[77.9133221,30.3371855],[77.9130932,30.3370944],[77.9127822,30.3369718],[77.912465,30.3368718],[77.9120983,30.3367847],[77.9119202,30.3367535],[77.9116801,30.336732],[77.9110235,30.3367054],[77.91087,30.3367006],[77.9106911,30.336708],[77.9101105,30.3367505]]}},{"type":"Feature","properties":{"c":"residential"},"geometry":{"type":"LineString","coordinates":[[77.9383425,30.33576],[77.9392707,30.3357391]]}},{"type":"Feature","properties":{"c":"residential"},"geometry":{"type":"LineString","coordinates":[[77.9423963,30.3356507],[77.9424003,30.3358938],[77.9423963,30.3359354],[77.9423828,30.3359806],[77.9423686,30.3360284],[77.9422091,30.336482],[77.9421045,30.3367908]]}},{"type":"Feature","properties":{"c":"service"},"geometry":{"type":"LineString","coordinates":[[77.9390594,30.3429059],[77.9391172,30.3428957],[77.9392381,30.3428777],[77.939328,30.3428754],[77.9394113,30.3428887],[77.9394996,30.3429194],[77.9395868,30.3429715],[77.9397008,30.3430888],[77.9397693,30.3431988],[77.939859,30.3434348],[77.9398711,30.343554],[77.9398564,30.3436578],[77.9398148,30.3437356],[77.939741,30.3438175],[77.9396579,30.3438791],[77.939404,30.3440257],[77.9393642,30.3440456]]}},{"type":"Feature","properties":{"c":"service"},"geometry":{"type":"LineString","coordinates":[[77.9393426,30.3452605],[77.9394099,30.3444737],[77.9394138,30.3443951],[77.9394152,30.3442921],[77.9394138,30.3441347],[77.939404,30.3440257],[77.9391172,30.3428957],[77.9390627,30.3427153],[77.9389474,30.342249],[77.938931,30.3422296],[77.9389055,30.3422203],[77.9388888,30.3422198]]}},{"type":"Feature","properties":{"c":"residential"},"geometry":{"type":"LineString","coordinates":[[77.9177589,30.3442168],[77.9177377,30.3450646],[77.9177428,30.3451016],[77.91777,30.3451343],[77.9178336,30.3451669],[77.9178674,30.345193],[77.9178869,30.3452232],[77.9178923,30.345261],[77.9178874,30.3454782],[77.9178807,30.3457709],[77.9178772,30.3459211],[77.9178661,30.3459532],[77.9178416,30.345969],[77.9178014,30.3459795],[77.9177189,30.3459961],[77.9176183,30.3460022],[77.9175282,30.3460041],[77.916936,30.3459546],[77.9168276,30.3459335],[77.9166813,30.3458866],[77.9159511,30.3455598]]}},{"type":"Feature","properties":{"c":"residential"},"geometry":{"type":"LineString","coordinates":[[77.9158062,30.3467308],[77.9158116,30.3460967],[77.9158759,30.3457727],[77.9159511,30.3455598],[77.9161388,30.3451386],[77.9165604,30.3442129]]}},{"type":"Feature","properties":{"c":"residential"},"geometry":{"type":"LineString","coordinates":[[77.9161388,30.3451386],[77.9165948,30.3452497],[77.9166262,30.3452674],[77.9166766,30.3453103],[77.9167085,30.3453339],[77.9167237,30.3453509],[77.9167343,30.3453758],[77.9167328,30.3454072],[77.9167373,30.3454491],[77.9167464,30.3454727],[77.9167783,30.3455185],[77.9167965,30.3455356],[77.916839,30.3455526],[77.9168678,30.3455591],[77.9168951,30.3455762],[77.9169088,30.3455958],[77.9169133,30.3456259],[77.9169027,30.3457202]]}},{"type":"Feature","properties":{"c":"residential"},"geometry":{"type":"LineString","coordinates":[[77.9195652,30.3451702],[77.9194569,30.3451251],[77.9192584,30.3450223],[77.9192332,30.3450036],[77.9192241,30.3449849],[77.9192241,30.3449616],[77.9192463,30.3449029],[77.9194356,30.3444905],[77.9194834,30.3443716],[77.9195023,30.3442962],[77.9195184,30.3442186]]}},{"type":"Feature","properties":{"c":"residential"},"geometry":{"type":"LineString","coordinates":[[77.9214599,30.3456128],[77.921476,30.3453053],[77.9214741,30.3452796],[77.9214687,30.3452671],[77.9214588,30.3452593],[77.9214444,30.3452539],[77.9214193,30.3452552],[77.9210748,30.3452886],[77.9207663,30.3453185],[77.9207335,30.3453182],[77.9207163,30.3453152],[77.9207109,30.3453129],[77.920707,30.3453083],[77.9207034,30.345296],[77.920702,30.3452841],[77.9207078,30.3449972],[77.9207062,30.3448727],[77.9207121,30.3448472],[77.920721,30.3448239],[77.9207385,30.3448107],[77.9207678,30.3448017],[77.9207949,30.3447955],[77.9208173,30.3447774],[77.9208247,30.3447566],[77.9208269,30.344722],[77.9208323,30.344211]]}},{"type":"Feature","properties":{"c":"residential"},"geometry":{"type":"LineString","coordinates":[[77.922066,30.3442194],[77.9220284,30.3446011],[77.9220231,30.3449898]]}},{"type":"Feature","properties":{"c":"residential"},"geometry":{"type":"LineString","coordinates":[[77.9227257,30.340996],[77.9230366,30.3412588],[77.9230951,30.3413091],[77.9231189,30.3413474],[77.9231239,30.3413707],[77.9231479,30.3414819],[77.923166,30.3415257],[77.9232789,30.3416758],[77.9232964,30.3417122],[77.9232973,30.3417501],[77.9232916,30.3418036],[77.9232889,30.3418753],[77.923305,30.3419123],[77.9234123,30.3420095],[77.9234288,30.342034],[77.9234434,30.3420867],[77.9234379,30.3421372],[77.9234301,30.3421936],[77.9233979,30.3423749],[77.9233799,30.3424766],[77.9233766,30.3425561],[77.9233794,30.34261],[77.9233906,30.3426632],[77.9234821,30.3430195],[77.9234975,30.343085],[77.9235149,30.3431638],[77.9235571,30.3434256],[77.9235655,30.3435465],[77.9235759,30.3438321],[77.9235877,30.3442577]]}},{"type":"Feature","properties":{"c":"residential"},"geometry":{"type":"LineString","coordinates":[[77.9245701,30.3435654],[77.9245334,30.3437959],[77.9245288,30.343858],[77.9244958,30.3443059]]}},{"type":"Feature","properties":{"c":"residential"},"geometry":{"type":"LineString","coordinates":[[77.9263962,30.3401964],[77.9264774,30.340416],[77.9264898,30.3404533],[77.9265947,30.3407679],[77.926694,30.3410996],[77.9267066,30.3411557],[77.926703,30.3411915],[77.9266903,30.3412164],[77.9266579,30.3412335],[77.9264429,30.3412979],[77.9263006,30.3413379],[77.9261333,30.3413667],[77.9260931,30.3413737],[77.9258863,30.341395],[77.9256997,30.3414142],[77.9256582,30.3414188],[77.925624,30.341436],[77.9255536,30.3414827],[77.9255301,30.3414936],[77.9254995,30.3414936],[77.9254652,30.3414858],[77.9253461,30.3414438],[77.9252541,30.3414157],[77.925218,30.3414111],[77.9251368,30.3414111],[77.9250989,30.3414142],[77.9250628,30.3414235],[77.9250393,30.3414406],[77.9250249,30.3414609],[77.925017,30.3414893],[77.9249718,30.3420617],[77.924968,30.3421102],[77.9249165,30.3425497],[77.9247801,30.3437126],[77.9247426,30.3438977],[77.924705,30.3443193]]}},{"type":"Feature","properties":{"c":"residential"},"geometry":{"type":"LineString","coordinates":[[77.9248767,30.3443303],[77.924929,30.3442518],[77.9249518,30.344217],[77.924995,30.344156],[77.9250054,30.3441291],[77.9250118,30.3440561],[77.9249839,30.3434479],[77.9249891,30.3434183],[77.9250019,30.343398],[77.9250363,30.3433813]]}},{"type":"Feature","properties":{"c":"residential"},"geometry":{"type":"LineString","coordinates":[[77.9233799,30.3424766],[77.9242688,30.3424991],[77.9244454,30.3424927],[77.9245353,30.3424862],[77.9245639,30.3424767],[77.9245907,30.3424564],[77.9245985,30.3424312],[77.9245764,30.3421348]]}},{"type":"Feature","properties":{"c":"residential"},"geometry":{"type":"LineString","coordinates":[[77.9160637,30.3416693],[77.9162802,30.3417689],[77.9165797,30.3419184],[77.9169963,30.3421412],[77.9170921,30.3421925],[77.9174648,30.3423846],[77.9187028,30.3430832],[77.9189442,30.3432174],[77.9189938,30.343231],[77.9191818,30.3432602]]}},{"type":"Feature","properties":{"c":"residential"},"geometry":{"type":"LineString","coordinates":[[77.9270452,30.3444691],[77.9270184,30.3447306],[77.927013,30.3456566]]}},{"type":"Feature","properties":{"c":"residential"},"geometry":{"type":"LineString","coordinates":[[77.9265357,30.3444364],[77.9264499,30.3452816],[77.9263909,30.3455084]]}},{"type":"Feature","properties":{"c":"residential"},"geometry":{"type":"LineString","coordinates":[[77.9273723,30.34449],[77.9273562,30.3452306]]}},{"type":"Feature","properties":{"c":"residential"},"geometry":{"type":"LineString","coordinates":[[77.9278886,30.3439911],[77.9277586,30.3440067],[77.9277262,30.3440129],[77.9277027,30.3440269],[77.9276834,30.3440441],[77.9276757,30.3440779],[77.9276672,30.3442121],[77.9276297,30.3445065]]}},{"type":"Feature","properties":{"c":"residential"},"geometry":{"type":"LineString","coordinates":[[77.9281016,30.3445367],[77.9281016,30.344175]]}},{"type":"Feature","properties":{"c":"residential"},"geometry":{"type":"LineString","coordinates":[[77.9284785,30.3435875],[77.9284838,30.3435527],[77.9284815,30.3435289],[77.9284666,30.3435106],[77.9284398,30.3434973],[77.9282518,30.343472],[77.9281385,30.3434565],[77.9281143,30.3434408],[77.9281077,30.3434215],[77.9281083,30.3433741],[77.9281588,30.3430311],[77.9281884,30.3428577],[77.9281993,30.3427946],[77.9282112,30.3427557],[77.9282233,30.3427295],[77.9282446,30.3426994],[77.9282673,30.3426837],[77.9282992,30.3426745],[77.92841,30.3426614],[77.9285238,30.3426601],[77.9287052,30.3426653]]}},{"type":"Feature","properties":{"c":"residential"},"geometry":{"type":"LineString","coordinates":[[77.9283805,30.3456057],[77.9283108,30.3451936],[77.9282786,30.344548]]}},{"type":"Feature","properties":{"c":"residential"},"geometry":{"type":"LineString","coordinates":[[77.9298352,30.3439409],[77.9301738,30.3437425],[77.9302707,30.3436842],[77.9303517,30.3436333],[77.9304326,30.3435808],[77.930764,30.3433559],[77.9307955,30.343331],[77.9308197,30.3433271],[77.930841,30.3433363],[77.9309138,30.3434148],[77.930932,30.3434253],[77.9309548,30.3434279],[77.9309821,30.3434161],[77.9314057,30.3430938]]}},{"type":"Feature","properties":{"c":"residential"},"geometry":{"type":"LineString","coordinates":[[77.9299792,30.3443246],[77.9304349,30.3440594],[77.9312789,30.3435181]]}},{"type":"Feature","properties":{"c":"residential"},"geometry":{"type":"LineString","coordinates":[[77.9313076,30.3428597],[77.9316336,30.3424709],[77.9318323,30.3422515],[77.9318444,30.3422354],[77.9318458,30.342218],[77.9318283,30.3421914],[77.9315642,30.3419275]]}},{"type":"Feature","properties":{"c":"residential"},"geometry":{"type":"LineString","coordinates":[[77.9314275,30.3437655],[77.931717,30.343574]]}},{"type":"Feature","properties":{"c":"residential"},"geometry":{"type":"LineString","coordinates":[[77.9329077,30.342056],[77.9333339,30.3417406]]}},{"type":"Feature","properties":{"c":"residential"},"geometry":{"type":"LineString","coordinates":[[77.9331716,30.3414918],[77.9327731,30.3417927]]}},{"type":"Feature","properties":{"c":"residential"},"geometry":{"type":"LineString","coordinates":[[77.9313447,30.3401189],[77.9317524,30.3401369],[77.9320743,30.3401254],[77.9321092,30.3401286],[77.9321259,30.3401352],[77.932132,30.3401588],[77.9321279,30.3404259],[77.9321276,30.340572],[77.9321268,30.3410363],[77.9320463,30.3410406],[77.9319244,30.3410463],[77.9318892,30.3410566],[77.9318691,30.3410771],[77.9318598,30.3411016],[77.931777,30.3416402]]}},{"type":"Feature","properties":{"c":"residential"},"geometry":{"type":"LineString","coordinates":[[77.9227257,30.340996],[77.9230207,30.3407507],[77.9231903,30.3406147],[77.9234349,30.3403972],[77.9234745,30.3403588],[77.9235142,30.3403408],[77.9235574,30.3403371],[77.9236141,30.3403468],[77.9236923,30.3403787],[77.9237341,30.340399],[77.9238768,30.3404527],[77.9239433,30.3404823],[77.9240313,30.3405175],[77.9241043,30.3405471],[77.9242566,30.34061],[77.9243188,30.3406304],[77.924587,30.3407322],[77.9247168,30.3407785]]}},{"type":"Feature","properties":{"c":"residential"},"geometry":{"type":"LineString","coordinates":[[77.9227257,30.340996],[77.9226419,30.340939],[77.9225702,30.3409081],[77.922183,30.3408621],[77.9220855,30.3408463],[77.9220188,30.3408238],[77.92197,30.3407855],[77.9219319,30.3407415],[77.9218946,30.3406673],[77.9218642,30.3405897],[77.9218213,30.3404472],[77.9217935,30.3403981],[77.9217495,30.3403666],[77.9216798,30.3403435],[77.9214545,30.3403111],[77.9214169,30.3402926],[77.9213874,30.3402664],[77.921374,30.3402371],[77.9213627,30.3401612],[77.9213472,30.340126],[77.9213139,30.3401057],[77.9212808,30.3400908],[77.9212292,30.3400936],[77.9211822,30.3401105],[77.921059,30.3401547],[77.9209664,30.3401861],[77.9208183,30.3402233],[77.9206636,30.3402589],[77.9204552,30.3403096],[77.9202905,30.3403451],[77.9199504,30.3404261],[77.9199052,30.3404496],[77.919899,30.3404918],[77.9199191,30.3405634],[77.9199508,30.3406839],[77.9199376,30.3407321],[77.9199108,30.3407924],[77.9197694,30.3410988]]}},{"type":"Feature","properties":{"c":"residential"},"geometry":{"type":"LineString","coordinates":[[77.9195165,30.3418832],[77.9206591,30.342244],[77.9207823,30.3422499],[77.9209192,30.3421967],[77.9209946,30.3421376],[77.9210699,30.3420253],[77.9213872,30.3411462]]}},{"type":"Feature","properties":{"c":"residential"},"geometry":{"type":"LineString","coordinates":[[77.9278324,30.3420661],[77.9280381,30.341982],[77.928205,30.3419016],[77.9282708,30.3418699],[77.9283033,30.3418544],[77.9283232,30.3418326],[77.9283286,30.3418092],[77.9283214,30.3417921],[77.9282582,30.3417064],[77.9281211,30.3415787],[77.9280886,30.3415585],[77.9280597,30.3415523],[77.9280349,30.3415542],[77.927656,30.3417299],[77.9274877,30.341817],[77.9274156,30.3418684]]}},{"type":"Feature","properties":{"c":"track"},"geometry":{"type":"LineString","coordinates":[[77.9313451,30.3400275],[77.9312978,30.3394487],[77.931315,30.3393851]]}},{"type":"Feature","properties":{"c":"residential"},"geometry":{"type":"LineString","coordinates":[[77.9326797,30.3412514],[77.9326687,30.3410078],[77.9326717,30.3408352]]}},{"type":"Feature","properties":{"c":"residential"},"geometry":{"type":"LineString","coordinates":[[77.9321268,30.3410363],[77.9326687,30.3410078]]}},{"type":"Feature","properties":{"c":"residential"},"geometry":{"type":"LineString","coordinates":[[77.9338285,30.3414554],[77.9340234,30.3413308],[77.9340468,30.3413059],[77.9340595,30.3412763],[77.9340595,30.3412343],[77.934027,30.3410256],[77.9340252,30.340996],[77.934036,30.3409758],[77.9340631,30.3409633],[77.9345064,30.3409354],[77.9347474,30.3409221],[77.9350902,30.3409128]]}},{"type":"Feature","properties":{"c":"residential"},"geometry":{"type":"LineString","coordinates":[[77.9342916,30.3413605],[77.93448,30.3413358],[77.9351277,30.3412757]]}},{"type":"Feature","properties":{"c":"residential"},"geometry":{"type":"LineString","coordinates":[[77.9352653,30.3421839],[77.9351066,30.3419976],[77.9350707,30.3419528],[77.9350424,30.3418988],[77.9349744,30.3417356],[77.9349459,30.3416903],[77.93491,30.3416608],[77.9348255,30.3416116],[77.9347322,30.3415675],[77.9343988,30.3414034],[77.9343437,30.3413767],[77.9342916,30.3413605],[77.9340595,30.3412763]]}},{"type":"Feature","properties":{"c":"residential"},"geometry":{"type":"LineString","coordinates":[[77.9348255,30.3416116],[77.9344496,30.342049],[77.9343876,30.3421231],[77.9343308,30.3421826],[77.9342868,30.342231],[77.9342543,30.3422718],[77.9342192,30.3423191],[77.9341343,30.3424421]]}},{"type":"Feature","properties":{"c":"residential"},"geometry":{"type":"LineString","coordinates":[[77.9345371,30.3427136],[77.9343358,30.3429042],[77.9341697,30.3430551],[77.9335493,30.3436463]]}},{"type":"Feature","properties":{"c":"residential"},"geometry":{"type":"LineString","coordinates":[[77.942019,30.3467081],[77.9421183,30.3465569],[77.9423055,30.3464294],[77.942423,30.3463507],[77.9425608,30.34618],[77.9426499,30.3460992],[77.9427519,30.3460305],[77.9429404,30.3459232],[77.9430948,30.345743],[77.9431281,30.3456213]]}},{"type":"Feature","properties":{"c":"residential"},"geometry":{"type":"LineString","coordinates":[[77.942019,30.3467081],[77.94202,30.3468008],[77.9420367,30.3468767],[77.9421016,30.3469774],[77.9423634,30.3472163],[77.9424325,30.3472746],[77.9424948,30.3473379],[77.9425357,30.3474019],[77.9425612,30.3474644],[77.9425872,30.3475391],[77.9428029,30.3480308],[77.9427197,30.3481584],[77.94259,30.3483098],[77.9424742,30.348421],[77.9423968,30.3485691],[77.9420725,30.3491917],[77.9420216,30.3493063],[77.942014,30.3493318],[77.942015,30.3493596],[77.9420249,30.3493908],[77.9420982,30.3494972],[77.9421086,30.3495221],[77.9421079,30.3495522],[77.9420928,30.349606],[77.9418729,30.3500435],[77.941837,30.3501066],[77.9418021,30.3501633],[77.9417686,30.3502154],[77.9417311,30.3502651],[77.9412147,30.3509016]]}},{"type":"Feature","properties":{"c":"residential"},"geometry":{"type":"LineString","coordinates":[[77.9443449,30.3453383],[77.9443927,30.3458825],[77.9444606,30.3462065]]}},{"type":"Feature","properties":{"c":"residential"},"geometry":{"type":"LineString","coordinates":[[77.942423,30.3463507],[77.9429323,30.3462987],[77.9430081,30.3462786],[77.9444606,30.3462065]]}},{"type":"Feature","properties":{"c":"residential"},"geometry":{"type":"LineString","coordinates":[[77.9454033,30.3450022],[77.9452188,30.3444805],[77.9451987,30.3444169],[77.9451898,30.3443673],[77.9451951,30.3443314],[77.9452099,30.3442944],[77.9452582,30.3442319],[77.9454647,30.344005],[77.9455143,30.3439622],[77.9455666,30.3439287],[77.9456323,30.3438893],[77.9457021,30.3438581],[77.9457825,30.3438256],[77.9458617,30.3438037],[77.9460736,30.3437504],[77.9470593,30.3435467],[77.9471102,30.343534],[77.9471692,30.3435132],[77.9472242,30.3434831],[77.9474281,30.3433627],[77.9474831,30.3433326],[77.94753,30.3433129],[77.9476038,30.3432863],[77.9476851,30.3432632],[77.9477298,30.3432504],[77.9491246,30.3429356],[77.9498119,30.3427785],[77.9504551,30.3426314],[77.9506644,30.3425835]]}},{"type":"Feature","properties":{"c":"residential"},"geometry":{"type":"LineString","coordinates":[[77.9430373,30.3456433],[77.9428301,30.3453458],[77.9427878,30.3452316],[77.9426021,30.344726]]}},{"type":"Feature","properties":{"c":"residential"},"geometry":{"type":"LineString","coordinates":[[77.9435436,30.3448984],[77.9438876,30.3447828],[77.9439197,30.3447712],[77.9439251,30.3447481],[77.943914,30.3447168],[77.9436719,30.3441765],[77.9435907,30.3439954]]}},{"type":"Feature","properties":{"c":"residential"},"geometry":{"type":"LineString","coordinates":[[77.9489508,30.3442475],[77.9486585,30.3433771]]}},{"type":"Feature","properties":{"c":"residential"},"geometry":{"type":"LineString","coordinates":[[77.9512303,30.3437463],[77.9511911,30.3436097],[77.951155,30.3435132],[77.9510959,30.3433944],[77.9507982,30.3427524],[77.9507218,30.3426463],[77.9506644,30.3425835],[77.9505622,30.3424935],[77.9504228,30.3423847],[77.9499856,30.3421],[77.9498354,30.3420375],[77.9497495,30.3420166],[77.9496422,30.3420143],[77.9494008,30.3420375]]}},{"type":"Feature","properties":{"c":"residential"},"geometry":{"type":"LineString","coordinates":[[77.9504443,30.3439067],[77.9506418,30.3443931],[77.9509391,30.3451254],[77.9509619,30.3452029],[77.9509793,30.3452967],[77.9509806,30.3453822],[77.9509726,30.3454541],[77.9509431,30.3455731],[77.9507017,30.3464282],[77.9506756,30.34645],[77.9506387,30.346454],[77.9506025,30.3464467],[77.9501559,30.3462446],[77.9499185,30.3461415],[77.9497603,30.3460756],[77.9496261,30.3460212],[77.9491399,30.3458531],[77.9491085,30.3458395],[77.9490897,30.345821],[77.9490897,30.3457978],[77.9491232,30.3455629],[77.9491259,30.345542],[77.9491179,30.3455247],[77.9490951,30.3455166],[77.9490468,30.3455143],[77.9490226,30.3455096],[77.9490079,30.3454969],[77.9490039,30.3454761],[77.9490213,30.3452932]]}},{"type":"Feature","properties":{"c":"service"},"geometry":{"type":"LineString","coordinates":[[78.0029243,30.3542398],[78.0028774,30.3541906],[78.002864,30.3541542],[78.0028693,30.3541241],[78.0029069,30.354061]]}},{"type":"Feature","properties":{"c":"residential"},"geometry":{"type":"LineString","coordinates":[[77.9532519,30.3392939],[77.9540095,30.3394594],[77.9542289,30.3395342],[77.9543723,30.3398395]]}},{"type":"Feature","properties":{"c":"residential"},"geometry":{"type":"LineString","coordinates":[[78.0159056,30.3705493],[78.0156541,30.370052],[78.0156246,30.3699779],[78.0155978,30.3698715],[78.0156299,30.3697164],[78.0157265,30.3695475],[78.0157667,30.3694688],[78.0157801,30.3693346],[78.0157426,30.3692397],[78.0156729,30.369117],[78.0156434,30.3690152],[78.0156729,30.3689134],[78.0157721,30.3687329],[78.0159062,30.3686241],[78.0161154,30.3685269],[78.0162898,30.368483]]}},{"type":"Feature","properties":{"c":"residential"},"geometry":{"type":"LineString","coordinates":[[78.0160108,30.3707242],[78.0154375,30.3709412],[78.015286,30.3710071],[78.0151726,30.3710725],[78.0150291,30.371161],[78.0149634,30.3712275],[78.0148669,30.3713195],[78.0147448,30.3713166],[78.0146234,30.3713259],[78.0145108,30.3713143],[78.0143177,30.3712952],[78.0142084,30.3712646],[78.0140991,30.3712177],[78.0139656,30.3711228],[78.0138691,30.3710239],[78.0137745,30.3709215],[78.0136833,30.3707751],[78.0135955,30.3705721],[78.0135868,30.3705241],[78.0135861,30.370472],[78.0136129,30.3703574]]}},{"type":"Feature","properties":{"c":"residential"},"geometry":{"type":"LineString","coordinates":[[78.0108194,30.3689996],[78.0109522,30.3690858],[78.0111963,30.3691437],[78.0112553,30.3691587],[78.0113143,30.3692027],[78.0113746,30.3692617],[78.0114108,30.369279],[78.0114497,30.3692964],[78.0115691,30.3693068],[78.0116254,30.3693091],[78.0116871,30.3693415],[78.0118842,30.3695579],[78.0119446,30.3696088],[78.0120371,30.3696829],[78.0122115,30.3698009],[78.0123362,30.3699177],[78.0124193,30.369986],[78.0125213,30.3701237],[78.0126983,30.3703112],[78.0127479,30.3703366],[78.0128244,30.3703482],[78.012929,30.3703169],[78.0130416,30.3702822],[78.0131073,30.370273],[78.0131637,30.3702857],[78.0132937,30.3703077],[78.0134292,30.3703216],[78.0135244,30.3703343],[78.0136129,30.3703574],[78.013743,30.3703748],[78.0138221,30.3703586],[78.0140233,30.3703023],[78.0141319,30.3702915],[78.0144739,30.370293],[78.014549,30.3702915],[78.0146389,30.3702799],[78.0147113,30.3702637],[78.0147851,30.3702197],[78.0148615,30.3701769],[78.014942,30.3701272],[78.0150332,30.3700462],[78.0150855,30.369986],[78.0151901,30.3699085]]}},{"type":"Feature","properties":{"c":"residential"},"geometry":{"type":"LineString","coordinates":[[78.0125213,30.3701237],[78.0126326,30.3700716],[78.0127291,30.3700149],[78.0127895,30.3699825],[78.0128659,30.3699316],[78.012929,30.3698691],[78.0130186,30.3697628],[78.0131366,30.3696558],[78.0131677,30.3696276],[78.013456,30.3693762]]}},{"type":"Feature","properties":{"c":"service"},"geometry":{"type":"LineString","coordinates":[[77.9994409,30.337764],[78.0005886,30.3378451]]}},{"type":"Feature","properties":{"c":"service"},"geometry":{"type":"LineString","coordinates":[[78.0014073,30.336954],[78.001947,30.3370165]]}},{"type":"Feature","properties":{"c":"residential"},"geometry":{"type":"LineString","coordinates":[[78.0066513,30.3538186],[78.0067626,30.3539083],[78.0068605,30.3539754],[78.0070013,30.3540587],[78.0070777,30.3540853],[78.007134,30.3541143],[78.0071609,30.3541351],[78.0071753,30.3541658],[78.0071716,30.3544059],[78.0071917,30.3544846],[78.0072239,30.3545344],[78.0072665,30.3545917],[78.0073822,30.3546987],[78.0075079,30.3548231],[78.0075552,30.3548919],[78.0076088,30.355032],[78.0076584,30.3551465],[78.0076893,30.3551917],[78.0077375,30.3552275],[78.007822,30.3552449],[78.0079468,30.3552495],[78.0080822,30.3552616],[78.0081335,30.3552854],[78.008169,30.3552947],[78.0081915,30.3552929],[78.0082291,30.355275],[78.0082572,30.3552675],[78.008282,30.3552704],[78.0083062,30.3552854],[78.0083209,30.3553033],[78.0084577,30.3555203],[78.0084684,30.3555655],[78.0084577,30.3555932],[78.0084282,30.3556222],[78.0083705,30.3556546],[78.0082914,30.3556985],[78.00816,30.3557777],[78.0080393,30.3558675],[78.00769,30.3561183]]}},{"type":"Feature","properties":{"c":"residential"},"geometry":{"type":"LineString","coordinates":[[77.9559024,30.3449363],[77.956092,30.3451303],[77.9561063,30.3451392],[77.9561259,30.34514],[77.956144,30.3451334],[77.9562087,30.345086],[77.9562241,30.3450814],[77.9562365,30.345084],[77.9562493,30.3450898],[77.9563708,30.345208],[77.9564029,30.3452392],[77.9564158,30.3452599],[77.9564138,30.3452768],[77.9564003,30.3452965],[77.9562696,30.3453785],[77.9563704,30.3455373],[77.9564097,30.3456019],[77.9564595,30.3456913],[77.9564891,30.3457551],[77.9565476,30.3459109]]}},{"type":"Feature","properties":{"c":"residential"},"geometry":{"type":"LineString","coordinates":[[77.9562696,30.3453785],[77.9560758,30.3454851],[77.9559516,30.3455458],[77.9558729,30.3455901],[77.9558191,30.3456228],[77.9555029,30.3458585],[77.9554412,30.3459164],[77.9553993,30.3459703],[77.9553536,30.3460234],[77.9552013,30.3462185]]}},{"type":"Feature","properties":{"c":"unclassified"},"geometry":{"type":"LineString","coordinates":[[77.9819966,30.3845853],[77.9821945,30.3844456],[77.9824113,30.3843341],[77.9826854,30.3842328],[77.9829724,30.3841333],[77.9830808,30.3840778],[77.9831865,30.3840147],[77.9832462,30.383965],[77.9832922,30.3839095],[77.9834304,30.383664],[77.9836872,30.3832755],[77.9837678,30.3831582],[77.9838166,30.3830856],[77.9838756,30.3830162],[77.9839427,30.3829838],[77.9840178,30.3829685],[77.9840929,30.3829583],[77.984345,30.382956],[77.9849244,30.3829838],[77.9849689,30.3829903],[77.9850075,30.3830046],[77.9850453,30.3830287],[77.9854536,30.3834366],[77.9856435,30.3837793],[77.9860461,30.3842769],[77.9864739,30.3847114],[77.9866182,30.3848659],[77.9867388,30.3850409],[77.9867815,30.3851658],[77.9868005,30.3852908],[77.9867866,30.3853625],[77.9867727,30.3854343],[77.9866715,30.3856939],[77.986554,30.3858968],[77.9863537,30.3863114],[77.9860425,30.3870183],[77.9860271,30.3870795],[77.986024,30.3871512],[77.9860518,30.3872735],[77.9861103,30.3874356],[77.9862644,30.3877439],[77.9865478,30.3880841],[77.9866865,30.3881878],[77.9870932,30.3884403],[77.987767,30.3887727],[77.9878996,30.3888518],[77.987973,30.3889172],[77.9880161,30.3890028],[77.9880352,30.3891131],[77.9882448,30.3904854],[77.9884297,30.3920633],[77.9884072,30.3925434],[77.988396,30.3926136],[77.9883225,30.3928411],[77.9883108,30.3929236],[77.9883251,30.3930148],[77.9883531,30.3931002],[77.9884434,30.3932116],[77.9895542,30.3942115],[77.990057,30.3947757],[77.9901003,30.3948089],[77.9902573,30.3948884],[77.9902655,30.3949035],[77.9902651,30.3949232],[77.9902573,30.3949447],[77.9902269,30.3949985],[77.9900961,30.3952234],[77.9900901,30.3952468],[77.9900955,30.3952706],[77.9901415,30.3953915],[77.99014,30.395427],[77.9901026,30.3957182],[77.990045,30.3961668],[77.9899914,30.3965848],[77.9899651,30.3968385],[77.9899645,30.3969442],[77.9899801,30.3971262],[77.9900412,30.3975789],[77.9900943,30.3977437],[77.9901073,30.3978079],[77.9901003,30.3978502],[77.9900769,30.3978885],[77.9896706,30.3983255]]}},{"type":"Feature","properties":{"c":"unclassified"},"geometry":{"type":"LineString","coordinates":[[77.9894395,30.3986417],[77.9894325,30.3986779],[77.9894335,30.398702],[77.9894465,30.3987364],[77.9894885,30.3987847],[77.9899603,30.3992703],[77.9900257,30.3993688],[77.9900965,30.3995229],[77.9901939,30.3997631],[77.9903091,30.3999826],[77.9904293,30.40015],[77.9905895,30.4003095],[77.9907043,30.4004124],[77.9908237,30.4005194],[77.9911441,30.4008117],[77.9914159,30.401091],[77.9914797,30.4011714],[77.9916902,30.4015308],[77.9916975,30.4015807],[77.9916863,30.4016234],[77.9915595,30.4017578],[77.9915204,30.4018125],[77.9915112,30.4018665],[77.9915175,30.4019028],[77.9915396,30.401948],[77.9918776,30.4025093],[77.9918959,30.4025579],[77.9919348,30.4027646],[77.9920163,30.4032737],[77.9920631,30.4034206],[77.9921135,30.4035448],[77.9921986,30.4036975],[77.9923603,30.4039318],[77.9923845,30.4039936],[77.9924163,30.4042188],[77.9924188,30.4043397],[77.9924135,30.4043954],[77.992398,30.4044684],[77.9923739,30.4045251],[77.9923367,30.4045685],[77.9922909,30.4046192],[77.9922507,30.4046794],[77.9922327,30.4047275],[77.9921993,30.4051005],[77.9921961,30.405123],[77.9921891,30.40515],[77.9921809,30.4051683],[77.9921635,30.4051898],[77.9915895,30.4056054],[77.9913235,30.4058121],[77.9912927,30.4058333],[77.991264,30.4058441],[77.9910769,30.4058765],[77.9910262,30.4058862],[77.9909943,30.4059002],[77.9909621,30.4059275],[77.9909314,30.4059601],[77.9907462,30.4061617],[77.9906935,30.4062016],[77.9906721,30.4062129],[77.9906429,30.4062208],[77.9905985,30.4062234],[77.9903452,30.406198],[77.9902987,30.4061927],[77.9902655,30.4061952],[77.9902296,30.4062067],[77.9902038,30.4062297],[77.9896071,30.4075314],[77.9895927,30.4075476],[77.9895627,30.4075598],[77.9895371,30.4075634],[77.9895065,30.4075575],[77.9892499,30.4074503],[77.9892269,30.407436],[77.9890757,30.4073216],[77.989053,30.4073119],[77.9890279,30.4073069],[77.9888021,30.4072783],[77.9886964,30.4072682],[77.9885966,30.4072591],[77.9884541,30.4072381],[77.9883955,30.4072328],[77.9883378,30.4072405],[77.9882453,30.4072697],[77.9881975,30.4073036],[77.9881693,30.4073427],[77.9881282,30.4074115],[77.988092,30.407443],[77.9880533,30.407466],[77.9880082,30.4074727],[77.9876639,30.4074416],[77.9876281,30.4074518],[77.9875908,30.4074719],[77.9875462,30.4075293],[77.987511,30.4076031],[77.987488,30.4077136],[77.9874693,30.4078123],[77.9874693,30.4079834],[77.9874483,30.4081143],[77.9874147,30.4082408],[77.9873619,30.4084224],[77.9873384,30.4084699],[77.9873076,30.4085134],[77.9872298,30.4086161],[77.9872063,30.4086542],[77.987189,30.4086915],[77.9871646,30.4087757],[77.9871482,30.4088073],[77.9871147,30.4088532],[77.9870597,30.4088998],[77.9868975,30.4090575],[77.9868506,30.4091172],[77.9867894,30.409206],[77.9867128,30.4093608],[77.9866848,30.4094132],[77.9866731,30.4094696],[77.9866615,30.409532],[77.9866638,30.4095924],[77.9866941,30.4096992],[77.9866988,30.4097515],[77.9866965,30.4098039],[77.9866871,30.4098743],[77.9866824,30.409902],[77.9866636,30.4099458],[77.9866074,30.4100253],[77.986595,30.4100497],[77.9865875,30.4100806],[77.9865547,30.410217],[77.986519,30.410257],[77.9864875,30.4102868],[77.9864174,30.4103287],[77.9863649,30.4103479],[77.9862866,30.4103631],[77.9861265,30.4103908],[77.9860357,30.410412],[77.9858603,30.4104678],[77.9858441,30.4104745],[77.9858279,30.4104845],[77.985817,30.4104935],[77.9854931,30.4107934],[77.9854029,30.4108691],[77.9853815,30.4108961],[77.9853679,30.4109275],[77.9853469,30.4110222],[77.9853119,30.4111651],[77.9852955,30.4112175],[77.9852945,30.4112199],[77.9852745,30.4112658],[77.9852185,30.4113444],[77.985083,30.4115175],[77.9850681,30.4115326],[77.9850508,30.4115478],[77.9850354,30.4115564],[77.9850138,30.4115639],[77.9849915,30.4115687],[77.9849691,30.4115692],[77.9849453,30.411566],[77.9849214,30.4115562],[77.9846407,30.4113803]]}},{"type":"Feature","properties":{"c":"unclassified"},"geometry":{"type":"LineString","coordinates":[[77.9896706,30.3983255],[77.9894395,30.3986417]]}},{"type":"Feature","properties":{"c":"residential"},"geometry":{"type":"LineString","coordinates":[[77.9895627,30.4075598],[77.9895292,30.4076318],[77.9895222,30.4076701],[77.9894966,30.4079781],[77.9894787,30.4080534],[77.9894545,30.408103],[77.9894288,30.4081413],[77.9893984,30.4081695],[77.9890832,30.4084272],[77.9888777,30.4086024],[77.9887703,30.408687],[77.9885716,30.4088232],[77.9885356,30.4088528],[77.9884965,30.4088903],[77.9884831,30.4089149],[77.9884727,30.4089528],[77.9884383,30.4090622],[77.9884233,30.4090967],[77.9883931,30.4091404],[77.9883038,30.4092396],[77.9881102,30.4094547],[77.988101,30.4094736],[77.9880941,30.4094987],[77.9880892,30.4095235],[77.9880915,30.4095565],[77.9881025,30.4095891],[77.9882229,30.409767],[77.9882417,30.409782],[77.9882604,30.4097901],[77.9882884,30.4097975],[77.9883195,30.4097994],[77.988349,30.4097975],[77.9883785,30.4097901],[77.9885126,30.4097346],[77.9889764,30.4095496],[77.9890136,30.4095445],[77.989049,30.4095472],[77.989083,30.4095538],[77.9891188,30.4095634],[77.989142,30.4095777],[77.9891617,30.4095935],[77.9892099,30.4096768],[77.9892636,30.4097878],[77.9892777,30.4098301],[77.9892845,30.4098771],[77.9893008,30.4100033],[77.9893121,30.4100399],[77.9893252,30.410077],[77.9894472,30.4102558],[77.9894553,30.4102768],[77.9894755,30.4103884],[77.9895041,30.4105643],[77.9895014,30.4105851],[77.9894645,30.410657],[77.9894512,30.410673],[77.9893029,30.4108174],[77.9892938,30.4108237],[77.9892828,30.4108304],[77.9892705,30.4108348],[77.9892586,30.4108375],[77.989235,30.4108393],[77.9892072,30.4108375],[77.9887822,30.4108033]]}},{"type":"Feature","properties":{"c":"residential"},"geometry":{"type":"LineString","coordinates":[[77.9882604,30.4097901],[77.9883196,30.4100245],[77.9883232,30.4100641],[77.9883082,30.4101015],[77.9882843,30.4101338],[77.9880177,30.4104159],[77.9879678,30.4104841],[77.9879297,30.4105574],[77.9879012,30.4106277],[77.9878924,30.4106562],[77.9878908,30.4106887],[77.9879074,30.4107444],[77.9879636,30.4108467],[77.9880032,30.4109203],[77.9880185,30.4109609],[77.9880302,30.4110047],[77.9880475,30.411115]]}},{"type":"Feature","properties":{"c":"service"},"geometry":{"type":"LineString","coordinates":[[77.9852945,30.4112199],[77.9853145,30.4113047],[77.9853235,30.4113296],[77.9853319,30.4113457],[77.9853434,30.4113592],[77.9853582,30.4113748],[77.9853785,30.4113897],[77.9854198,30.4114113],[77.9855521,30.4114658],[77.985602,30.4114818],[77.9856415,30.4114965],[77.9856588,30.411508],[77.9856707,30.4115207],[77.9856894,30.4115529],[77.9857314,30.4116385],[77.9857372,30.4116476],[77.9857443,30.4116536],[77.9857554,30.4116581],[77.9857732,30.4116609],[77.9859241,30.4116669],[77.9859363,30.4116687],[77.9859515,30.4116732],[77.9861194,30.4117158],[77.9862089,30.4117298],[77.9863003,30.4117263]]}},{"type":"Feature","properties":{"c":"track"},"geometry":{"type":"LineString","coordinates":[[77.9865547,30.410217],[77.9866106,30.4103954],[77.9866111,30.4105087],[77.9866126,30.4105359],[77.986618,30.4105738],[77.9866198,30.4105964],[77.9866189,30.4106366],[77.9866237,30.4107808],[77.9866142,30.410925],[77.9866063,30.4110583]]}},{"type":"Feature","properties":{"c":"residential"},"geometry":{"type":"LineString","coordinates":[[77.9731549,30.4136433],[77.9732389,30.4135382],[77.9732573,30.4135188],[77.9732857,30.4134952],[77.973359,30.4134493],[77.9734696,30.4134043],[77.973719,30.4133105],[77.9737701,30.4132816],[77.9737969,30.4132581],[77.9738255,30.4132246],[77.9738451,30.4131892],[77.973854,30.4131602],[77.9738572,30.413136],[77.9738158,30.4127732],[77.9738172,30.4127437],[77.9738313,30.4127191],[77.9738587,30.4126949],[77.9738961,30.4126805],[77.9739414,30.4126675],[77.9743252,30.4125908],[77.9743935,30.4125698],[77.9744374,30.4125389],[77.9744682,30.4124948],[77.9744861,30.4124534],[77.974555,30.4122316],[77.974559,30.4121766],[77.9745458,30.412092],[77.974523,30.412017],[77.9744121,30.4117875],[77.9742364,30.4114099],[77.974061,30.4109974],[77.9739846,30.4108143],[77.9739573,30.4106787],[77.9740088,30.4102089]]}},{"type":"Feature","properties":{"c":"unclassified"},"geometry":{"type":"LineString","coordinates":[[77.9256337,30.4138218],[77.9256712,30.4137733],[77.9256933,30.4137082],[77.9256986,30.4136502],[77.9256906,30.4136175],[77.9256773,30.4135632],[77.9256579,30.4134838],[77.9256632,30.4134274],[77.9256897,30.4133938],[77.9258083,30.4132977],[77.9263203,30.4129567],[77.9264036,30.4129269],[77.9265195,30.4128989],[77.9266272,30.4128936],[77.9271252,30.4129147],[77.9272753,30.4129377],[77.9274078,30.4129637],[77.9278509,30.41309],[77.9278868,30.4131034],[77.9279163,30.4131219],[77.9279391,30.4131508],[77.9279471,30.4131994],[77.9279458,30.4132699],[77.9279103,30.4134842],[77.9279033,30.4135453],[77.927898,30.4135987],[77.9279015,30.4136597],[77.9279174,30.4137299],[77.9279687,30.4138658],[77.9279881,30.4138996],[77.9280608,30.414026],[77.9281192,30.4141069],[77.9281846,30.4141496],[77.9282802,30.4141756],[77.9283474,30.4141725],[77.9284111,30.4141435],[77.9284377,30.4141054],[77.9284448,30.4140474],[77.9284483,30.4138765],[77.928466,30.4138246],[77.9285173,30.4137635],[77.9286577,30.4135965],[77.9286983,30.4135632],[77.928741,30.4135439],[77.928804,30.4135439],[77.9288621,30.4135585],[77.9288874,30.4135649],[77.9289504,30.4135912],[77.9290053,30.4136052],[77.9293454,30.4136034],[77.9296321,30.4135896],[77.9297329,30.4135896],[77.9297981,30.4135978],[77.9298388,30.413613],[77.9298772,30.4136323],[77.9300373,30.4137467],[77.9306102,30.4142138],[77.930734,30.4142932],[77.9308933,30.4143603],[77.9311906,30.4144397],[77.9319091,30.4146442],[77.932248,30.4147519],[77.9323298,30.414772],[77.9324255,30.4148063],[77.9325306,30.4148647],[77.9325843,30.4149009],[77.9326053,30.4149123],[77.9326263,30.414921],[77.9326503,30.4149244],[77.9326754,30.4149261],[77.9327244,30.4149231],[77.9327781,30.414921],[77.9327942,30.4149244],[77.9328114,30.4149305],[77.9328271,30.4149381],[77.9328439,30.4149535],[77.9328575,30.4149694],[77.932887,30.4150316],[77.9329439,30.4152311],[77.9329695,30.4152795],[77.9330069,30.4153278],[77.9330629,30.4153741],[77.933133,30.4154003],[77.9333548,30.4154627],[77.9335206,30.4154909],[77.933607,30.415503],[77.9336817,30.4155251],[77.934067,30.4156963],[77.934597,30.4159782],[77.9355317,30.4164492],[77.9356633,30.4165272],[77.9362776,30.4169288],[77.9367872,30.4171944],[77.937364,30.4175393],[77.9374394,30.4175763],[77.9375069,30.4175923],[77.9381541,30.4176395],[77.9382016,30.4176486],[77.9382487,30.4176722],[77.9382887,30.4177045],[77.938546,30.4179977],[77.9386033,30.4180552],[77.9386699,30.4181086],[77.9387655,30.4181628],[77.9391739,30.4183259],[77.9392465,30.4183621],[77.9392885,30.4184004],[77.9393142,30.4184447],[77.9393399,30.4185011],[77.9393586,30.4185454],[77.9393586,30.4186058],[77.9393423,30.4186519],[77.939048,30.4190401],[77.9390292,30.4191025],[77.9389676,30.4193425],[77.9389304,30.4194204],[77.9387493,30.4196643],[77.9387383,30.4196768],[77.9387267,30.4196874],[77.9387116,30.4196949],[77.9386898,30.4196981],[77.9386677,30.4196958],[77.9386479,30.4196897],[77.9386335,30.41968],[77.9386217,30.4196664],[77.9386128,30.4196485],[77.9385236,30.4194582],[77.9385152,30.4194469],[77.9385042,30.4194401],[77.938487,30.4194348],[77.9384644,30.419433],[77.9384296,30.4194361],[77.9383909,30.4194442],[77.9383563,30.4194564],[77.9383359,30.4194736],[77.9383182,30.4194936],[77.938306,30.4195241],[77.9383005,30.4195592],[77.9383769,30.4199516],[77.9384077,30.4200552],[77.938457,30.4201296],[77.9387967,30.4206504],[77.9388136,30.4206796],[77.9388216,30.4207074],[77.9388205,30.4207339],[77.938809,30.4207555],[77.9387863,30.4207739],[77.9387582,30.4207834],[77.9387258,30.4207846],[77.9386856,30.4207729],[77.9386496,30.4207558],[77.9386128,30.4207295],[77.9382598,30.4204285],[77.9382244,30.4204072],[77.9381736,30.4203993],[77.9381273,30.4204139],[77.9380935,30.4204458],[77.9380703,30.4204976],[77.9380076,30.4210195],[77.9379872,30.4213982],[77.9379779,30.421657],[77.9379779,30.4217074],[77.9379989,30.4217557],[77.9380549,30.421802],[77.938139,30.4218403],[77.9382207,30.4218604],[77.9382744,30.4218946],[77.9383375,30.4219571],[77.9384215,30.4221416],[77.9384448,30.4222664],[77.9384682,30.4224476],[77.9384611,30.4225604],[77.9384168,30.4227517],[77.9382206,30.4231846],[77.9382113,30.4232269],[77.9382043,30.4232973],[77.938237,30.4233638],[77.9382954,30.4234161],[77.9384705,30.4234926],[77.938662,30.423549],[77.938753,30.4235671],[77.9389725,30.4236094],[77.9391009,30.4236497],[77.9391873,30.423698],[77.9392854,30.4237685],[77.9393398,30.4238351],[77.9393799,30.4239201],[77.9394969,30.4243656],[77.9396215,30.4250392],[77.9396483,30.425134],[77.939702,30.4252751],[77.9398092,30.4255319],[77.9398361,30.4255989],[77.9398548,30.4256961],[77.9398289,30.426454],[77.9398289,30.4265028],[77.939836,30.42657],[77.9398679,30.4266447],[77.939956,30.4267683],[77.9400042,30.4268134],[77.9400753,30.4268481],[77.9401652,30.426877],[77.9404897,30.4269418],[77.940538,30.426958],[77.94056,30.4269697],[77.9405796,30.4269834],[77.9405995,30.4270007],[77.9406158,30.4270181],[77.9406354,30.4270445],[77.940648,30.4270759],[77.9407087,30.4275174],[77.9407272,30.4278627],[77.9407195,30.4279252],[77.940701,30.4279942],[77.940661,30.4280859],[77.940644,30.4281536],[77.9406409,30.4282705],[77.9406563,30.4283622],[77.9407642,30.4286624],[77.9407888,30.4287552],[77.9408051,30.4288814],[77.9407888,30.4290198],[77.9407116,30.4292494],[77.940677,30.4293809],[77.9406628,30.4294317],[77.9406364,30.4294808],[77.9405917,30.4295193],[77.9404559,30.4297816],[77.9403604,30.4298932],[77.9402014,30.4300942],[77.9401566,30.4301433],[77.9401454,30.4301774],[77.9401435,30.4302169],[77.9401445,30.4303054],[77.9401404,30.4303343],[77.9401312,30.4303624],[77.9400982,30.4304509],[77.9400747,30.4306063],[77.940041,30.4307643],[77.9400299,30.4307912],[77.9400062,30.4308185],[77.9399782,30.4308334],[77.9399521,30.430847],[77.9399056,30.4308581],[77.9393542,30.4309001],[77.9393257,30.4309034],[77.9393064,30.43091],[77.9392872,30.430922],[77.9392671,30.4309472],[77.9392618,30.4309698],[77.9393443,30.4317135],[77.9393427,30.4317521],[77.9393335,30.4317932],[77.9393104,30.4318397],[77.9392843,30.4318742],[77.9392426,30.4319096],[77.9390504,30.4320337],[77.9390347,30.4320477],[77.9390251,30.432064],[77.9390253,30.4320782],[77.9390316,30.4320952],[77.939086,30.4321415],[77.9394346,30.4324055],[77.9397499,30.4327033],[77.9397745,30.432724],[77.9398106,30.4327402],[77.939969,30.43279],[77.9400478,30.4328194],[77.940092,30.4328491],[77.9401149,30.4328824],[77.9401946,30.4333213],[77.940253,30.4335853],[77.9403185,30.4338859],[77.9403289,30.4339138],[77.9404739,30.4341681],[77.9405084,30.4342211],[77.9405574,30.4342714],[77.9406158,30.4343238],[77.9406462,30.434353],[77.9406683,30.4343832],[77.9406765,30.4344124],[77.9407127,30.4345533],[77.9407162,30.4345966],[77.9407092,30.4346268],[77.9406987,30.434659],[77.9406824,30.4346983],[77.9406625,30.4347486],[77.9406508,30.4347878],[77.9406511,30.4349437],[77.9406621,30.4350935],[77.9406701,30.4351645],[77.9406625,30.4352191],[77.9406427,30.4352765],[77.9406222,30.4353305],[77.940616,30.4353615],[77.9406154,30.4355236],[77.9406294,30.4355619],[77.9406469,30.4356021],[77.9408045,30.4358095],[77.9408232,30.4358397],[77.9408337,30.4358789],[77.9408302,30.4359142],[77.9408174,30.4359484],[77.9407578,30.4360783],[77.9407415,30.4361004],[77.94071,30.4361296],[77.9405885,30.4362131],[77.9405629,30.4362333],[77.9405465,30.4362554],[77.940536,30.4362927],[77.9405477,30.4364527],[77.9405558,30.4364889],[77.940578,30.4365292],[77.9409475,30.436943]]}},{"type":"Feature","properties":{"c":"residential"},"geometry":{"type":"LineString","coordinates":[[77.9390253,30.4320782],[77.9388603,30.4320006],[77.9388055,30.4319701],[77.9387577,30.4319304],[77.9387046,30.4318648],[77.9385967,30.4317065],[77.9384958,30.4315478],[77.9383666,30.4313296],[77.9383012,30.4312457],[77.9382074,30.4311511],[77.9381311,30.4310666],[77.9378461,30.4307115],[77.9378157,30.4306863],[77.9377714,30.4306692],[77.9375962,30.430639],[77.9375425,30.4306249],[77.9374923,30.4306068],[77.9374585,30.4305846],[77.9373517,30.430469],[77.9373286,30.4304526],[77.9373038,30.4304484],[77.9371781,30.430465],[77.9371563,30.4304655],[77.9371335,30.43046],[77.9367922,30.4301662],[77.9366658,30.4300469],[77.9364816,30.4298844],[77.936195,30.4296517],[77.9361791,30.4296369],[77.9360473,30.4295139],[77.93597,30.4294248],[77.9359252,30.429356],[77.9358917,30.4292924],[77.9358709,30.4292216],[77.9358592,30.4291638],[77.9358615,30.4291093],[77.9358793,30.4290589],[77.935912,30.42902],[77.9360345,30.428928],[77.9360473,30.4289117],[77.936053,30.4288929],[77.936059,30.428756],[77.9360527,30.428736],[77.9360441,30.428717],[77.9360332,30.4287028],[77.9359168,30.4285971],[77.9357881,30.4285046],[77.9357129,30.4284588],[77.9356192,30.4284235],[77.935232,30.4283182],[77.9351421,30.4282951],[77.9350505,30.4282472],[77.9349786,30.4281866],[77.9349187,30.4281392],[77.9348535,30.4281011],[77.9346193,30.4279966],[77.9345593,30.4279634],[77.9345099,30.427928],[77.9344571,30.4278762],[77.934363,30.4277648],[77.9342689,30.4276412],[77.934153,30.4274768],[77.9340764,30.4273453],[77.9340246,30.4272199],[77.9339477,30.4269313],[77.93391,30.4267239],[77.9338561,30.4265478],[77.9338188,30.4264657],[77.933776,30.4263929],[77.9336157,30.4261553],[77.9335756,30.4260687],[77.9335463,30.4259986],[77.9335216,30.4259176],[77.9335042,30.4258432],[77.9334901,30.4258147],[77.9334648,30.4257924],[77.9329355,30.4255152],[77.9327788,30.4254076],[77.9326398,30.4252909],[77.932195,30.4248689],[77.9320722,30.4247261],[77.931999,30.4245649],[77.9318203,30.4240756],[77.9316947,30.423624],[77.9314063,30.4227145],[77.931176,30.422156],[77.9309409,30.4216238],[77.9308999,30.4215591],[77.930845,30.4214984],[77.9305886,30.4212784],[77.9305079,30.4211803],[77.9303751,30.4209835],[77.9303009,30.4207035],[77.930156,30.4197845],[77.9301329,30.4193453],[77.9301115,30.4192758],[77.9300326,30.4191308],[77.9298717,30.4188949],[77.9297161,30.4186081],[77.9295391,30.4183259],[77.929051,30.4177617],[77.9290295,30.4177177],[77.9290188,30.4176784],[77.929008,30.4175535],[77.9290027,30.4175234],[77.9289866,30.4174934],[77.9288303,30.4172285],[77.9288111,30.4171776],[77.9287492,30.4169666],[77.9282516,30.4161297],[77.9276669,30.4151814],[77.9273128,30.4144967],[77.9271787,30.4142145],[77.9271734,30.4140757],[77.9271841,30.4139739],[77.9273075,30.4136871],[77.9273343,30.4136177],[77.9273692,30.4135807],[77.9274563,30.4135287],[77.9275274,30.4135125],[77.927573,30.4135206],[77.9276039,30.4135518],[77.9276803,30.4136455],[77.9278158,30.4138236],[77.927864,30.4138687],[77.9279003,30.4138837],[77.9279881,30.4138996]]}},{"type":"Feature","properties":{"c":"service"},"geometry":{"type":"LineString","coordinates":[[77.9382487,30.4176722],[77.9382228,30.4173521],[77.9382179,30.4173275],[77.9382084,30.4173065],[77.9380123,30.4170385],[77.9380032,30.4170224],[77.937996,30.4170012],[77.9379954,30.4169843],[77.9379983,30.4169651],[77.9380473,30.4168761],[77.9380518,30.4168635],[77.9380532,30.4168471],[77.9380458,30.4168329],[77.9378541,30.4166456],[77.93784,30.4166182],[77.9378347,30.4165815],[77.9378453,30.416548],[77.9379727,30.4163572],[77.9381727,30.4161405]]}},{"type":"Feature","properties":{"c":"service"},"geometry":{"type":"LineString","coordinates":[[77.9334901,30.4258147],[77.9341427,30.4255007],[77.9341873,30.4254734],[77.9342141,30.4254456],[77.9342316,30.4254098],[77.9342396,30.4253647],[77.9342356,30.4253115],[77.9342229,30.4252584],[77.93419,30.4252005],[77.9339429,30.4249183],[77.9339219,30.4248851],[77.9338997,30.4248438],[77.9338799,30.4248026],[77.933856,30.4247469],[77.9337778,30.4245365],[77.9337568,30.4244972],[77.9337252,30.4244479],[77.9336925,30.4244137],[77.9336493,30.4243865],[77.9335921,30.4243603],[77.9335303,30.4243331],[77.9334706,30.4242945],[77.9334198,30.4242489],[77.9331108,30.423858],[77.9330911,30.4238261],[77.9330819,30.4237876],[77.9330896,30.4237438],[77.9331096,30.4237052],[77.9331574,30.4236667],[77.933427,30.4235325]]}},{"type":"Feature","properties":{"c":"service"},"geometry":{"type":"LineString","coordinates":[[77.9513196,30.4229377],[77.9505917,30.4221717],[77.9505755,30.4221473],[77.9505661,30.4221182],[77.9505769,30.4220927],[77.9506052,30.42207],[77.9511015,30.421728],[77.9511726,30.4216805],[77.9512135,30.4216391],[77.951258,30.4215455],[77.9517335,30.4205429],[77.951747,30.4204987],[77.951743,30.4204323],[77.9516614,30.4202013],[77.9515933,30.4201137],[77.9514772,30.4200125],[77.9513139,30.4199206],[77.9511506,30.4198567],[77.9509802,30.4198108],[77.9506725,30.4197651],[77.9504232,30.4197087],[77.9502693,30.4196547],[77.9500824,30.4195617],[77.9499016,30.4194188],[77.9497635,30.4192427],[77.9496037,30.4190087],[77.9495861,30.4189649],[77.9495804,30.4189072],[77.9495875,30.4188521],[77.9496095,30.4187993],[77.9496418,30.4187705],[77.9500159,30.4185824],[77.9501043,30.418538],[77.9501376,30.4185119],[77.9501578,30.4184759],[77.9501634,30.4184331],[77.9501342,30.418087],[77.9500855,30.417929],[77.9499035,30.417533],[77.9497764,30.4172902],[77.9496426,30.4170462],[77.9494355,30.4167946],[77.9494185,30.4167631],[77.9494174,30.4167299],[77.9495107,30.4164817],[77.9495104,30.4164674],[77.9495061,30.4164554],[77.949429,30.4163641],[77.9494209,30.4163482],[77.9494181,30.4163313],[77.9494446,30.4162484]]}},{"type":"Feature","properties":{"c":"service"},"geometry":{"type":"LineString","coordinates":[[77.9494185,30.4167631],[77.9490967,30.4169033],[77.9485715,30.417101]]}},{"type":"Feature","properties":{"c":"service"},"geometry":{"type":"LineString","coordinates":[[77.9484724,30.4169514],[77.9485715,30.417101],[77.9495178,30.418739],[77.9495352,30.4187571],[77.9495552,30.4187718],[77.9496095,30.4187993]]}},{"type":"Feature","properties":{"c":"service"},"geometry":{"type":"LineString","coordinates":[[77.9500159,30.4185824],[77.9490967,30.4169033],[77.9490147,30.4167612],[77.9489984,30.4167206],[77.9489902,30.4166643],[77.9489966,30.4166175],[77.9490226,30.4165589],[77.949071,30.4165003],[77.9491348,30.4164511],[77.949264,30.4163912],[77.9494209,30.4163482]]}},{"type":"Feature","properties":{"c":"residential"},"geometry":{"type":"LineString","coordinates":[[77.9554505,30.4153134],[77.9553262,30.4149695],[77.9552426,30.4147649],[77.9551159,30.4144581],[77.9549824,30.414203],[77.9547145,30.4137009],[77.9547046,30.413677],[77.9546278,30.4134913],[77.9545442,30.413291],[77.954483,30.413163],[77.9543324,30.4128479],[77.9540099,30.4121577],[77.9539929,30.4121165],[77.9538023,30.4117276],[77.9535678,30.4112464],[77.9534873,30.411068],[77.9533305,30.4107209],[77.9531989,30.4104491],[77.9531762,30.4104019],[77.9530886,30.41022],[77.9529865,30.410072],[77.9528598,30.4099522],[77.95268,30.4098007],[77.9525403,30.4096286],[77.9523654,30.409413],[77.9521591,30.4091502],[77.952037,30.4089945],[77.9518433,30.4087477],[77.9515798,30.4084302],[77.9506311,30.407287],[77.9505754,30.4072251],[77.9494947,30.4060258],[77.9493501,30.4058219],[77.9492748,30.4057158],[77.9489797,30.4051791],[77.948851,30.4049478],[77.9486901,30.404455],[77.9486364,30.4043278],[77.9484835,30.4039924],[77.9482985,30.4035272],[77.9482824,30.403451],[77.9483,30.4033386],[77.9484138,30.4030531],[77.9484272,30.4029583],[77.9484192,30.402831],[77.9482958,30.4025627],[77.9482314,30.402447],[77.9481187,30.4023684],[77.9479954,30.4023244],[77.9478371,30.4022828],[77.9477325,30.4022249],[77.9475555,30.4020792],[77.9473168,30.4018756],[77.9472443,30.4017923],[77.947205,30.4017106],[77.9471853,30.4016697],[77.9471478,30.4015355],[77.9471129,30.4013944],[77.9470644,30.401221],[77.9470405,30.4011353],[77.9469708,30.4009664],[77.9469064,30.4007964],[77.9468782,30.4006784],[77.9468675,30.4004078],[77.9468688,30.4002794],[77.9468916,30.4001637],[77.9469158,30.4000677],[77.9470217,30.3997635],[77.9471089,30.3994685],[77.947125,30.3993702],[77.9471223,30.39931],[77.9471116,30.3992499],[77.947078,30.3991354],[77.9469667,30.3988913],[77.9469265,30.3988126],[77.9468997,30.3987479],[77.9468863,30.3987016],[77.9468621,30.3986553],[77.9468501,30.3986137],[77.9467227,30.3983395],[77.9466663,30.3982805],[77.9466274,30.3982667],[77.9465698,30.3982736],[77.9463901,30.3983499],[77.9461916,30.3984633],[77.9460937,30.3985234],[77.9459686,30.3986059],[77.9457852,30.3986923],[77.9455492,30.3988173],[77.9454057,30.3988994],[77.9453695,30.3989179],[77.945175,30.3990382]]}},{"type":"Feature","properties":{"c":"residential"},"geometry":{"type":"LineString","coordinates":[[77.954483,30.413163],[77.9524332,30.4141516],[77.951992,30.4143644],[77.9500562,30.4151576]]}},{"type":"Feature","properties":{"c":"residential"},"geometry":{"type":"LineString","coordinates":[[77.9522501,30.4147532],[77.951992,30.4143644],[77.9517162,30.4139085],[77.9515874,30.4136957]]}},{"type":"Feature","properties":{"c":"residential"},"geometry":{"type":"LineString","coordinates":[[77.9517162,30.4139085],[77.9497335,30.4147967]]}},{"type":"Feature","properties":{"c":"service"},"geometry":{"type":"LineString","coordinates":[[77.9539929,30.4121165],[77.9531373,30.4124457],[77.9525613,30.4126969],[77.9519947,30.4129853],[77.9520352,30.4130558],[77.9520358,30.4130684],[77.9520307,30.4130798],[77.9520212,30.4130903],[77.9509652,30.4136356],[77.9509484,30.4136443],[77.9501951,30.4140367],[77.949425,30.4144102]]}},{"type":"Feature","properties":{"c":"service"},"geometry":{"type":"LineString","coordinates":[[77.9509484,30.4136443],[77.9508592,30.4135232],[77.9508538,30.4135058],[77.9508552,30.4134872],[77.9508713,30.4134651],[77.9509064,30.4134442],[77.951886,30.4129377],[77.9518923,30.412934],[77.9519007,30.4129317],[77.9519092,30.4129311],[77.9519181,30.4129316],[77.9519261,30.412934],[77.951954,30.4129528],[77.9519947,30.4129853]]}},{"type":"Feature","properties":{"c":"residential"},"geometry":{"type":"LineString","coordinates":[[77.9525403,30.4096286],[77.9517281,30.4101865],[77.9513794,30.410426],[77.9509853,30.4106967],[77.9505973,30.4109632],[77.9499111,30.4114346],[77.9495088,30.4117131],[77.9497692,30.4119938],[77.9499909,30.4122344],[77.950005,30.412255],[77.9500111,30.4122814],[77.950003,30.4123113],[77.9499846,30.4123343],[77.9487196,30.413211],[77.9486868,30.4132282],[77.9486589,30.4132363],[77.9486357,30.4132363],[77.9486093,30.4132256],[77.9483676,30.4129627],[77.9481294,30.4127037],[77.948114,30.4126756],[77.9481109,30.4126463],[77.9481201,30.4126142],[77.9481449,30.4125862],[77.9486734,30.4122146],[77.9486791,30.4122119],[77.9486841,30.4122114],[77.9486903,30.4122123],[77.9486944,30.4122149],[77.9489752,30.4125269]]}},{"type":"Feature","properties":{"c":"residential"},"geometry":{"type":"LineString","coordinates":[[77.9483676,30.4129627],[77.9487302,30.4127011],[77.9489752,30.4125269],[77.9490684,30.4124606],[77.949555,30.4121365],[77.9497692,30.4119938]]}},{"type":"Feature","properties":{"c":"residential"},"geometry":{"type":"LineString","coordinates":[[77.949555,30.4121365],[77.9492399,30.4117696],[77.9492318,30.4117559],[77.9492277,30.4117403],[77.9492281,30.4117257],[77.9492311,30.4117135],[77.9492361,30.4117042],[77.949355,30.411612],[77.9493618,30.4116094],[77.9493741,30.4116086],[77.949387,30.411612],[77.949396,30.4116174],[77.9495088,30.4117131]]}},{"type":"Feature","properties":{"c":"residential"},"geometry":{"type":"LineString","coordinates":[[77.9505973,30.4109632],[77.9507681,30.4111507],[77.9507794,30.4111673],[77.9507875,30.4111842],[77.9507875,30.4112073],[77.9507716,30.4112268],[77.9503478,30.4115311],[77.9501667,30.4116547],[77.950143,30.41166],[77.9501137,30.4116536],[77.9500967,30.4116408],[77.9499111,30.4114346],[77.949597,30.4110686],[77.9494298,30.4108604],[77.949429,30.4108548],[77.9494303,30.4108488],[77.9494332,30.4108452],[77.9497954,30.4105921],[77.9499951,30.410456],[77.9504411,30.4101588],[77.9504471,30.4101563],[77.9504565,30.4101553],[77.9504645,30.4101574],[77.9504709,30.4101613],[77.950649,30.4103467],[77.9509853,30.4106967],[77.9512164,30.4109373],[77.951226,30.4109459],[77.9512378,30.4109523],[77.9512519,30.4109533],[77.9512666,30.4109502],[77.9512818,30.4109457],[77.9516206,30.4107148],[77.9516324,30.4107067]]}},{"type":"Feature","properties":{"c":"residential"},"geometry":{"type":"LineString","coordinates":[[77.950649,30.4103467],[77.9502566,30.4106106],[77.9499844,30.4107952],[77.949597,30.4110686]]}},{"type":"Feature","properties":{"c":"service"},"geometry":{"type":"LineString","coordinates":[[77.9531762,30.4104019],[77.9506675,30.4117539]]}},{"type":"Feature","properties":{"c":"service"},"geometry":{"type":"LineString","coordinates":[[77.9534873,30.411068],[77.9523818,30.4115169],[77.9508949,30.4122562]]}},{"type":"Feature","properties":{"c":"residential"},"geometry":{"type":"LineString","coordinates":[[77.939422,30.4094681],[77.9389326,30.4099765],[77.9385996,30.4102863],[77.9384455,30.4104518],[77.9382914,30.4106264],[77.9382869,30.4106348],[77.9382888,30.4106452],[77.9382938,30.410653],[77.9383346,30.4106791],[77.9388149,30.4109873],[77.9392997,30.4112984]]}},{"type":"Feature","properties":{"c":"residential"},"geometry":{"type":"LineString","coordinates":[[77.9388149,30.4109873],[77.9383942,30.411439]]}},{"type":"Feature","properties":{"c":"residential"},"geometry":{"type":"LineString","coordinates":[[77.9383346,30.4106791],[77.9378771,30.4112255]]}},{"type":"Feature","properties":{"c":"service"},"geometry":{"type":"LineString","coordinates":[[77.9412714,30.4106594],[77.940778,30.4110901],[77.9402929,30.4115033],[77.940116,30.411654],[77.93983,30.4119112]]}},{"type":"Feature","properties":{"c":"residential"},"geometry":{"type":"LineString","coordinates":[[77.9386504,30.4087281],[77.9384217,30.4089145],[77.9383683,30.4089483],[77.9383185,30.4089667],[77.9382331,30.4089928],[77.9381851,30.4090066],[77.9381318,30.4090326],[77.9378889,30.4091867],[77.9378664,30.4091946],[77.9378444,30.4091974],[77.9377306,30.4091909],[77.9375879,30.4091709],[77.937555,30.409168],[77.9375174,30.4091633],[77.9374944,30.4091548],[77.9374638,30.4091384],[77.9372994,30.4090047],[77.9370961,30.4088374]]}},{"type":"Feature","properties":{"c":"residential"},"geometry":{"type":"LineString","coordinates":[[77.9372276,30.4087242],[77.9374999,30.4088907],[77.9375549,30.4089266],[77.9375911,30.4089671],[77.937689,30.4091047],[77.9377185,30.4091521],[77.9377306,30.4091909],[77.9377131,30.4092458],[77.937689,30.4092771],[77.9376541,30.4093083],[77.937534,30.4094395],[77.9372958,30.4096972],[77.936945,30.4100515],[77.9368273,30.4101627],[77.9365079,30.4105544],[77.936503,30.4105683],[77.9365001,30.4105841],[77.9365043,30.4105981],[77.936518,30.4106103],[77.9368885,30.4108199],[77.936918,30.4108335],[77.9369411,30.4108412],[77.9369651,30.4108389],[77.9369918,30.4108297],[77.9370176,30.410809],[77.9373164,30.4104621],[77.9373284,30.4104547],[77.9373418,30.4104487],[77.9373561,30.4104488],[77.9373702,30.4104514],[77.937549,30.4105631]]}},{"type":"Feature","properties":{"c":"service"},"geometry":{"type":"LineString","coordinates":[[77.9402929,30.4115033],[77.9397064,30.4110021]]}},{"type":"Feature","properties":{"c":"track"},"geometry":{"type":"LineString","coordinates":[[77.9386898,30.4196981],[77.9387062,30.4197457],[77.938755,30.4197965],[77.9388261,30.4198245],[77.9389034,30.4198123],[77.9389643,30.4197737],[77.939131,30.4195318],[77.9391859,30.4194897],[77.9392428,30.4194442],[77.9395294,30.4189972],[77.939566,30.4189516],[77.9396107,30.4189218],[77.9396921,30.4189095],[77.9397734,30.4189271],[77.9405111,30.4193319]]}},{"type":"Feature","properties":{"c":"service"},"geometry":{"type":"LineString","coordinates":[[77.9505769,30.4220927],[77.9503829,30.4221945],[77.9503557,30.4222032],[77.9503262,30.4222022],[77.9502884,30.4221935],[77.9502619,30.4221812],[77.9502355,30.4221584],[77.9500905,30.4219657],[77.9500321,30.4219155],[77.9499622,30.4218697],[77.9498985,30.4218331],[77.9498446,30.421798],[77.9497977,30.4217568],[77.9497561,30.4217034],[77.9497313,30.4216691],[77.9497154,30.4216385],[77.9497039,30.4215912],[77.9497048,30.4215432],[77.9497074,30.4214997],[77.949703,30.4214524],[77.9496818,30.4214226],[77.9496535,30.4214013],[77.9496163,30.4213921],[77.9495597,30.4214035],[77.949503,30.4214196],[77.9494756,30.4214249],[77.9494446,30.4214234],[77.949388,30.421399],[77.9492047,30.4212952],[77.9490191,30.4211402],[77.9489689,30.4210677],[77.948914,30.4210083],[77.9488685,30.4209671],[77.9487891,30.4209107],[77.9484809,30.420657],[77.9484365,30.4206248],[77.9483863,30.4205925],[77.9480933,30.4204431],[77.9480069,30.4203847],[77.9477594,30.4201189],[77.9476823,30.4200162]]}},{"type":"Feature","properties":{"c":"residential"},"geometry":{"type":"LineString","coordinates":[[77.9384766,30.355683],[77.9389622,30.3553308]]}},{"type":"Feature","properties":{"c":"residential"},"geometry":{"type":"LineString","coordinates":[[77.9390216,30.3564165],[77.9395675,30.3561713],[77.9395844,30.3561608],[77.9395978,30.3561478],[77.9396434,30.3560367],[77.939648,30.3560318],[77.9396529,30.3560275],[77.9396671,30.3560182],[77.9400773,30.3558307]]}},{"type":"Feature","properties":{"c":"residential"},"geometry":{"type":"LineString","coordinates":[[77.9400265,30.3569118],[77.9398965,30.3566559],[77.9398939,30.3566473],[77.9398931,30.3566361],[77.9398968,30.3566292],[77.9399081,30.3566216],[77.9404441,30.3562849]]}},{"type":"Feature","properties":{"c":"residential"},"geometry":{"type":"LineString","coordinates":[[77.9394779,30.3571186],[77.9400265,30.3569118],[77.9402847,30.3568286]]}},{"type":"Feature","properties":{"c":"residential"},"geometry":{"type":"LineString","coordinates":[[77.9396092,30.3573518],[77.9398396,30.3572395],[77.9398512,30.3572413],[77.939862,30.3572473],[77.9399132,30.3572922],[77.939924,30.357297],[77.9399352,30.3572985],[77.9399524,30.3572966],[77.9402523,30.3571555]]}},{"type":"Feature","properties":{"c":"service"},"geometry":{"type":"LineString","coordinates":[[77.9396922,30.357936],[77.94046,30.3575195]]}},{"type":"Feature","properties":{"c":"residential"},"geometry":{"type":"LineString","coordinates":[[77.9401175,30.3587708],[77.9405613,30.3584262]]}},{"type":"Feature","properties":{"c":"residential"},"geometry":{"type":"LineString","coordinates":[[77.9360204,30.370989],[77.9366195,30.3705999]]}},{"type":"Feature","properties":{"c":"residential"},"geometry":{"type":"LineString","coordinates":[[77.937369,30.3538101],[77.9377155,30.3536123],[77.9377264,30.3536098],[77.937733,30.35361],[77.9377434,30.3536146],[77.9378317,30.3536984],[77.937847,30.3537047],[77.9378613,30.3537047],[77.9378732,30.3537024],[77.9383696,30.3534286]]}},{"type":"Feature","properties":{"c":"residential"},"geometry":{"type":"LineString","coordinates":[[77.9391206,30.3544486],[77.9389394,30.3540119]]}},{"type":"Feature","properties":{"c":"unclassified"},"geometry":{"type":"LineString","coordinates":[[77.9684928,30.4105977],[77.9687385,30.4106016],[77.9687581,30.4106044],[77.968774,30.4106111],[77.968788,30.4106208],[77.9687991,30.4106343],[77.96888,30.4107776],[77.9689157,30.4108841],[77.9689384,30.4109776],[77.9689495,30.4110932],[77.9689596,30.4112237],[77.968983,30.4114333],[77.969018,30.4116072],[77.9690537,30.4117884],[77.9690866,30.4119625],[77.9690992,30.4119942],[77.9691059,30.4120112],[77.9691287,30.4120502],[77.9691551,30.4120816],[77.9692328,30.4121737],[77.9692708,30.4122219],[77.9692883,30.412247],[77.9693018,30.4122732],[77.9693382,30.4123611],[77.9693731,30.4124614],[77.9694215,30.4126007],[77.9694358,30.4126253],[77.9694501,30.4126445],[77.9694666,30.4126597],[77.9695003,30.4126734],[77.9695434,30.4126769],[77.9698491,30.4126388],[77.970166,30.412605],[77.9705815,30.4126111],[77.9706183,30.4126084],[77.9708244,30.4125587],[77.9710542,30.4124965],[77.9716354,30.4123747],[77.9716881,30.4123637],[77.9722882,30.4122427],[77.972354,30.4122262],[77.9724491,30.4122078],[77.9724733,30.412207],[77.9724992,30.4122085],[77.972525,30.4122167],[77.9725468,30.41223],[77.9725672,30.4122546],[77.9727777,30.4127098],[77.9728092,30.412822],[77.9728377,30.4129524],[77.9728723,30.4130693],[77.9728946,30.4131429],[77.9729102,30.4131787],[77.9730316,30.4134369],[77.9731549,30.4136433],[77.9730596,30.4137643],[77.9729515,30.4138597],[77.9728676,30.4139311],[77.9728115,30.4139938],[77.9727663,30.4140611],[77.9727342,30.4141211],[77.9727101,30.414188],[77.9726979,30.4142925],[77.9727086,30.4144109],[77.9727051,30.4144842],[77.9726879,30.4145654],[77.9726232,30.4146992],[77.9725089,30.4148304],[77.9719819,30.4152068],[77.9711658,30.4157497],[77.9707713,30.4160306],[77.9707397,30.4160672],[77.9707011,30.4161204],[77.9706119,30.4162272],[77.9705197,30.4163182],[77.9704529,30.4163676],[77.9703618,30.416417],[77.9703315,30.4164372],[77.9702006,30.4165287],[77.9701458,30.4165748],[77.9700909,30.4166307],[77.9700579,30.4166669],[77.9700226,30.4167368],[77.9699456,30.4170123],[77.9698712,30.4172149],[77.9698193,30.4173133],[77.9697925,30.4173734],[77.9697752,30.4174198],[77.9697631,30.4174552],[77.9697564,30.4174955],[77.9697434,30.4175806],[77.9697198,30.4177283],[77.9697124,30.4179385],[77.9697076,30.4180763],[77.9697485,30.418586]]}},{"type":"Feature","properties":{"c":"residential"},"geometry":{"type":"LineString","coordinates":[[77.9552802,30.421782],[77.9553007,30.4217179],[77.9553104,30.4216821],[77.9553168,30.4216403],[77.9553113,30.4215958],[77.9552948,30.4215544],[77.9552304,30.4214592],[77.9551739,30.4213382],[77.9551539,30.4213103],[77.9551357,30.4212996],[77.9551128,30.4212895],[77.9550885,30.4212875],[77.9550522,30.4212891],[77.9550062,30.4212979],[77.9549717,30.4213031],[77.9548462,30.4213002],[77.9548261,30.4212962],[77.9547979,30.4212881],[77.9547667,30.4212748],[77.9546095,30.421169],[77.9543907,30.4210348],[77.9541559,30.4208948],[77.9541332,30.4208762],[77.9541133,30.4208505],[77.9540999,30.4208243],[77.954074,30.4207158],[77.9540588,30.4206697],[77.9540118,30.420521],[77.9539552,30.420363],[77.953895,30.4202181],[77.9538703,30.4201754],[77.9537712,30.4200289],[77.9537163,30.4199487],[77.9536977,30.419903],[77.9536924,30.4198648],[77.9536942,30.4198393],[77.9537057,30.4198084],[77.953749,30.4197519],[77.9537703,30.4197153],[77.9537734,30.4196938],[77.9537677,30.4196747],[77.9537543,30.4196542],[77.953633,30.4195676],[77.9536162,30.4195473],[77.9536116,30.4195317],[77.9536128,30.4195158],[77.953617,30.4195022],[77.9536235,30.419491],[77.9537145,30.419402],[77.9538215,30.4193158],[77.9538322,30.4192977],[77.9538352,30.419278],[77.9538316,30.4192642],[77.9538226,30.4192519],[77.9536068,30.4191063],[77.9534026,30.4189949],[77.9532297,30.4189251],[77.9531624,30.4189022],[77.9531085,30.4188824],[77.9530651,30.4188572],[77.952836,30.4187259],[77.9525395,30.4185282],[77.9523552,30.4183953],[77.9522548,30.4183272],[77.9522397,30.4183218],[77.952222,30.4183201],[77.9522012,30.4183218],[77.9521042,30.4183661],[77.9520779,30.4183697],[77.9520527,30.4183665],[77.9520263,30.4183584],[77.9517308,30.4182214],[77.9517103,30.418213],[77.9516858,30.4182082],[77.9516495,30.41821],[77.9515997,30.4182205],[77.951463,30.4182694],[77.9514317,30.4182744],[77.9514065,30.4182747],[77.9513744,30.4182711],[77.9513342,30.4182523],[77.9507552,30.4177165],[77.9505102,30.4174245],[77.9505025,30.4174057],[77.9504994,30.4173829],[77.9505085,30.4173639],[77.9507168,30.4171686],[77.9507295,30.417149],[77.9507378,30.4171209],[77.9507312,30.4170962],[77.9504997,30.4168396],[77.9504708,30.4167759],[77.9504603,30.4166911],[77.9504598,30.4165938],[77.9504629,30.4164132]]}},{"type":"Feature","properties":{"c":"residential"},"geometry":{"type":"LineString","coordinates":[[77.955395,30.4220686],[77.9560716,30.4216163],[77.9560984,30.4216036],[77.9561252,30.4216036],[77.9561923,30.4216475],[77.9562205,30.4216625],[77.9562526,30.421666],[77.9562875,30.4216568],[77.956313,30.421644],[77.9568189,30.421322],[77.957405,30.4210361],[77.9580492,30.4207585],[77.9580667,30.4207469],[77.958072,30.4207284],[77.958064,30.4207029],[77.9579915,30.4205538],[77.9579822,30.4205272],[77.9579835,30.420504],[77.9579942,30.4204832],[77.9580304,30.4204612],[77.9583072,30.4203458],[77.9583383,30.4203265],[77.9583531,30.4203022],[77.9583518,30.420278],[77.9583383,30.4202467],[77.958065,30.4197429],[77.957885,30.4194112],[77.9578729,30.4193887],[77.9578675,30.4193655],[77.9578703,30.4193496],[77.9578769,30.4193328],[77.9578823,30.4193233],[77.9579199,30.4192886],[77.957952,30.4192597],[77.9580218,30.4192031],[77.9580744,30.4191678],[77.9581291,30.419136],[77.9582685,30.4190712],[77.9585207,30.4189764],[77.958864,30.4188654],[77.9592621,30.4187317],[77.9592836,30.4187215],[77.9593001,30.4187028],[77.9593047,30.4186825],[77.9593212,30.4184533]]}},{"type":"Feature","properties":{"c":"service"},"geometry":{"type":"LineString","coordinates":[[77.958065,30.4197429],[77.9590722,30.4193386],[77.9591058,30.4193187],[77.9591376,30.4192913],[77.9591518,30.419247],[77.9591553,30.4191936],[77.959173,30.4191676],[77.9592155,30.4191417],[77.9601063,30.4187724]]}},{"type":"Feature","properties":{"c":"service"},"geometry":{"type":"LineString","coordinates":[[77.9604946,30.4192551],[77.9591647,30.4197805]]}},{"type":"Feature","properties":{"c":"service"},"geometry":{"type":"LineString","coordinates":[[77.9608199,30.4198574],[77.9599662,30.420166]]}},{"type":"Feature","properties":{"c":"residential"},"geometry":{"type":"LineString","coordinates":[[77.9600077,30.421956],[77.9599,30.4217395],[77.959872,30.4216509],[77.959856,30.42157],[77.9597715,30.421246],[77.9597552,30.421223],[77.959734,30.4212091],[77.9597065,30.421206],[77.9596729,30.4212113],[77.9594819,30.4212781]]}},{"type":"Feature","properties":{"c":"service"},"geometry":{"type":"LineString","coordinates":[[77.9602273,30.4218944],[77.960394,30.4220255],[77.9604197,30.4220476],[77.960436,30.4220778],[77.9604314,30.4221181],[77.960299,30.4226611],[77.9602936,30.4227121],[77.9602866,30.422849]]}},{"type":"Feature","properties":{"c":"service"},"geometry":{"type":"LineString","coordinates":[[77.9547046,30.413677],[77.9530389,30.4144538]]}},{"type":"Feature","properties":{"c":"service"},"geometry":{"type":"LineString","coordinates":[[77.9526369,30.4144846],[77.9524332,30.4141516]]}},{"type":"Feature","properties":{"c":"residential"},"geometry":{"type":"LineString","coordinates":[[77.9511731,30.4101598],[77.9511772,30.4101825],[77.9511975,30.4102106],[77.9513794,30.410426],[77.9516324,30.4107067],[77.9516814,30.4107496],[77.9517007,30.4107593],[77.9517183,30.4107606],[77.9517328,30.4107552],[77.9519963,30.4105845],[77.9520179,30.4105606]]}},{"type":"Feature","properties":{"c":"residential"},"geometry":{"type":"LineString","coordinates":[[77.9579287,30.417657],[77.9581185,30.4171118],[77.9581296,30.4170244],[77.9581224,30.4169299],[77.9580593,30.4167656],[77.957917,30.4165105],[77.9578107,30.4162677],[77.957699,30.4160065],[77.9576435,30.4159154],[77.9574983,30.4157853],[77.9571854,30.4155049],[77.957134,30.4154847],[77.9569723,30.4154571],[77.9569524,30.4154516],[77.9568456,30.4154081],[77.9568287,30.4154042],[77.9567733,30.4153972],[77.9566916,30.4153951],[77.9566684,30.4153987],[77.9565665,30.4154396],[77.9564605,30.4154961],[77.9564474,30.4155001],[77.9564344,30.4154982],[77.9564232,30.4154933],[77.9562157,30.41526],[77.9561751,30.4152159]]}},{"type":"Feature","properties":{"c":"residential"},"geometry":{"type":"LineString","coordinates":[[77.9559718,30.4159198],[77.9561756,30.4162113],[77.9563873,30.4164979],[77.9566177,30.4168139],[77.9568954,30.4171798],[77.9570712,30.4173629],[77.9572347,30.4175671],[77.9574587,30.4177851],[77.9575191,30.4178564],[77.9575599,30.4179564],[77.9575767,30.4180027],[77.9576038,30.4180579],[77.9576297,30.4181043],[77.95768,30.41815],[77.9577384,30.418183],[77.9578062,30.4182055],[77.957907,30.4182256],[77.9580253,30.4182444],[77.9582201,30.4182505],[77.9584497,30.4182428]]}},{"type":"Feature","properties":{"c":"residential"},"geometry":{"type":"LineString","coordinates":[[77.9554112,30.4162305],[77.9557116,30.4160316],[77.9558971,30.4158529]]}},{"type":"Feature","properties":{"c":"service"},"geometry":{"type":"LineString","coordinates":[[77.9574983,30.4157853],[77.9577774,30.4156463],[77.9577922,30.4156336],[77.9577975,30.4156162],[77.9578029,30.4155665],[77.9578103,30.4155555],[77.9578244,30.4155468],[77.958106,30.4154185]]}},{"type":"Feature","properties":{"c":"residential"},"geometry":{"type":"LineString","coordinates":[[77.9549469,30.419134],[77.954384,30.4185162],[77.9543752,30.4184983],[77.9543725,30.4184768],[77.9543651,30.4182687],[77.9543551,30.418243],[77.9542836,30.4181335],[77.9541995,30.4180413],[77.9537731,30.4175969],[77.9536693,30.4175191],[77.9534335,30.417296],[77.9534149,30.4172742],[77.9532808,30.4170565],[77.9532459,30.4170173],[77.9529997,30.416799],[77.95298,30.4167638],[77.9528635,30.41633],[77.9528081,30.4161899]]}},{"type":"Feature","properties":{"c":"residential"},"geometry":{"type":"LineString","coordinates":[[77.9541995,30.4180413],[77.9547427,30.4178473],[77.9547595,30.4178446],[77.9547775,30.4178476],[77.9547953,30.4178556],[77.9548772,30.4179355],[77.9549822,30.4180123],[77.9550347,30.4180534],[77.9550801,30.4180953],[77.9551126,30.4181343],[77.955138,30.4181812],[77.9551806,30.4182793]]}},{"type":"Feature","properties":{"c":"residential"},"geometry":{"type":"LineString","coordinates":[[77.9537731,30.4175969],[77.9542128,30.4173867]]}},{"type":"Feature","properties":{"c":"service"},"geometry":{"type":"LineString","coordinates":[[77.9573321,30.4135083],[77.9578659,30.4140733],[77.9580088,30.4142388],[77.9587001,30.4149592],[77.9588108,30.415098],[77.9588932,30.4152368],[77.9589851,30.4154316]]}},{"type":"Feature","properties":{"c":"service"},"geometry":{"type":"LineString","coordinates":[[77.9580253,30.4182444],[77.9582104,30.4183858],[77.958217,30.4183936],[77.9582202,30.4184064],[77.9582175,30.4184186],[77.9582119,30.4184284],[77.9580374,30.4185583],[77.958027,30.4185697],[77.9580261,30.4185813],[77.9580297,30.418591],[77.9580728,30.4186468],[77.9580844,30.4186681],[77.9580852,30.4186893],[77.9580775,30.4187046],[77.9572418,30.4191942],[77.9572259,30.4192092],[77.9572192,30.4192289],[77.9572219,30.419252],[77.9572306,30.4192722],[77.9574955,30.4196177]]}},{"type":"Feature","properties":{"c":"service"},"geometry":{"type":"LineString","coordinates":[[77.9603556,30.4190669],[77.9592542,30.4194518]]}},{"type":"Feature","properties":{"c":"residential"},"geometry":{"type":"LineString","coordinates":[[77.9589692,30.4221886],[77.9589307,30.4219045],[77.9589361,30.4218698],[77.9589522,30.421849],[77.959435,30.4216293],[77.9594622,30.4216207],[77.9594838,30.4216207],[77.9594977,30.4216366],[77.9597176,30.4220616]]}},{"type":"Feature","properties":{"c":"service"},"geometry":{"type":"LineString","coordinates":[[77.9693731,30.4124614],[77.9693008,30.4124919],[77.9689752,30.4126291],[77.9685867,30.4127807]]}},{"type":"Feature","properties":{"c":"service"},"geometry":{"type":"LineString","coordinates":[[77.9670153,30.413308],[77.9671506,30.4132761],[77.9671677,30.41327],[77.9672417,30.4132307],[77.9673315,30.4131819],[77.9674161,30.4131525],[77.9675364,30.4131067],[77.9675502,30.4131002],[77.9676656,30.4130167],[77.967742,30.4129828],[77.9678039,30.4129547],[77.9680284,30.4128076],[77.9680342,30.4128049],[77.96804,30.4128035],[77.9681525,30.4127893],[77.9681704,30.4127814],[77.9682029,30.4127584],[77.9682213,30.4127374],[77.9683027,30.4126092],[77.9683734,30.4125085],[77.9684055,30.412465],[77.9684211,30.4124526],[77.9684434,30.4124449],[77.9686496,30.4124138],[77.9688424,30.4124032],[77.9688701,30.4124071],[77.9690355,30.4124633],[77.969085,30.4124691],[77.9692009,30.4124788],[77.9693008,30.4124919]]}},{"type":"Feature","properties":{"c":"residential"},"geometry":{"type":"LineString","coordinates":[[77.9690992,30.4119942],[77.9696342,30.4118557],[77.9696473,30.4118535],[77.9696611,30.4118555],[77.9696735,30.4118621],[77.9696796,30.4118734],[77.969718,30.4120514]]}},{"type":"Feature","properties":{"c":"service"},"geometry":{"type":"LineString","coordinates":[[77.9695003,30.4126734],[77.9694717,30.4126988],[77.9694459,30.4127178],[77.9694096,30.4127343],[77.9692374,30.4127963],[77.9688771,30.412926]]}},{"type":"Feature","properties":{"c":"service"},"geometry":{"type":"LineString","coordinates":[[77.9692374,30.4127963],[77.9694419,30.4131922]]}},{"type":"Feature","properties":{"c":"residential"},"geometry":{"type":"LineString","coordinates":[[77.9697692,30.4137272],[77.9698135,30.4138302],[77.9699097,30.4139785],[77.9699349,30.414],[77.9699592,30.4140081],[77.969992,30.4140127],[77.9700361,30.4140084],[77.9706294,30.4138972],[77.9712207,30.4137702],[77.9715157,30.41368],[77.9717705,30.4136106],[77.9718556,30.4135823],[77.9719488,30.4135412],[77.9720553,30.413477],[77.9720713,30.4134642],[77.9720783,30.4134473],[77.9720789,30.4134337],[77.9720755,30.4134178],[77.9720139,30.4133065],[77.9720132,30.4132999],[77.9720148,30.4132931],[77.972017,30.4132893],[77.9720205,30.4132864],[77.9720246,30.413284],[77.9721579,30.4132318],[77.972186,30.413227],[77.9723591,30.4132192],[77.9723985,30.4132148],[77.9728946,30.4131429]]}},{"type":"Feature","properties":{"c":"residential"},"geometry":{"type":"LineString","coordinates":[[77.9712413,30.4097298],[77.9713758,30.4100263],[77.9714207,30.4101254],[77.9714931,30.4102936],[77.9715235,30.4103711],[77.97159,30.4105956],[77.9716439,30.4107724],[77.9718203,30.4111569],[77.9719112,30.4113613],[77.9719818,30.4115727],[77.9719868,30.4115778],[77.9719935,30.411582],[77.9721384,30.4116323],[77.9721477,30.4116378],[77.9721548,30.4116468],[77.972229,30.4118006],[77.972275,30.411936],[77.972354,30.4122262]]}},{"type":"Feature","properties":{"c":"residential"},"geometry":{"type":"LineString","coordinates":[[77.9716439,30.4107724],[77.9718898,30.4106726],[77.9719263,30.4106551],[77.9719467,30.4106323],[77.9719751,30.4105762],[77.9720117,30.4105447],[77.9721215,30.4104924],[77.9722038,30.4104603],[77.9722524,30.4104443],[77.9723017,30.4104344],[77.972371,30.4104344],[77.9726055,30.4104496],[77.9726444,30.4104481],[77.9726798,30.4104359],[77.9729781,30.4102716],[77.9730001,30.4102644],[77.9730221,30.4102611],[77.9733053,30.4102222],[77.9735342,30.410183]]}},{"type":"Feature","properties":{"c":"residential"},"geometry":{"type":"LineString","coordinates":[[77.9716354,30.4123747],[77.9717051,30.4126387],[77.9716211,30.4127312],[77.9715909,30.4127997],[77.9716954,30.4130165],[77.9717103,30.4130299],[77.971755,30.4130559],[77.9717718,30.4130679],[77.9717866,30.4130839],[77.9717948,30.4131033],[77.9717968,30.413125],[77.9717947,30.41315],[77.9717965,30.4131622],[77.9718566,30.4132909],[77.9718599,30.4132943],[77.971866,30.4132977],[77.9718724,30.4132989],[77.9720132,30.4132999]]}},{"type":"Feature","properties":{"c":"service"},"geometry":{"type":"LineString","coordinates":[[77.9685636,30.4165693],[77.9685871,30.4166164],[77.9686023,30.4166344],[77.9686249,30.4166523],[77.9686385,30.4166562],[77.968653,30.416656],[77.9690641,30.4165604],[77.9697318,30.4163777],[77.9697456,30.4163762],[77.9697578,30.4163774],[77.9697745,30.4163843],[77.9697847,30.4163954],[77.9698175,30.4164547],[77.9698347,30.4164937],[77.9698473,30.4165326],[77.9698518,30.4165742],[77.9698509,30.4166096],[77.9697856,30.4168057],[77.9696959,30.4170159]]}},{"type":"Feature","properties":{"c":"service"},"geometry":{"type":"LineString","coordinates":[[77.9685911,30.4165528],[77.9685636,30.4165693],[77.9685313,30.4165768],[77.9685044,30.4165755],[77.968479,30.416568],[77.968457,30.4165547],[77.9684434,30.4165412],[77.9684334,30.4165254],[77.9684276,30.4165082],[77.9684262,30.4164903],[77.9684274,30.4164803],[77.9684348,30.4164591],[77.9684484,30.4164404],[77.9684673,30.4164254],[77.96849,30.4164152],[77.9685151,30.4164105]]}},{"type":"Feature","properties":{"c":"service"},"geometry":{"type":"LineString","coordinates":[[77.9684262,30.4164903],[77.9669329,30.4168902],[77.9669126,30.4169018],[77.9669002,30.4169174],[77.9668941,30.4169404]]}},{"type":"Feature","properties":{"c":"service"},"geometry":{"type":"LineString","coordinates":[[77.9668941,30.4169404],[77.9669111,30.4169542],[77.9669391,30.4169642],[77.9669549,30.4169686],[77.9669739,30.4169704],[77.9669892,30.4169711],[77.9670085,30.4169704],[77.9672375,30.4169163],[77.9675796,30.4168227],[77.9683299,30.4166208],[77.9683474,30.4166143],[77.9684013,30.4165854],[77.968457,30.4165547]]}},{"type":"Feature","properties":{"c":"service"},"geometry":{"type":"LineString","coordinates":[[77.9668941,30.4169404],[77.9668021,30.4169018],[77.9667096,30.4168545],[77.9666668,30.4168298],[77.966626,30.4167966],[77.9666021,30.4167589],[77.9665713,30.4167043],[77.9665509,30.4166511],[77.9665386,30.4165895],[77.9665344,30.4164976],[77.9665467,30.4163887],[77.9665734,30.4161439]]}},{"type":"Feature","properties":{"c":"service"},"geometry":{"type":"LineString","coordinates":[[77.966392,30.4158119],[77.9663993,30.4158739],[77.9664042,30.4158967],[77.9664099,30.4159111],[77.9665036,30.4160885],[77.9665344,30.416126],[77.9665517,30.416138],[77.9665734,30.4161439]]}},{"type":"Feature","properties":{"c":"service"},"geometry":{"type":"LineString","coordinates":[[77.9665734,30.4161439],[77.9665802,30.4161242],[77.9665801,30.4161109],[77.9665733,30.4160883],[77.9664648,30.4158849],[77.9664543,30.4158723],[77.966442,30.4158597],[77.966392,30.4158119]]}},{"type":"Feature","properties":{"c":"service"},"geometry":{"type":"LineString","coordinates":[[77.9690661,30.4181884],[77.9690034,30.4179918],[77.9689132,30.4177411],[77.9686993,30.4171153],[77.9685706,30.416713],[77.9685506,30.4166414],[77.9685313,30.4165768]]}},{"type":"Feature","properties":{"c":"service"},"geometry":{"type":"LineString","coordinates":[[77.9686993,30.4171153],[77.9681388,30.4173119],[77.9675916,30.4175153],[77.9672644,30.4176471],[77.9671705,30.4176842]]}},{"type":"Feature","properties":{"c":"service"},"geometry":{"type":"LineString","coordinates":[[77.9689132,30.4177411],[77.9686097,30.4178229],[77.9682939,30.4179247],[77.9679889,30.4180269],[77.9676962,30.4181489]]}},{"type":"Feature","properties":{"c":"service"},"geometry":{"type":"LineString","coordinates":[[77.9666474,30.4157464],[77.9667602,30.416087],[77.9667598,30.4161012],[77.9667528,30.4161132],[77.9667389,30.4161205],[77.9665734,30.4161439]]}},{"type":"Feature","properties":{"c":"service"},"geometry":{"type":"LineString","coordinates":[[77.9690034,30.4179918],[77.9692027,30.4179666],[77.9694136,30.4179496],[77.9697124,30.4179385]]}},{"type":"Feature","properties":{"c":"residential"},"geometry":{"type":"LineString","coordinates":[[77.9340748,30.3921542],[77.9340255,30.3918398],[77.9339975,30.3917213],[77.9339654,30.391642],[77.933903,30.3915444],[77.9337234,30.391291],[77.9337155,30.3912799],[77.9331912,30.390502],[77.9331568,30.3904372],[77.9331482,30.3903812],[77.9331568,30.3903403],[77.9331885,30.3902635],[77.9332042,30.3901862],[77.9331967,30.3901168],[77.9331784,30.3900528],[77.9331213,30.3898531],[77.9331025,30.3897877],[77.9330777,30.3896728],[77.9330491,30.3895275],[77.9330369,30.3894607],[77.9330298,30.3893366],[77.9329975,30.3891005],[77.9329682,30.3888425],[77.9328463,30.3883091],[77.9328394,30.3882532],[77.9328421,30.3882074],[77.9328529,30.3881723],[77.9329053,30.3880739],[77.9329251,30.3880268],[77.9329356,30.3879764],[77.932887,30.387385],[77.9328778,30.3869793],[77.9328626,30.3868066],[77.9328323,30.386618],[77.9327701,30.3863254],[77.9327503,30.3862004],[77.9327261,30.3860917],[77.9327125,30.3859747],[77.932708,30.3858185],[77.9327385,30.385352],[77.9327477,30.3849352],[77.9327493,30.3847419],[77.9327334,30.3846465],[77.9326902,30.3844543],[77.9326874,30.3843764],[77.9327029,30.3842967],[77.9327617,30.3841172],[77.9327774,30.3840693],[77.9327912,30.3839756],[77.9328017,30.3838587],[77.9327817,30.3837489],[77.9327411,30.3836177],[77.9326377,30.3833587],[77.9325344,30.3831877],[77.932371,30.3829869],[77.9318607,30.3824603],[77.931779,30.3823846],[77.9317039,30.382338],[77.9316085,30.3822915],[77.9315341,30.3822599],[77.9313295,30.3821831],[77.9306295,30.3819201],[77.9305541,30.3818773],[77.9305012,30.3818302],[77.9302653,30.3816002],[77.930231,30.3815812],[77.9301781,30.3815742],[77.9301349,30.3815943],[77.9300882,30.3816708],[77.9300501,30.3817139],[77.9299954,30.3817558],[77.9299173,30.3818085],[77.9298196,30.3818715],[77.9296197,30.3820402]]}},{"type":"Feature","properties":{"c":"service"},"geometry":{"type":"LineString","coordinates":[[77.9280098,30.3846569],[77.9286681,30.3842904],[77.9287527,30.3842695],[77.9288191,30.3842848],[77.9288759,30.3843401],[77.9292755,30.3848001],[77.9293239,30.3848447],[77.9293961,30.3848634],[77.9294572,30.3848541],[77.931085,30.3839762],[77.9320572,30.3834987],[77.932144,30.3834703],[77.9322274,30.3834546],[77.932294,30.3834688],[77.9323444,30.3834999],[77.9327617,30.3841172]]}},{"type":"Feature","properties":{"c":"residential"},"geometry":{"type":"LineString","coordinates":[[77.9307168,30.3828726],[77.9316085,30.3822915]]}},{"type":"Feature","properties":{"c":"residential"},"geometry":{"type":"LineString","coordinates":[[77.930692,30.3825184],[77.9313295,30.3821831]]}},{"type":"Feature","properties":{"c":"service"},"geometry":{"type":"LineString","coordinates":[[77.9331482,30.3903812],[77.9322775,30.3908298]]}},{"type":"Feature","properties":{"c":"residential"},"geometry":{"type":"LineString","coordinates":[[77.9331213,30.3898531],[77.9324152,30.3901487],[77.9320697,30.3903257],[77.9317562,30.3905022],[77.9314475,30.3906935],[77.9309687,30.3909901],[77.9309214,30.3910076],[77.9308701,30.391003],[77.9308214,30.3909888],[77.9307867,30.3909619],[77.930617,30.3906823],[77.9304616,30.3904259],[77.9303275,30.3902048],[77.9302896,30.3901846],[77.9302553,30.3901799],[77.930212,30.3901924],[77.9299723,30.3903563],[77.9299236,30.3903637],[77.929873,30.3903482],[77.9298385,30.3903243],[77.9295327,30.3899557],[77.9294974,30.3899349],[77.929455,30.3899329],[77.9294137,30.3899441],[77.928487,30.3905628]]}},{"type":"Feature","properties":{"c":"residential"},"geometry":{"type":"LineString","coordinates":[[77.9331784,30.3900528],[77.9324562,30.3903819]]}},{"type":"Feature","properties":{"c":"residential"},"geometry":{"type":"LineString","coordinates":[[77.9304616,30.3904259],[77.9309884,30.3900992],[77.9310336,30.3900788],[77.9310788,30.3900801],[77.9311144,30.3900989],[77.9314475,30.3906935]]}},{"type":"Feature","properties":{"c":"residential"},"geometry":{"type":"LineString","coordinates":[[77.9287828,30.3919991],[77.9289677,30.3918573],[77.930617,30.3906823]]}},{"type":"Feature","properties":{"c":"service"},"geometry":{"type":"LineString","coordinates":[[77.9292426,30.3907481],[77.929873,30.3903482]]}},{"type":"Feature","properties":{"c":"residential"},"geometry":{"type":"LineString","coordinates":[[77.9323339,30.3896412],[77.9330298,30.3893366]]}},{"type":"Feature","properties":{"c":"service"},"geometry":{"type":"LineString","coordinates":[[77.9685486,30.4164132],[77.9701944,30.4159721]]}},{"type":"Feature","properties":{"c":"residential"},"geometry":{"type":"LineString","coordinates":[[77.9346228,30.3918487],[77.9342421,30.3913974],[77.9342057,30.391332],[77.9341693,30.3912495],[77.9340054,30.3907744]]}},{"type":"Feature","properties":{"c":"residential"},"geometry":{"type":"LineString","coordinates":[[77.9361933,30.391273],[77.9356637,30.3905316],[77.9354756,30.3902601],[77.935345,30.3900716],[77.9353366,30.3900381],[77.9353405,30.3900051],[77.9353569,30.3899862],[77.9358778,30.389735],[77.9359096,30.3897065],[77.9359225,30.3896779],[77.9359179,30.3896488],[77.935786,30.3894981],[77.9357762,30.3894735],[77.9357867,30.3894383],[77.9359071,30.3893414]]}},{"type":"Feature","properties":{"c":"residential"},"geometry":{"type":"LineString","coordinates":[[77.9356637,30.3905316],[77.9366912,30.3899885],[77.9367537,30.389982],[77.936799,30.3900019],[77.9368413,30.3900344],[77.9372027,30.3905177],[77.9374561,30.3908567]]}},{"type":"Feature","properties":{"c":"residential"},"geometry":{"type":"LineString","coordinates":[[77.9354756,30.3902601],[77.9363287,30.3898478]]}},{"type":"Feature","properties":{"c":"residential"},"geometry":{"type":"LineString","coordinates":[[77.9432706,30.3876149],[77.9433109,30.3876458],[77.9438815,30.3881459],[77.9443705,30.3885707],[77.9447562,30.3889057],[77.9449357,30.3890658],[77.9449662,30.3890976],[77.945151,30.3892898],[77.9453295,30.3894836],[77.9454273,30.3896064],[77.9454942,30.3897139],[77.9455981,30.389881],[77.9456595,30.3900657],[77.9464365,30.3924127],[77.9464504,30.3925337],[77.946437,30.3926332],[77.9464182,30.3927303],[77.9462117,30.3931977],[77.9460427,30.3935216],[77.9460373,30.3936026],[77.9460749,30.3936627],[77.9461661,30.3937044],[77.9463673,30.3937553],[77.9465792,30.3938085],[77.9466838,30.3938663],[77.946775,30.3940907],[77.9467911,30.3942365],[77.9467884,30.3943568],[77.9467615,30.3944725],[77.9467159,30.3946437],[77.9465765,30.3951203],[77.9465041,30.3954372],[77.9464745,30.3956015],[77.9464745,30.3957218],[77.9465523,30.3959161],[77.9466864,30.396277],[77.946724,30.3964066],[77.9467159,30.3964575],[77.9466864,30.3964737],[77.9465765,30.3965061],[77.9465089,30.3965112],[77.9461473,30.3965385],[77.9459463,30.3965502],[77.9459086,30.3965523],[77.9457584,30.3965732],[77.9457155,30.3965732],[77.9456726,30.3965732],[77.9456136,30.3965593],[77.9455519,30.3965061],[77.9454955,30.3964667],[77.9454473,30.3964575],[77.9453534,30.3964945],[77.9450805,30.3966528],[77.9446685,30.3968918],[77.9443021,30.3971043],[77.9442725,30.3971215],[77.94393,30.3973229],[77.9435644,30.3975378],[77.9432023,30.3977507]]}},{"type":"Feature","properties":{"c":"residential"},"geometry":{"type":"LineString","coordinates":[[77.9454942,30.3897139],[77.945148,30.3897854],[77.9451028,30.3897997],[77.9450482,30.3898239],[77.9449895,30.3898654],[77.9448083,30.3900699],[77.9447929,30.3900958],[77.9447775,30.3901476],[77.9447749,30.3902692],[77.944757,30.3903027],[77.9447126,30.3903457],[77.944385,30.3905251],[77.9443637,30.3905384],[77.9443142,30.3905693],[77.9439646,30.3907871],[77.9439343,30.3908073],[77.9435909,30.3910369],[77.9434062,30.3911604],[77.9432004,30.3912979],[77.943155,30.3913369],[77.9431224,30.391376],[77.9430995,30.391441],[77.9429046,30.3923048],[77.9429059,30.3923474],[77.9429206,30.3923914],[77.9429381,30.3924249],[77.9429635,30.392433],[77.9430011,30.3924238],[77.9431728,30.3922977],[77.9432036,30.392285],[77.9432358,30.3922977],[77.9432867,30.3923544],[77.9433162,30.3923706],[77.943339,30.3923717],[77.9433699,30.3923555],[77.9435,30.3922479],[77.943736,30.3920682],[77.9437749,30.3920386],[77.9438004,30.3920131],[77.943799,30.39199],[77.9437883,30.3919576],[77.9437789,30.3919287],[77.9437856,30.3919021],[77.94385,30.3918315],[77.943956,30.3917459],[77.9441088,30.3916334]]}},{"type":"Feature","properties":{"c":"residential"},"geometry":{"type":"LineString","coordinates":[[77.942443,30.3881056],[77.9429827,30.3888231],[77.9430216,30.3888521],[77.9430679,30.3888604],[77.943101,30.3888558],[77.9434827,30.3887482],[77.9436411,30.3887035],[77.9437135,30.3886846],[77.9437729,30.3886816],[77.943942,30.3886987],[77.9440382,30.3886898],[77.9441014,30.3886728],[77.9443705,30.3885707]]}},{"type":"Feature","properties":{"c":"residential"},"geometry":{"type":"LineString","coordinates":[[77.9430679,30.3888604],[77.9430682,30.3889563],[77.9430612,30.3889744],[77.9430343,30.3889932],[77.9427944,30.3891263],[77.9427133,30.3891567],[77.9426804,30.3891547],[77.9426617,30.3891462],[77.9426435,30.3891279],[77.9426102,30.3890716],[77.9425889,30.3890611],[77.9425683,30.3890548],[77.9425419,30.3890625],[77.9421398,30.3892797],[77.9421277,30.3893046],[77.9421299,30.389329],[77.9421432,30.3893576],[77.9422596,30.3895196],[77.9422812,30.3895348],[77.9423039,30.3895382],[77.9423229,30.3895412],[77.942442,30.3895258],[77.9424781,30.3895225],[77.9425001,30.3895269],[77.9425196,30.3895378],[77.94258,30.3896281],[77.9425797,30.3896446],[77.9425681,30.3896622],[77.9424989,30.3897177],[77.9424922,30.389735],[77.9424957,30.3897569],[77.9425842,30.3899306],[77.9426058,30.3899524],[77.9426365,30.3899618],[77.9426726,30.3899587],[77.9430322,30.3898134],[77.943063,30.3898086],[77.9431001,30.3898129],[77.9431223,30.3898229],[77.9431506,30.3898474],[77.9433889,30.390143],[77.9439343,30.3908073]]}},{"type":"Feature","properties":{"c":"residential"},"geometry":{"type":"LineString","coordinates":[[77.9449662,30.3890976],[77.9446195,30.3893448],[77.94438,30.3894863],[77.9443055,30.3895173],[77.9442279,30.3895312],[77.944183,30.3895272],[77.9441246,30.3895167],[77.9440243,30.389456],[77.9439719,30.389408],[77.9438746,30.3893037],[77.9437083,30.389086],[77.9434827,30.3887482]]}},{"type":"Feature","properties":{"c":"residential"},"geometry":{"type":"LineString","coordinates":[[77.943155,30.3913369],[77.9426123,30.3907616],[77.9425821,30.3907279],[77.9425635,30.3906898],[77.9425678,30.3906543],[77.9426009,30.3906188],[77.9433889,30.390143]]}},{"type":"Feature","properties":{"c":"residential"},"geometry":{"type":"LineString","coordinates":[[77.9423108,30.3889501],[77.942152,30.3887257],[77.9421499,30.3887141],[77.9421531,30.3886993],[77.9421906,30.3886391],[77.942196,30.3886234],[77.942193,30.3885984],[77.941986,30.3883113]]}},{"type":"Feature","properties":{"c":"residential"},"geometry":{"type":"LineString","coordinates":[[77.9432706,30.3892705],[77.9433789,30.3892248],[77.9437083,30.389086]]}},{"type":"Feature","properties":{"c":"residential"},"geometry":{"type":"LineString","coordinates":[[77.9433789,30.3892248],[77.943525,30.3895316],[77.9435358,30.3895448],[77.9435588,30.3895506],[77.9435865,30.3895492],[77.9439719,30.389408]]}},{"type":"Feature","properties":{"c":"residential"},"geometry":{"type":"LineString","coordinates":[[77.9434062,30.3911604],[77.9430375,30.3907488]]}},{"type":"Feature","properties":{"c":"service"},"geometry":{"type":"LineString","coordinates":[[77.9378821,30.3907225],[77.9382009,30.3913586],[77.9382072,30.3914003],[77.93819,30.3914333],[77.9381566,30.3914612],[77.9376254,30.3916776]]}},{"type":"Feature","properties":{"c":"service"},"geometry":{"type":"LineString","coordinates":[[77.9443659,30.3871276],[77.9444086,30.3870112],[77.9444264,30.3869671],[77.9444315,30.3869154],[77.9444264,30.3868543],[77.9442377,30.3861402],[77.9442121,30.3860184],[77.9442047,30.3859073],[77.9442317,30.385626],[77.9442274,30.3855121],[77.9442169,30.3854547],[77.9441452,30.3853093],[77.944139,30.3852793],[77.9441403,30.385256],[77.9441534,30.3852402],[77.9442702,30.3851728],[77.9442819,30.3851576],[77.9442852,30.3851408],[77.9442771,30.3851207],[77.9442269,30.385044],[77.9442261,30.3850284],[77.9442319,30.3850157],[77.9442491,30.3850033],[77.9448424,30.3847615]]}},{"type":"Feature","properties":{"c":"residential"},"geometry":{"type":"LineString","coordinates":[[77.941117,30.3856012],[77.9416747,30.3851646],[77.9417045,30.3851474],[77.941738,30.38514],[77.9417657,30.3851457],[77.9418421,30.3852169],[77.9418623,30.3852286],[77.9418865,30.3852308],[77.9419266,30.3852201],[77.9423357,30.384917]]}},{"type":"Feature","properties":{"c":"residential"},"geometry":{"type":"LineString","coordinates":[[77.9419498,30.3863738],[77.941268,30.3868429],[77.9407806,30.3871885]]}},{"type":"Feature","properties":{"c":"residential"},"geometry":{"type":"LineString","coordinates":[[77.9395492,30.3856537],[77.9406023,30.3851148]]}},{"type":"Feature","properties":{"c":"residential"},"geometry":{"type":"LineString","coordinates":[[77.9387794,30.3851386],[77.9388784,30.3850701],[77.9389044,30.3850461],[77.9389223,30.3850062],[77.938926,30.3849745],[77.9389297,30.3847003],[77.9389325,30.3846522],[77.9389446,30.3846114],[77.9389627,30.3845882],[77.9403151,30.3838376]]}},{"type":"Feature","properties":{"c":"residential"},"geometry":{"type":"LineString","coordinates":[[77.9386843,30.3842386],[77.940317,30.3833967]]}},{"type":"Feature","properties":{"c":"residential"},"geometry":{"type":"LineString","coordinates":[[77.9388737,30.3838861],[77.940318,30.3831501]]}},{"type":"Feature","properties":{"c":"residential"},"geometry":{"type":"LineString","coordinates":[[77.9387839,30.3836731],[77.9403265,30.3829286]]}},{"type":"Feature","properties":{"c":"residential"},"geometry":{"type":"LineString","coordinates":[[77.9395704,30.3830189],[77.9403392,30.3827122]]}},{"type":"Feature","properties":{"c":"residential"},"geometry":{"type":"LineString","coordinates":[[77.9395965,30.3839528],[77.940316,30.3836196]]}},{"type":"Feature","properties":{"c":"residential"},"geometry":{"type":"LineString","coordinates":[[77.9370729,30.3732479],[77.9378892,30.3729413],[77.9380751,30.3728665],[77.9385135,30.372661]]}},{"type":"Feature","properties":{"c":"residential"},"geometry":{"type":"LineString","coordinates":[[77.93749,30.3741127],[77.9382412,30.3738618]]}},{"type":"Feature","properties":{"c":"residential"},"geometry":{"type":"LineString","coordinates":[[77.9364513,30.3718798],[77.9369435,30.3716689]]}},{"type":"Feature","properties":{"c":"service"},"geometry":{"type":"LineString","coordinates":[[77.9684861,30.4106114],[77.9683382,30.4105619],[77.9683201,30.4105531],[77.9683046,30.4105426],[77.9682274,30.4104555],[77.9682056,30.4104462],[77.9681874,30.4104444],[77.968168,30.410445],[77.9671285,30.410816],[77.9671137,30.4108258],[77.9671023,30.4108379],[77.9670983,30.4108524],[77.9671002,30.4109784],[77.9670943,30.4109941],[77.967084,30.4110102],[77.9670648,30.4110264],[77.9669213,30.4111189]]}},{"type":"Feature","properties":{"c":"residential"},"geometry":{"type":"LineString","coordinates":[[77.9397101,30.3788058],[77.9393507,30.3788486],[77.9392523,30.3788883],[77.9390701,30.3789615],[77.9377918,30.3796255],[77.9377404,30.3796482],[77.937656,30.3796695],[77.9375801,30.3796668],[77.9375207,30.3796448],[77.9370336,30.3792496],[77.9369349,30.3791843],[77.9368243,30.3791219],[77.9366288,30.3790282],[77.9365609,30.3789836],[77.9364862,30.378921],[77.9359745,30.3783912],[77.9359475,30.3783758],[77.935909,30.3783688],[77.9358826,30.3783734],[77.9358617,30.3783826],[77.9355679,30.3786164],[77.9355518,30.3786228],[77.9355218,30.3786278],[77.9355026,30.3786251],[77.9354731,30.3786038],[77.9352008,30.3783368],[77.935184,30.3783187],[77.9351756,30.3782914],[77.9351811,30.3782685],[77.9356228,30.3779098]]}},{"type":"Feature","properties":{"c":"service"},"geometry":{"type":"LineString","coordinates":[[77.9355026,30.3786251],[77.9347017,30.379239],[77.9346533,30.3792573],[77.9346052,30.3792643],[77.9345676,30.3792595],[77.9345411,30.3792448],[77.9337925,30.3784337],[77.9337737,30.3783974],[77.9337668,30.3783646],[77.9337762,30.378338],[77.9340227,30.3780688],[77.9340548,30.3780372],[77.9340654,30.3780083],[77.9340538,30.3779709],[77.9336281,30.3776072]]}},{"type":"Feature","properties":{"c":"residential"},"geometry":{"type":"LineString","coordinates":[[77.93749,30.3741127],[77.9364465,30.3746685],[77.9363857,30.3746921],[77.9363294,30.374691],[77.9362827,30.3746602],[77.9360337,30.3743857],[77.9355882,30.3738943],[77.9355478,30.3738677],[77.9354995,30.3738434],[77.9353925,30.3738014],[77.93534,30.3737651],[77.9352779,30.3736979],[77.9346915,30.3730579],[77.934656,30.3729869],[77.934655,30.3729004],[77.93466,30.3728427],[77.9347065,30.3727614],[77.9355075,30.3719366],[77.9355628,30.3718796],[77.9356894,30.3717684],[77.9358243,30.3716892],[77.9362563,30.3714746]]}},{"type":"Feature","properties":{"c":"residential"},"geometry":{"type":"LineString","coordinates":[[77.9360337,30.3743857],[77.937311,30.3737532]]}},{"type":"Feature","properties":{"c":"residential"},"geometry":{"type":"LineString","coordinates":[[77.9367414,30.3725022],[77.936541,30.3725713],[77.9364776,30.372606],[77.9362099,30.3728014],[77.936185,30.3728068],[77.9361571,30.3728024],[77.9361331,30.3727847],[77.9355075,30.3719366]]}},{"type":"Feature","properties":{"c":"service"},"geometry":{"type":"LineString","coordinates":[[77.9366863,30.3723824],[77.9378992,30.3720391]]}},{"type":"Feature","properties":{"c":"service"},"geometry":{"type":"LineString","coordinates":[[77.935909,30.3783688],[77.9363912,30.3779272]]}},{"type":"Feature","properties":{"c":"residential"},"geometry":{"type":"LineString","coordinates":[[77.9684509,30.3945266],[77.9682828,30.3945486],[77.9681237,30.394563],[77.9680893,30.3945683],[77.9677358,30.3946669],[77.9674081,30.3947661],[77.9673464,30.3947848],[77.9670647,30.3948564],[77.9669969,30.394883],[77.9668263,30.3949851],[77.9667791,30.395004],[77.966614,30.3950665],[77.966552,30.3950899],[77.9662844,30.3951908],[77.9661523,30.3952443],[77.9660203,30.3953085],[77.9659689,30.3953391],[77.9659245,30.3953728],[77.9659134,30.395391],[77.9659133,30.3954089],[77.9659185,30.3954253],[77.9660123,30.3955674],[77.9662273,30.395862],[77.9663458,30.3960243],[77.9665696,30.3963339],[77.9666579,30.3964805],[77.96673,30.39664],[77.9667603,30.3967708],[77.9667637,30.3968739],[77.9667537,30.3969375],[77.9667233,30.3970118],[77.966592,30.3972371],[77.9665735,30.3972845],[77.9665674,30.3973234],[77.9665658,30.3975724],[77.9665594,30.3976057],[77.9665423,30.3976403],[77.9665133,30.3976665],[77.9664608,30.3976825],[77.966387,30.3976771],[77.9660249,30.3976123],[77.9659608,30.3975978],[77.9659038,30.397566],[77.9658522,30.3975241],[77.9658235,30.3974843],[77.9657043,30.3972458],[77.9656464,30.39713],[77.9654945,30.3969342],[77.9652507,30.3966813],[77.9651326,30.3965679],[77.9650143,30.3964761],[77.9649102,30.3964042],[77.9647458,30.3963225],[77.9646274,30.3962637],[77.9645965,30.3962473],[77.9645647,30.3962355],[77.9645329,30.3962357],[77.964505,30.3962419],[77.9641818,30.3963346],[77.9641258,30.3963314],[77.9640682,30.3963185],[77.9640178,30.3962885],[77.9633136,30.3956992],[77.9632176,30.3955921],[77.9630606,30.3954202],[77.9629966,30.3953675],[77.9626303,30.3951093],[77.9623733,30.3948945],[77.9622502,30.39472],[77.9621849,30.3945884],[77.9619716,30.3939672],[77.9617685,30.3935351],[77.9616318,30.3932968],[77.961481,30.3930176],[77.9614746,30.3930057],[77.9612862,30.3927479],[77.9611261,30.3925596],[77.9605797,30.3920455],[77.9596302,30.3912551],[77.9594736,30.3911515],[77.9593609,30.3911],[77.9592955,30.3910701],[77.9585209,30.3908183],[77.9583693,30.3907381],[77.9582806,30.3906724],[77.958187,30.39058],[77.9574995,30.3897818],[77.9574866,30.389755],[77.9574909,30.3897249],[77.9575209,30.3896902],[77.9577632,30.3895201],[77.9577829,30.3895009],[77.9577984,30.3894811],[77.9578129,30.3894531],[77.9578179,30.3894209],[77.9578111,30.3893957],[77.957481,30.3888088],[77.9569844,30.3880295],[77.9569513,30.3879329],[77.9569506,30.3878705],[77.956972,30.3878157],[77.957018,30.3877641],[77.9570731,30.3877294],[77.9575008,30.3875451],[77.9576447,30.3874885],[77.9577622,30.3874594],[77.9580175,30.387416],[77.9580217,30.3874153],[77.9580985,30.3873804],[77.9581395,30.3873294],[77.9581512,30.3872732],[77.9581402,30.3871764],[77.9577731,30.3862133],[77.9577513,30.3860889],[77.9577675,30.3860032],[77.9577857,30.3859533],[77.9578205,30.3858949],[77.9579318,30.3857529],[77.9579847,30.3856878],[77.9581414,30.3854989],[77.9582386,30.3853653],[77.9582984,30.3852369],[77.9583207,30.3851241],[77.9583471,30.3849901],[77.9583351,30.3848004],[77.9583228,30.3846952],[77.9582888,30.3845528],[77.9582521,30.3844404],[77.9582035,30.3843425],[77.9581399,30.3842474],[77.9580664,30.3841612],[77.9576015,30.3838157],[77.9575384,30.3837555],[77.9574157,30.3836186],[77.9572713,30.3834582],[77.9570657,30.3832338],[77.956861,30.3829575],[77.9565223,30.3824109],[77.9564828,30.3823757],[77.9564158,30.3823372],[77.9563837,30.3823402],[77.9563488,30.3823434],[77.9562848,30.3823626],[77.9556833,30.3826131],[77.955537,30.3826698],[77.9553916,30.3827086],[77.9551842,30.3827493],[77.9547219,30.3828318],[77.9543244,30.3829187],[77.9537509,30.3830579],[77.9532432,30.3831789],[77.9531653,30.3831975],[77.9526826,30.3832893],[77.9523273,30.3833705],[77.9521068,30.3834211],[77.9518438,30.3835162],[77.9517299,30.3835571],[77.9515889,30.3836076],[77.9513557,30.3837072],[77.9510338,30.3838446],[77.9508796,30.3838921],[77.950741,30.3839196],[77.9506364,30.3839267],[77.9505414,30.3839233],[77.9504517,30.3839131],[77.9503506,30.3838735],[77.9502866,30.3838175],[77.9499202,30.3831962],[77.9498455,30.3830695]]}},{"type":"Feature","properties":{"c":"service"},"geometry":{"type":"LineString","coordinates":[[77.9713758,30.4100263],[77.9718279,30.4099054],[77.972213,30.409839],[77.9723701,30.4098071],[77.9725734,30.409754],[77.9730278,30.4096151],[77.97318,30.4095447],[77.9733036,30.4094983],[77.9736165,30.4094107]]}},{"type":"Feature","properties":{"c":"service"},"geometry":{"type":"LineString","coordinates":[[77.9732616,30.4098981],[77.9737332,30.4097826],[77.9737506,30.4097682],[77.973758,30.409751],[77.9737559,30.4097346],[77.9736165,30.4094107],[77.973516,30.4092132],[77.9734462,30.4090975],[77.9733497,30.4089958],[77.9732531,30.4088293],[77.9731995,30.4086905],[77.9731171,30.4085233],[77.9729259,30.4081355],[77.9726151,30.407712],[77.9725579,30.4076204],[77.9722547,30.4067428],[77.9722345,30.4066991],[77.9720696,30.406454],[77.9719951,30.406337],[77.9719102,30.4061202],[77.9718076,30.4058425]]}},{"type":"Feature","properties":{"c":"service"},"geometry":{"type":"LineString","coordinates":[[77.9718279,30.4099054],[77.9717304,30.4096435],[77.9716191,30.4092977]]}},{"type":"Feature","properties":{"c":"residential"},"geometry":{"type":"LineString","coordinates":[[77.9694362,30.4093114],[77.9695878,30.4096431],[77.9697425,30.4099376]]}},{"type":"Feature","properties":{"c":"service"},"geometry":{"type":"LineString","coordinates":[[77.9699088,30.40908],[77.9703099,30.4094029]]}},{"type":"Feature","properties":{"c":"service"},"geometry":{"type":"LineString","coordinates":[[77.9700755,30.4084428],[77.970796,30.4084095]]}},{"type":"Feature","properties":{"c":"service"},"geometry":{"type":"LineString","coordinates":[[77.9731171,30.4085233],[77.9727386,30.4085647],[77.9726147,30.40858],[77.9709725,30.4088608]]}},{"type":"Feature","properties":{"c":"service"},"geometry":{"type":"LineString","coordinates":[[77.9722547,30.4067428],[77.9710437,30.4068709]]}},{"type":"Feature","properties":{"c":"service"},"geometry":{"type":"LineString","coordinates":[[77.9699872,30.4058311],[77.9694973,30.4059066],[77.9693572,30.4059368],[77.9686854,30.4061131],[77.9685603,30.4061459],[77.967588,30.4063663],[77.9673605,30.4064144],[77.9653174,30.4068461]]}},{"type":"Feature","properties":{"c":"service"},"geometry":{"type":"LineString","coordinates":[[77.9673605,30.4064144],[77.9674287,30.4066875],[77.9674307,30.406712],[77.9674226,30.4067348],[77.9673901,30.4067488],[77.9656138,30.4071421]]}},{"type":"Feature","properties":{"c":"service"},"geometry":{"type":"LineString","coordinates":[[77.9686854,30.4061131],[77.9685825,30.4054978]]}},{"type":"Feature","properties":{"c":"residential"},"geometry":{"type":"LineString","coordinates":[[77.9698086,30.4049682],[77.9682955,30.4053667],[77.968257,30.4053763],[77.9682337,30.4053763],[77.9682197,30.4053663],[77.9682092,30.4053461],[77.9679428,30.4048166],[77.9679374,30.4048019],[77.967941,30.4047854],[77.9679505,30.4047754],[77.9682578,30.4046365]]}},{"type":"Feature","properties":{"c":"residential"},"geometry":{"type":"LineString","coordinates":[[77.9696752,30.4045068],[77.9685511,30.4047457]]}},{"type":"Feature","properties":{"c":"residential"},"geometry":{"type":"LineString","coordinates":[[77.9666296,30.408099],[77.9667325,30.4081802],[77.9667595,30.4081916],[77.9668845,30.408211],[77.9669878,30.4082345],[77.9670051,30.4082384],[77.9670721,30.4082499],[77.967112,30.4082459],[77.9671565,30.4082287],[77.9675398,30.4079928],[77.9677426,30.4078774],[77.9679268,30.407778],[77.9679378,30.4077746],[77.9679488,30.407775],[77.9679601,30.4077796],[77.9681631,30.4079445],[77.968188,30.407956],[77.9682045,30.4079572],[77.9685031,30.4078287],[77.9686375,30.4077911],[77.9687905,30.4077655],[77.9688105,30.407763],[77.9691748,30.4077174],[77.9694496,30.4076829],[77.9694974,30.4076732],[77.9696856,30.4076086],[77.9697107,30.4076021],[77.9697345,30.407599],[77.9700337,30.4075815]]}},{"type":"Feature","properties":{"c":"residential"},"geometry":{"type":"LineString","coordinates":[[77.9690629,30.4097127],[77.9688804,30.4093287],[77.9688102,30.4091659],[77.968715,30.4089542]]}},{"type":"Feature","properties":{"c":"service"},"geometry":{"type":"LineString","coordinates":[[77.9688105,30.407763],[77.96891,30.4081694],[77.9689949,30.4084319]]}},{"type":"Feature","properties":{"c":"service"},"geometry":{"type":"LineString","coordinates":[[77.9691748,30.4077174],[77.9692719,30.408038]]}},{"type":"Feature","properties":{"c":"residential"},"geometry":{"type":"LineString","coordinates":[[77.9669878,30.4082345],[77.9668153,30.4083604],[77.9665222,30.4085235],[77.9662023,30.4086776]]}},{"type":"Feature","properties":{"c":"residential"},"geometry":{"type":"LineString","coordinates":[[77.9682045,30.4079572],[77.9682555,30.4080979],[77.9683986,30.4084038]]}},{"type":"Feature","properties":{"c":"residential"},"geometry":{"type":"LineString","coordinates":[[77.9629429,30.4006657],[77.9619192,30.4008843],[77.9617637,30.4009175],[77.9617455,30.4009237],[77.9617273,30.4009331],[77.961715,30.4009431],[77.9617055,30.4009572],[77.9617004,30.4009706],[77.9616999,30.4009905],[77.9618173,30.4017123],[77.9618265,30.4019768],[77.9618849,30.4026695],[77.9618846,30.4026793],[77.9618823,30.4026913],[77.9618171,30.4029334],[77.9618151,30.40295],[77.9618138,30.4029606],[77.9618143,30.4029746],[77.9618193,30.4029886],[77.9620317,30.4032573],[77.9621045,30.4033558],[77.9621625,30.4034372],[77.962222,30.4034988],[77.9626222,30.4038366],[77.962722,30.4039205],[77.9628067,30.4039684],[77.9629028,30.4040064],[77.9629879,30.4040293],[77.963073,30.4040402],[77.9631852,30.4040457],[77.9632814,30.4040545],[77.9633721,30.4040707],[77.9634627,30.4040934],[77.9635768,30.4041276],[77.9637304,30.4041751],[77.9638026,30.4041939],[77.9638657,30.404203],[77.9639164,30.404206],[77.9639644,30.4042039],[77.9640021,30.4041972],[77.9640343,30.404185],[77.9640629,30.4041686],[77.9642345,30.4040545],[77.9643037,30.4040116],[77.9643802,30.4039766],[77.9645335,30.4039199],[77.9646437,30.4038699],[77.9648364,30.4037699],[77.9649753,30.4036976],[77.9652402,30.4035413],[77.965279,30.4035256],[77.9653223,30.4035197],[77.9653622,30.4035227],[77.965393,30.4035325],[77.9654181,30.4035502],[77.9654386,30.4035748],[77.9654534,30.4036003],[77.9655173,30.4037675],[77.9655328,30.4038085],[77.9655518,30.4038413],[77.9655742,30.4038681],[77.9656036,30.4038919],[77.9656399,30.4039113],[77.9658488,30.4040216],[77.9659059,30.4040517],[77.9660012,30.4041099],[77.9660389,30.4041372],[77.9660638,30.4041673],[77.9660866,30.4042025],[77.9661024,30.4042452],[77.9661813,30.4044517],[77.9662026,30.4044796],[77.9662304,30.4044992],[77.9662612,30.4045106],[77.9662988,30.4045146],[77.9663347,30.4045081],[77.9663586,30.4044967],[77.9663764,30.4044832],[77.9663931,30.4044466],[77.9664013,30.4043999],[77.9663999,30.4043609],[77.9663902,30.4043103],[77.966365,30.404229],[77.966334,30.4041619],[77.9662982,30.4041164],[77.966069,30.4038832],[77.9659039,30.4036944],[77.9658912,30.4036779],[77.9658776,30.4036562],[77.9657492,30.403382],[77.9662478,30.4032213],[77.9666791,30.4030854],[77.9670948,30.4029617],[77.9671919,30.4029296],[77.9672914,30.4028817],[77.967533,30.4027676],[77.9679584,30.4025827],[77.9682135,30.402511],[77.9683593,30.402478],[77.9684647,30.4024619],[77.9687072,30.4024283],[77.9689781,30.4023825]]}},{"type":"Feature","properties":{"c":"residential"},"geometry":{"type":"LineString","coordinates":[[77.9520179,30.4105606],[77.9520287,30.410538],[77.9520272,30.4105154],[77.9520179,30.4104928],[77.9517281,30.4101865],[77.9515553,30.4099704],[77.9515268,30.4099511],[77.9514943,30.4099459],[77.9514557,30.4099564],[77.9511812,30.4101352],[77.9511731,30.4101598]]}},{"type":"Feature","properties":{"c":"service"},"geometry":{"type":"LineString","coordinates":[[77.9685151,30.4164105],[77.9685486,30.4164132],[77.9685789,30.4164256],[77.9686025,30.4164462],[77.9686165,30.4164725],[77.9686192,30.4165013],[77.9686104,30.4165292],[77.9685911,30.4165528]]}},{"type":"Feature","properties":{"c":"service"},"geometry":{"type":"LineString","coordinates":[[77.9524332,30.4141516],[77.9520677,30.413552]]}},{"type":"Feature","properties":{"c":"residential"},"geometry":{"type":"LineString","coordinates":[[77.9639491,30.336763],[77.9638505,30.33676],[77.9636782,30.3367547],[77.9636032,30.3367595],[77.9635448,30.3367686],[77.9633141,30.3368477]]}},{"type":"Feature","properties":{"c":"secondary"},"geometry":{"type":"LineString","coordinates":[[77.9560393,30.3387944],[77.9561077,30.3387267],[77.9561546,30.3386746],[77.9564732,30.3381346],[77.9565167,30.338053],[77.9565342,30.3380206],[77.9565697,30.3379234],[77.9565811,30.3378447],[77.9565892,30.337755],[77.9565952,30.337641],[77.9565536,30.3371757],[77.9565355,30.3368252],[77.9565436,30.3367636],[77.9565731,30.3366496],[77.9565945,30.3365929],[77.9566133,30.3365489],[77.9566535,30.3364991],[77.9566884,30.3364771],[77.9567367,30.3364505],[77.9568158,30.3364331],[77.956915,30.3364401],[77.9570022,30.3364644],[77.9571216,30.3365257],[77.9573496,30.3366554],[77.9574944,30.3367075],[77.9576325,30.3367445],[77.9577868,30.3367781],[77.9579276,30.3367885],[77.9580778,30.3367908],[77.958224,30.3367653],[77.9583366,30.3367295],[77.958405,30.3366889],[77.9585405,30.336601],[77.9586545,30.3365419],[77.9587564,30.3364991],[77.9588476,30.3364644],[77.9589401,30.3364447],[77.9590595,30.3364285],[77.9593934,30.3364112],[77.9599915,30.3363776],[77.9611073,30.3363139],[77.9620401,30.3362325],[77.9626738,30.3361878],[77.9637645,30.3361111],[77.9639981,30.3360963],[77.9640712,30.3360905],[77.9641436,30.3360685]]}},{"type":"Feature","properties":{"c":"secondary"},"geometry":{"type":"LineString","coordinates":[[77.9560393,30.3387944],[77.9560071,30.3388557],[77.9553661,30.3398916],[77.9553057,30.3400143],[77.9552655,30.3401185],[77.9551221,30.3407971],[77.9550833,30.3409231],[77.9549999,30.3412049],[77.9548232,30.3417763]]}},{"type":"Feature","properties":{"c":"secondary"},"geometry":{"type":"LineString","coordinates":[[77.9641436,30.3360685],[77.9640772,30.3360587],[77.9639954,30.3360581],[77.9637614,30.3360662],[77.9625638,30.3361472],[77.9620354,30.3361878],[77.9611033,30.3362642],[77.9599627,30.3363276],[77.9593693,30.3363475],[77.9590608,30.3363568],[77.95892,30.3363718],[77.9588154,30.3363926],[77.9586974,30.3364366],[77.9585941,30.3364864],[77.9584895,30.33655],[77.9583594,30.3366322],[77.9582749,30.3366762],[77.9581811,30.3367098],[77.9580764,30.3367214],[77.9579423,30.3367263],[77.9577975,30.3367109],[77.9576688,30.3366843],[77.9575226,30.3366426],[77.9574153,30.3366056],[77.9571417,30.3364505],[77.9570425,30.3364007],[77.9569392,30.3363695],[77.9568145,30.3363579],[77.9567058,30.3363706],[77.9566737,30.3363778],[77.9566227,30.3364025],[77.9565704,30.33644],[77.9565342,30.3364933],[77.956506,30.3365547],[77.9564832,30.3366207],[77.9564644,30.3367046],[77.9564618,30.3369291],[77.9564685,30.3371728],[77.9565074,30.3376404],[77.9565033,30.3377446],[77.9564953,30.3378314],[77.9564792,30.3378985],[77.9564551,30.3379668],[77.9564323,30.3380212],[77.9563934,30.3380976],[77.9560889,30.3386404],[77.9560634,30.3387133],[77.9560393,30.3387944]]}},{"type":"Feature","properties":{"c":"residential"},"geometry":{"type":"LineString","coordinates":[[77.9655732,30.3368371],[77.9655826,30.33652]]}},{"type":"Feature","properties":{"c":"residential"},"geometry":{"type":"LineString","coordinates":[[77.9515798,30.4084302],[77.9509584,30.4087252],[77.9508751,30.408755],[77.9507633,30.4087918],[77.9505702,30.4088567],[77.9504584,30.408897],[77.9503811,30.4089286],[77.9502795,30.4089776],[77.9499313,30.4091698],[77.9499167,30.4091821],[77.9499007,30.4091967],[77.9497845,30.4093291],[77.9497652,30.409351],[77.9497459,30.4093677],[77.9492354,30.4096244]]}},{"type":"Feature","properties":{"c":"residential"},"geometry":{"type":"LineString","coordinates":[[77.9618151,30.40295],[77.9626995,30.4025626],[77.9627224,30.4025581],[77.9627512,30.4025606],[77.9627681,30.4025735],[77.9628208,30.4026405],[77.9628428,30.4026535],[77.9628723,30.4026577],[77.962898,30.4026548],[77.9639751,30.4022315]]}},{"type":"Feature","properties":{"c":"service"},"geometry":{"type":"LineString","coordinates":[[77.9627512,30.4025606],[77.9629633,30.4024591],[77.9629799,30.4024461],[77.9629896,30.4024293],[77.9629896,30.4024118],[77.9629851,30.4023936],[77.9628362,30.402108]]}},{"type":"Feature","properties":{"c":"residential"},"geometry":{"type":"LineString","coordinates":[[77.9657492,30.403382],[77.9657023,30.4032919],[77.9656431,30.4032018],[77.9655777,30.4031057],[77.9655184,30.4030123],[77.9654662,30.4029355],[77.9654108,30.402868],[77.9653251,30.4027869],[77.9652371,30.4027118],[77.9651111,30.4026082],[77.9650735,30.402569],[77.9650429,30.4025263],[77.965019,30.4024596],[77.9650193,30.4024034],[77.9650513,30.40227],[77.9648009,30.4017933]]}},{"type":"Feature","properties":{"c":"residential"},"geometry":{"type":"LineString","coordinates":[[77.9650513,30.40227],[77.9654406,30.4021369],[77.9659033,30.4019427]]}},{"type":"Feature","properties":{"c":"service"},"geometry":{"type":"LineString","coordinates":[[77.9664013,30.4043999],[77.9664948,30.4046756],[77.9666096,30.4050278],[77.9666169,30.4050385],[77.9666283,30.4050441],[77.9666459,30.4050456],[77.966665,30.4050418],[77.9674793,30.4047516],[77.9675124,30.4047381],[77.9675263,30.40472],[77.9675211,30.404696],[77.9674622,30.4045975],[77.9674589,30.4045847],[77.9674622,30.4045742],[77.9674711,30.4045634],[77.9678016,30.4044014]]}},{"type":"Feature","properties":{"c":"service"},"geometry":{"type":"LineString","coordinates":[[77.9673395,30.4040016],[77.9668697,30.4041737],[77.9663999,30.4043609]]}},{"type":"Feature","properties":{"c":"residential"},"geometry":{"type":"LineString","coordinates":[[77.9640343,30.404185],[77.9640575,30.4043322],[77.9640666,30.4044065],[77.9640651,30.4045217],[77.9640332,30.4047624],[77.9639931,30.4050222],[77.9639765,30.4050707],[77.9639726,30.4050917],[77.9640128,30.4054467],[77.9640226,30.4054977],[77.9640408,30.4055448],[77.9640628,30.4055854],[77.964188,30.4057319],[77.9642259,30.4057738],[77.9642547,30.405817],[77.9643427,30.4059824],[77.9644266,30.406104],[77.9644546,30.4061334],[77.964488,30.4061524],[77.9645252,30.4061589],[77.9645676,30.4061537],[77.9646101,30.4061406],[77.9649985,30.4059221]]}},{"type":"Feature","properties":{"c":"residential"},"geometry":{"type":"LineString","coordinates":[[77.9681193,30.3928862],[77.9677961,30.3929767],[77.9677578,30.3929827],[77.9677262,30.3929813],[77.9676978,30.3929693],[77.9676124,30.3929128],[77.9675863,30.3929016],[77.9675582,30.3928967],[77.9671252,30.3928992],[77.9670993,30.3928911],[77.9670762,30.3928708],[77.9669831,30.3927324],[77.9669662,30.3927199],[77.9669475,30.3927165],[77.9669189,30.392718],[77.9668743,30.3927259],[77.966366,30.3929124],[77.9660352,30.3930511],[77.9657141,30.3932301],[77.9656977,30.3932351],[77.9656839,30.3932343],[77.9656704,30.3932256],[77.9653393,30.3928576],[77.9652737,30.3928076],[77.9651866,30.3927643],[77.9650418,30.3927008],[77.964885,30.3926058],[77.9647675,30.3925277],[77.964732,30.3924914],[77.9645629,30.392287],[77.9645452,30.392271],[77.9645265,30.3922596],[77.9641574,30.3920464],[77.9641091,30.3920105],[77.964036,30.3919439],[77.9639778,30.3918659],[77.9639502,30.3918054],[77.9637257,30.3912527],[77.9637217,30.3912253],[77.9637367,30.391109],[77.9637643,30.3909907],[77.9637697,30.3909031],[77.963766,30.3908423],[77.9637553,30.3907846],[77.9637388,30.3907342],[77.9637116,30.3906931],[77.9635495,30.3905022],[77.9635025,30.3904541],[77.9634591,30.3904215],[77.9633437,30.390365],[77.9632891,30.3903228],[77.9629678,30.3899031],[77.9629372,30.3898288],[77.9629237,30.3897663],[77.9629757,30.3894824],[77.9629473,30.3891971],[77.9629297,30.3888418],[77.9628975,30.3887416],[77.962711,30.3883492],[77.9625409,30.3880067],[77.9623424,30.3877214]]}},{"type":"Feature","properties":{"c":"residential"},"geometry":{"type":"LineString","coordinates":[[77.9669662,30.3927199],[77.9668053,30.3923521]]}},{"type":"Feature","properties":{"c":"residential"},"geometry":{"type":"LineString","coordinates":[[77.9689231,30.3913648],[77.9681906,30.3913796],[77.9680066,30.3913871],[77.9678262,30.3914038],[77.9677025,30.3914158],[77.9676475,30.3914212],[77.9674617,30.3914478]]}},{"type":"Feature","properties":{"c":"residential"},"geometry":{"type":"LineString","coordinates":[[77.9677025,30.3914158],[77.9677121,30.3915503],[77.9677093,30.3915684],[77.9677002,30.3915831],[77.9676841,30.3915946],[77.9676634,30.3916017],[77.9672939,30.3916667],[77.9672741,30.3916687],[77.9672507,30.3916657],[77.9672309,30.3916536],[77.9672145,30.3916305],[77.9670661,30.3913284],[77.9670469,30.3913017],[77.9670428,30.3912856],[77.9670453,30.3912711],[77.9670516,30.3912527],[77.9670564,30.3912367],[77.9670558,30.3912212],[77.9670439,30.3912062],[77.9670063,30.391174],[77.9669929,30.3911528],[77.9669837,30.3911263],[77.9669787,30.3910662],[77.9669868,30.3910346],[77.9670037,30.3910014],[77.9670207,30.3909548],[77.9670238,30.3909163],[77.9670145,30.39081],[77.9669914,30.3907701],[77.9669606,30.3907382],[77.9668304,30.3906256],[77.9668049,30.3905975],[77.9667804,30.3905599],[77.9667396,30.3904769],[77.9666834,30.3903472],[77.966618,30.3902228],[77.9665889,30.3901924],[77.9665635,30.3901725],[77.9665131,30.390143],[77.9664952,30.3901209],[77.966487,30.3900926],[77.9664843,30.3900662],[77.9664843,30.3900338],[77.9664773,30.3899875],[77.966464,30.3899479],[77.9662952,30.3895822],[77.9662892,30.3895746],[77.9662825,30.3895677],[77.9662694,30.3895613],[77.9662547,30.3895603],[77.9662374,30.3895628],[77.9662241,30.3895661],[77.965657,30.3897585]]}},{"type":"Feature","properties":{"c":"unclassified"},"geometry":{"type":"LineString","coordinates":[[77.9153985,30.397324],[77.9153569,30.3972186],[77.9153153,30.3971562],[77.9151839,30.3970463],[77.9150529,30.39695],[77.9148285,30.3967849],[77.9146408,30.3966181],[77.9145603,30.3965466],[77.914494,30.3964782],[77.9142451,30.3962215],[77.9142166,30.3961862],[77.9140909,30.3960306],[77.9140518,30.3959752],[77.9138669,30.3957137],[77.9136135,30.3953956],[77.9135826,30.3953447],[77.9135752,30.3953316],[77.913529,30.3952498],[77.9134552,30.3951503],[77.9134473,30.3951399],[77.9133198,30.394971],[77.9131521,30.394727],[77.9129496,30.3944019],[77.9129282,30.3943749],[77.9128075,30.3942226],[77.912664,30.3940595],[77.9125071,30.3939461],[77.9122536,30.3938177],[77.9119733,30.3937148],[77.9119363,30.3936984],[77.9117413,30.3936118],[77.9117224,30.3936015],[77.9115522,30.3935083],[77.9115026,30.3934811],[77.9111646,30.3933029],[77.9110439,30.3932289],[77.9108575,30.3930565],[77.9107797,30.3929235],[77.9106042,30.3927113],[77.910537,30.392646],[77.9103378,30.3924526],[77.9101871,30.3923108],[77.9099861,30.3921689],[77.9098627,30.3920691],[77.9097211,30.3919299],[77.9095987,30.3918113],[77.9094968,30.3917125],[77.9094745,30.3916909],[77.9092796,30.391507],[77.9091259,30.3913971],[77.9090832,30.3913691],[77.9089934,30.3913102],[77.9087896,30.3911421],[77.9087147,30.3910763],[77.9087054,30.3910554],[77.908704,30.391024],[77.908714,30.3909859],[77.9087254,30.39096],[77.9087396,30.3909391],[77.9088017,30.3908339],[77.9088074,30.3908037],[77.9088067,30.3907804],[77.9087953,30.3907557],[77.908776,30.390733],[77.9087305,30.3906973],[77.9086946,30.3906733],[77.9083373,30.3904349],[77.9083217,30.3904091],[77.9083217,30.3903801],[77.9083301,30.3903439],[77.9083493,30.3903097],[77.9086852,30.3899765],[77.9086969,30.3899517],[77.9086888,30.3899196],[77.9086706,30.3898882],[77.9086484,30.3898613],[77.9086121,30.3898351],[77.9085437,30.3897988],[77.9084174,30.3897316],[77.9081179,30.3895724],[77.9079908,30.3895367],[77.9077618,30.3894036],[77.9073785,30.3891766],[77.9072396,30.3891037],[77.9070997,30.3890303],[77.9068764,30.3889132],[77.9064421,30.3886922],[77.9061692,30.3885221],[77.9061129,30.3885023],[77.9060654,30.3884929],[77.9060015,30.3884785],[77.9059583,30.3884884],[77.9059168,30.3885061],[77.9058654,30.3885183],[77.9046414,30.3886982],[77.904268,30.3887766],[77.9041568,30.3888126],[77.9041009,30.3888343],[77.9040271,30.388878],[77.9037121,30.389125],[77.9033285,30.3894478],[77.9031389,30.389628],[77.9026923,30.3900368],[77.902666,30.3900608],[77.9024229,30.3902873],[77.9023015,30.3903958],[77.9022406,30.3904449],[77.9022294,30.3904539],[77.9022126,30.3904677],[77.9021638,30.3905078],[77.9019268,30.3906896],[77.9018136,30.3907825],[77.9017567,30.3908291],[77.9016897,30.3908823],[77.9016241,30.3909356],[77.9015825,30.3909749],[77.9014351,30.3911346]]}},{"type":"Feature","properties":{"c":"residential"},"geometry":{"type":"LineString","coordinates":[[77.9072593,30.3958554],[77.9075584,30.3956339],[77.9079312,30.3953748],[77.9080919,30.3952559],[77.9082705,30.3951237],[77.9086246,30.3948704],[77.9086687,30.3948307],[77.9089008,30.3946217],[77.9090765,30.3944725],[77.9091176,30.3944414],[77.9092444,30.3943457],[77.9093675,30.3942527],[77.9095902,30.3940676],[77.9097015,30.3939855],[77.909904,30.3938721],[77.9100662,30.3937599],[77.9100958,30.3937355],[77.9101279,30.393709],[77.9101456,30.3936929],[77.9102567,30.3935921],[77.9106161,30.3932891],[77.9108575,30.3930565],[77.911064,30.3928749],[77.9113068,30.3926598],[77.9114878,30.3925244],[77.9116675,30.3923636],[77.9117654,30.3922734],[77.9120162,30.3921323],[77.9120766,30.392108],[77.9121691,30.3920756],[77.9122576,30.3920571],[77.9123273,30.3920258],[77.9124212,30.3919576],[77.9125231,30.3918859],[77.9125946,30.3917952],[77.9126042,30.3917869],[77.9132226,30.3912519],[77.9139876,30.390593],[77.9142767,30.3903629],[77.914535,30.3901739],[77.9145902,30.3901424],[77.9146443,30.3901303],[77.9146983,30.3901295],[77.9147538,30.3901405],[77.9148056,30.3901638],[77.9152147,30.3904343]]}},{"type":"Feature","properties":{"c":"residential"},"geometry":{"type":"LineString","coordinates":[[77.9150465,30.3913993],[77.9147547,30.3911622],[77.9140774,30.3906603],[77.9139876,30.390593]]}},{"type":"Feature","properties":{"c":"residential"},"geometry":{"type":"LineString","coordinates":[[77.9626303,30.3951093],[77.963381,30.3947651],[77.9634996,30.3947163],[77.9636305,30.3946705],[77.9639209,30.3945839],[77.9639685,30.3945697],[77.9642661,30.3944625],[77.9642765,30.3944534],[77.9642802,30.3944422],[77.9642774,30.3944286],[77.9637655,30.3936117],[77.963752,30.3935851],[77.9637279,30.3935665],[77.9636837,30.3935665],[77.9633967,30.3936452],[77.9633631,30.3936602],[77.9633444,30.3936822],[77.9633604,30.3937227],[77.9639209,30.3945839]]}},{"type":"Feature","properties":{"c":"residential"},"geometry":{"type":"LineString","coordinates":[[77.9645647,30.3962355],[77.9646549,30.3961634],[77.9646754,30.3961389],[77.9646814,30.3961119],[77.9646797,30.396084],[77.9646726,30.3960625],[77.9643018,30.3954139],[77.9642926,30.395398],[77.9642941,30.3953767],[77.9643064,30.3953568],[77.9643372,30.3953342],[77.964612,30.3952149]]}},{"type":"Feature","properties":{"c":"residential"},"geometry":{"type":"LineString","coordinates":[[77.9693441,30.3997383],[77.9691439,30.3997732],[77.9690502,30.3997907],[77.9689891,30.3998029],[77.9689351,30.3998125],[77.9688877,30.3998173],[77.9688291,30.3998178],[77.9686688,30.3998164],[77.9686152,30.3998173],[77.9685554,30.3998248],[77.9684669,30.399844],[77.967893,30.4000213],[77.9676775,30.4000859]]}},{"type":"Feature","properties":{"c":"residential"},"geometry":{"type":"LineString","coordinates":[[77.9691565,30.3982589],[77.9688335,30.3983399],[77.9677488,30.3986681],[77.9673559,30.3988009]]}},{"type":"Feature","properties":{"c":"residential"},"geometry":{"type":"LineString","coordinates":[[77.9689468,30.3969578],[77.9682854,30.3970501],[77.9673339,30.3971633],[77.9665735,30.3972845]]}},{"type":"Feature","properties":{"c":"residential"},"geometry":{"type":"LineString","coordinates":[[77.9641258,30.3963314],[77.9640993,30.3963649],[77.9640604,30.3963938],[77.9639201,30.396473],[77.9637104,30.3965916]]}},{"type":"Feature","properties":{"c":"residential"},"geometry":{"type":"LineString","coordinates":[[77.9639201,30.396473],[77.9641451,30.3970326],[77.9641504,30.39705],[77.9641504,30.3970662],[77.9641384,30.3970801],[77.9640297,30.3971287],[77.9640136,30.3971368],[77.9640069,30.3971529],[77.9640083,30.3971726],[77.964015,30.39719],[77.9641787,30.3976014],[77.9641883,30.3976229],[77.9642046,30.3976396],[77.9642289,30.3976492],[77.9642594,30.3976492],[77.9644617,30.3975905],[77.9645003,30.39758],[77.96454,30.3975703],[77.9645867,30.3975642],[77.9647058,30.3975474],[77.9647689,30.3975328],[77.9648182,30.3975148],[77.9648614,30.3974969],[77.9651402,30.397364],[77.9652033,30.3973348],[77.9652835,30.3973056],[77.965382,30.3972803],[77.9655176,30.3972617],[77.9657043,30.3972458]]}},{"type":"Feature","properties":{"c":"service"},"geometry":{"type":"LineString","coordinates":[[77.9641451,30.3970326],[77.9643118,30.3969985],[77.9643533,30.3969904],[77.9645518,30.3969302]]}},{"type":"Feature","properties":{"c":"residential"},"geometry":{"type":"LineString","coordinates":[[77.9660249,30.3976123],[77.9661407,30.3978753],[77.9661599,30.3979162],[77.9661757,30.3979498],[77.9662382,30.3981173],[77.9662491,30.3981426],[77.9662695,30.3981654],[77.9662957,30.39817],[77.9663285,30.3981665],[77.9668712,30.3980193]]}},{"type":"Feature","properties":{"c":"residential"},"geometry":{"type":"LineString","coordinates":[[77.9662273,30.395862],[77.9667111,30.3957319],[77.9669023,30.3956876],[77.9670376,30.3956645],[77.9670633,30.3956601],[77.9672863,30.3956357],[77.9674402,30.3956097],[77.9676129,30.3955752],[77.9679888,30.3954999],[77.9687155,30.3953304]]}},{"type":"Feature","properties":{"c":"residential"},"geometry":{"type":"LineString","coordinates":[[77.9676129,30.3955752],[77.9675508,30.3953342],[77.9675446,30.3952824],[77.9675142,30.3951525],[77.9674722,30.395024],[77.9674081,30.3947661]]}},{"type":"Feature","properties":{"c":"residential"},"geometry":{"type":"LineString","coordinates":[[77.9661599,30.3979162],[77.9655789,30.3980681],[77.9650341,30.3982437],[77.9649751,30.3982627],[77.96494,30.3982723],[77.9649153,30.3982763],[77.9648891,30.398275],[77.9648737,30.398267],[77.9648537,30.3982484],[77.9647751,30.3980651]]}},{"type":"Feature","properties":{"c":"residential"},"geometry":{"type":"LineString","coordinates":[[77.9650341,30.3982437],[77.9655043,30.3994426],[77.9657128,30.3999817],[77.9656375,30.4000359],[77.9656345,30.4000454],[77.9656362,30.4000553],[77.9656974,30.4002086],[77.965711,30.400223],[77.965728,30.4002321],[77.9657865,30.4002517],[77.9658051,30.4002668],[77.9658203,30.4002915],[77.9658818,30.4004309],[77.9661056,30.4009389],[77.9662887,30.4013278],[77.9663051,30.4013466],[77.9663325,30.4013642],[77.9663656,30.4013654],[77.9672272,30.4011481],[77.9672549,30.4011388],[77.967275,30.4011242],[77.9672827,30.4010963],[77.9672796,30.4010684],[77.9672287,30.4008412]]}},{"type":"Feature","properties":{"c":"service"},"geometry":{"type":"LineString","coordinates":[[77.9655043,30.3994426],[77.9665542,30.3990934],[77.9665851,30.3990841],[77.9666097,30.3990841],[77.9666359,30.3990973],[77.966716,30.3991691]]}},{"type":"Feature","properties":{"c":"residential"},"geometry":{"type":"LineString","coordinates":[[77.9658818,30.4004309],[77.9670443,30.4000323],[77.967066,30.4000236],[77.9670807,30.400012],[77.9670821,30.3999935],[77.9670781,30.3999739],[77.9669152,30.3995851]]}},{"type":"Feature","properties":{"c":"residential"},"geometry":{"type":"LineString","coordinates":[[77.9657128,30.3999817],[77.9669152,30.3995851],[77.9669992,30.3995312],[77.967,30.3995185],[77.9669441,30.3993835]]}},{"type":"Feature","properties":{"c":"residential"},"geometry":{"type":"LineString","coordinates":[[77.930537,30.3932066],[77.9302396,30.3930061],[77.9301005,30.3929109],[77.9300742,30.3928796],[77.9300579,30.3928468],[77.9300136,30.3927781],[77.9299665,30.3927383],[77.9299073,30.3926968],[77.9296068,30.39256],[77.9294834,30.3925009],[77.9294332,30.3924668],[77.9293967,30.3924143],[77.9293327,30.3923066],[77.9292962,30.3922619],[77.9292611,30.3922304],[77.9292216,30.392212],[77.9290739,30.3921687],[77.9289201,30.3921227],[77.9288602,30.3920954],[77.9288128,30.3920502],[77.9287828,30.3919991],[77.9287667,30.3919718],[77.9287373,30.3919088],[77.928654,30.3917542],[77.9285375,30.3915775],[77.9284735,30.3914869],[77.9284146,30.3914041],[77.928357,30.3913522],[77.9282802,30.3913036],[77.9280997,30.3912086],[77.9278321,30.3910474],[77.927521,30.3908619],[77.927142,30.3906222],[77.9270332,30.3905548],[77.9269704,30.3905173],[77.9269282,30.3904786],[77.9268898,30.3904289],[77.9268539,30.3903704],[77.9267387,30.3902202],[77.9266811,30.390165],[77.9266311,30.3901341],[77.9265057,30.3899971],[77.9264788,30.3899607],[77.9264724,30.3899331],[77.9264801,30.3899065],[77.9267105,30.3897387],[77.9267249,30.3897246],[77.9267321,30.3897004],[77.9267312,30.389677],[77.9267113,30.389652],[77.9265004,30.3894802],[77.9264325,30.3894162],[77.9262515,30.3892677],[77.926218,30.3892388],[77.9261823,30.3891974],[77.926148,30.3891482],[77.9260886,30.3890589],[77.9260061,30.3888846],[77.9259133,30.3887382],[77.9258132,30.3886108],[77.9258012,30.3885907],[77.925798,30.388576],[77.9257992,30.3885642],[77.9258159,30.3885448],[77.9259594,30.3884074],[77.9259775,30.3883824],[77.9259865,30.3883434],[77.9259721,30.3883035],[77.9257207,30.3880334],[77.9256705,30.3879848],[77.925605,30.3879178],[77.9255072,30.3877483],[77.9254265,30.3876445],[77.9253074,30.387512],[77.9251538,30.3873397],[77.9249425,30.3870978],[77.9247991,30.3869322],[77.9247774,30.3868924],[77.9247761,30.3868604],[77.9248004,30.3868272],[77.9249797,30.3866991],[77.925045,30.3866262],[77.9251397,30.386507],[77.9254296,30.3862517],[77.9259375,30.3858929],[77.9260178,30.3858485]]}},{"type":"Feature","properties":{"c":"service"},"geometry":{"type":"LineString","coordinates":[[77.9661056,30.4009389],[77.9653668,30.4012],[77.9653527,30.4012097],[77.9653442,30.4012267],[77.9653474,30.4012471],[77.9654325,30.4014383],[77.9654502,30.4014603],[77.9654796,30.4014704],[77.9655188,30.4014654],[77.9658368,30.4013536]]}},{"type":"Feature","properties":{"c":"residential"},"geometry":{"type":"LineString","coordinates":[[77.9692095,30.3986146],[77.9688809,30.3986585],[77.9688591,30.3986594],[77.968771,30.398658],[77.9687472,30.3986616],[77.9687212,30.3986671],[77.9683251,30.3987892],[77.9682892,30.398801],[77.9680281,30.3988666]]}},{"type":"Feature","properties":{"c":"residential"},"geometry":{"type":"LineString","coordinates":[[77.966614,30.3950665],[77.9666947,30.395289],[77.9667128,30.3953068],[77.9667473,30.3953142],[77.9668682,30.3953024],[77.9669038,30.3953051],[77.9669277,30.3953178],[77.9669384,30.3953407],[77.9670376,30.3956645]]}},{"type":"Feature","properties":{"c":"service"},"geometry":{"type":"LineString","coordinates":[[77.961481,30.3930176],[77.9617208,30.3928245],[77.9617836,30.3927684],[77.9618503,30.3927161],[77.9621231,30.3925417],[77.9622625,30.3924503],[77.9623775,30.3923793],[77.9625142,30.39232],[77.9628081,30.3922319]]}},{"type":"Feature","properties":{"c":"residential"},"geometry":{"type":"LineString","coordinates":[[77.9695718,30.4042157],[77.9702834,30.4040133],[77.9706486,30.4039239],[77.9711741,30.4038274],[77.971195,30.4038258],[77.9712136,30.4038301],[77.9712281,30.4038366],[77.9712544,30.4038673],[77.9712747,30.4039031],[77.9713962,30.4043152],[77.9713996,30.4044007],[77.9714236,30.4048192],[77.9714177,30.4048757],[77.9713928,30.4049221],[77.9710921,30.4052141],[77.9710455,30.4052673],[77.9710128,30.405318],[77.9709764,30.4053894],[77.9709516,30.4054609],[77.9709366,30.4055253],[77.9709332,30.4055785],[77.9709451,30.4058051],[77.9709588,30.4058434],[77.9709896,30.4058743],[77.9710186,30.4058905],[77.9713005,30.406001]]}},{"type":"Feature","properties":{"c":"residential"},"geometry":{"type":"LineString","coordinates":[[77.9683293,30.3940654],[77.9680547,30.3941347],[77.9680262,30.3941384],[77.967969,30.394141],[77.9679437,30.3941423],[77.967911,30.3941474],[77.9675769,30.3942493]]}},{"type":"Feature","properties":{"c":"service"},"geometry":{"type":"LineString","coordinates":[[77.9690759,30.3978771],[77.9695816,30.3977828],[77.9696582,30.3977692],[77.9697281,30.3977497],[77.9698043,30.3977185],[77.9698507,30.3976885],[77.9698971,30.3976483],[77.9700072,30.3975059],[77.9700161,30.3974815],[77.970025,30.3971761],[77.9700313,30.3971459],[77.9700421,30.3971245],[77.9703076,30.3968682]]}},{"type":"Feature","properties":{"c":"service"},"geometry":{"type":"LineString","coordinates":[[77.9658488,30.4040216],[77.9647759,30.4043734]]}},{"type":"Feature","properties":{"c":"service"},"geometry":{"type":"LineString","coordinates":[[77.9234089,30.391101],[77.9231581,30.3912901],[77.9231393,30.3913213],[77.9231395,30.3913577],[77.9234661,30.3918221],[77.9235365,30.3919204],[77.9237516,30.3922206],[77.9240776,30.3926756],[77.9241461,30.3927738],[77.9243506,30.3930669],[77.9245446,30.3933449],[77.9246209,30.3934544],[77.9246967,30.393563],[77.9249486,30.3938404],[77.9250305,30.3939373],[77.9250821,30.3940158],[77.9253304,30.394732]]}},{"type":"Feature","properties":{"c":"tertiary"},"geometry":{"type":"LineString","coordinates":[[77.9720753,30.3864932],[77.9720066,30.3864858],[77.9719805,30.3864887],[77.971955,30.3864929],[77.9719346,30.3864991],[77.97191,30.3865111],[77.9718918,30.3865251],[77.9716419,30.3869129],[77.9715757,30.3869888],[77.9715615,30.3870008],[77.9715465,30.3870085],[77.971522,30.3870166],[77.9714971,30.3870224],[77.9710533,30.3870562],[77.9710036,30.3870671],[77.9709615,30.3870853],[77.9709246,30.3871089],[77.9708848,30.3871458],[77.9706962,30.3874261],[77.9706332,30.3875197],[77.9704186,30.387797],[77.9701239,30.388129],[77.9698506,30.3884077],[77.9697928,30.3884877],[77.9697596,30.3885503],[77.969744,30.3886125]]}},{"type":"Feature","properties":{"c":"tertiary"},"geometry":{"type":"LineString","coordinates":[[77.9721719,30.3865036],[77.9720753,30.3864932]]}},{"type":"Feature","properties":{"c":"tertiary"},"geometry":{"type":"LineString","coordinates":[[77.9706962,30.3874261],[77.9706403,30.3873213],[77.970631,30.387275],[77.9706333,30.3872065],[77.9706502,30.3871586],[77.9706707,30.3871199],[77.970722,30.3870599],[77.9707734,30.3870091],[77.9709509,30.386862],[77.97114,30.3867392],[77.9712358,30.3866808],[77.9712909,30.3866332],[77.97133,30.3865887],[77.9713618,30.3865377],[77.9713898,30.3864592],[77.9714021,30.3863579],[77.9714246,30.3858422],[77.9714254,30.3857061],[77.9714053,30.3855842],[77.9712497,30.3850044],[77.9711612,30.3846845],[77.9711319,30.3846074],[77.9711011,30.384549],[77.9709829,30.3843773],[77.9709282,30.3842925],[77.970887,30.3841872],[77.9708597,30.3840871],[77.9708389,30.3840107],[77.9707988,30.3838636],[77.9707778,30.383776],[77.9707708,30.3837185],[77.9707755,30.3836591],[77.9708667,30.3833543],[77.9710467,30.3827306],[77.9711864,30.3822262],[77.9712427,30.3819945],[77.9712567,30.3818857],[77.9712619,30.3817877],[77.9712591,30.3816943],[77.9712217,30.3815151],[77.9711622,30.3813509],[77.9711406,30.3812809],[77.9711283,30.3812109],[77.9711283,30.3811384],[77.9711377,30.38108],[77.9712164,30.380619],[77.9712924,30.3803228],[77.9712974,30.3802951],[77.9712942,30.3802663],[77.9710499,30.3797777],[77.9710341,30.3797506],[77.9710093,30.379687]]}},{"type":"Feature","properties":{"c":"residential"},"geometry":{"type":"LineString","coordinates":[[77.9735587,30.3784667],[77.973809,30.3784733],[77.9738403,30.3784783],[77.9742569,30.3786173],[77.9743043,30.3786226],[77.9743457,30.3786226],[77.9743801,30.3786172],[77.9744057,30.37861],[77.9744298,30.3785998],[77.974453,30.3785766],[77.9744685,30.3785492],[77.9744794,30.3785214],[77.9744849,30.3784874],[77.9744924,30.3782527],[77.9745005,30.3781023],[77.9745246,30.3779473],[77.9745622,30.3777888],[77.9746319,30.3776071],[77.974697,30.377508],[77.9747179,30.3774836],[77.9747621,30.377432],[77.9749372,30.3772808],[77.9751444,30.3771412],[77.9756866,30.3768378],[77.9758432,30.3767089],[77.9761146,30.3764848],[77.9762275,30.3764063],[77.9763027,30.3763602],[77.9763753,30.3763163]]}},{"type":"Feature","properties":{"c":"residential"},"geometry":{"type":"LineString","coordinates":[[77.9733771,30.3784593],[77.9735587,30.3784667]]}},{"type":"Feature","properties":{"c":"residential"},"geometry":{"type":"LineString","coordinates":[[77.9698087,30.3900956],[77.9698024,30.3900993],[77.9696808,30.3901403],[77.9695866,30.3901773],[77.9695639,30.3901911],[77.9695448,30.3902122],[77.9694936,30.3903121],[77.969424,30.3904799],[77.9693533,30.3906353],[77.9693271,30.3906733],[77.9692816,30.3907066],[77.9692499,30.3907233],[77.9692154,30.3907292],[77.9691709,30.390728],[77.9688503,30.3907459],[77.9687725,30.3907494],[77.9686961,30.3907494],[77.9685956,30.3907445],[77.9684494,30.3907253],[77.9683277,30.3907001],[77.9682335,30.3906705],[77.9681726,30.3906441],[77.9681286,30.3906177],[77.9680952,30.3905905],[77.9680659,30.3905529],[77.9680444,30.3904842],[77.9680058,30.3903234],[77.9679966,30.3902477],[77.9680012,30.3901719],[77.9680202,30.3900981],[77.9680536,30.3900257],[77.968069,30.3899885],[77.9680829,30.389938],[77.9681278,30.389755],[77.968172,30.3896532],[77.9681828,30.3896034],[77.9681881,30.3895606],[77.9681831,30.389504],[77.9681345,30.3891951],[77.9681346,30.3891798],[77.9681379,30.3891645],[77.9681789,30.3890934],[77.9681871,30.3890678],[77.9681871,30.3890384],[77.9681819,30.3889486],[77.9681888,30.3889196],[77.9682078,30.3888931],[77.9682511,30.3888394],[77.96828,30.3887925],[77.9683043,30.3887021],[77.9683137,30.3886843],[77.9683259,30.3886712],[77.96844,30.3886002],[77.9684791,30.3885678],[77.968506,30.3885346],[77.9685378,30.3884652],[77.9685661,30.3883806],[77.9686034,30.3882275],[77.9686064,30.3881794],[77.9685941,30.3881167],[77.9684236,30.3875517],[77.9684236,30.3875307],[77.9684312,30.3875062],[77.9684396,30.3874937],[77.9684526,30.3874874],[77.9684871,30.3874751],[77.9690328,30.3873337],[77.969126,30.3873006],[77.969194,30.3872572],[77.9692672,30.387194],[77.969315,30.3871502],[77.9693526,30.3871292],[77.9694115,30.3871151],[77.9694654,30.3871116],[77.9695111,30.3871116],[77.9695335,30.3871141],[77.9699583,30.3871747],[77.9702718,30.3872185],[77.9703157,30.3872282],[77.9704259,30.3872624],[77.9706403,30.3873213]]}},{"type":"Feature","properties":{"c":"residential"},"geometry":{"type":"LineString","coordinates":[[77.9697121,30.3889863],[77.9683675,30.3890434]]}},{"type":"Feature","properties":{"c":"residential"},"geometry":{"type":"LineString","coordinates":[[77.969744,30.3886125],[77.9697195,30.3885838],[77.9696991,30.3885412],[77.969687,30.3884845],[77.9696751,30.3884121],[77.9696737,30.3883497],[77.9696751,30.3883013],[77.9697006,30.3881837],[77.9697089,30.3880945],[77.9697026,30.3880004],[77.9696675,30.387801]]}},{"type":"Feature","properties":{"c":"residential"},"geometry":{"type":"LineString","coordinates":[[77.9695656,30.3894176],[77.9688059,30.3893996],[77.9687951,30.3894018],[77.9687873,30.3894073],[77.968784,30.3894163],[77.9687579,30.3896252]]}},{"type":"Feature","properties":{"c":"residential"},"geometry":{"type":"LineString","coordinates":[[77.9697089,30.3880945],[77.9690247,30.3881762]]}},{"type":"Feature","properties":{"c":"residential"},"geometry":{"type":"LineString","coordinates":[[77.9691948,30.3864875],[77.9693546,30.3867672],[77.9694284,30.3868991],[77.969496,30.3870362],[77.9695335,30.3871141]]}},{"type":"Feature","properties":{"c":"residential"},"geometry":{"type":"LineString","coordinates":[[77.9702718,30.3872185],[77.9702437,30.3871344],[77.9702311,30.3870636],[77.9702225,30.3870054],[77.9702201,30.3869445],[77.970207,30.3868075],[77.9702039,30.3867886],[77.9701978,30.3867705],[77.9701871,30.386755],[77.9701754,30.3867404],[77.9700549,30.3866327],[77.9699652,30.3865304],[77.9697193,30.3861694],[77.9695046,30.3859075],[77.9693069,30.3855557],[77.9692891,30.385539],[77.9692738,30.385529],[77.9692573,30.3855242],[77.969242,30.3855223],[77.9692242,30.385524],[77.9692001,30.3855306],[77.9684955,30.3857946]]}},{"type":"Feature","properties":{"c":"residential"},"geometry":{"type":"LineString","coordinates":[[77.9665131,30.390143],[77.9663574,30.3902061],[77.9663506,30.3902105],[77.9663451,30.3902161],[77.9663241,30.3902577],[77.9663186,30.3902641],[77.9662383,30.39033]]}},{"type":"Feature","properties":{"c":"residential"},"geometry":{"type":"LineString","coordinates":[[77.9669914,30.3907701],[77.9672383,30.3906449],[77.9673025,30.3906151],[77.9673307,30.3906021],[77.9674366,30.3905632],[77.9675403,30.3905341],[77.9676575,30.3905146],[77.9677483,30.3905117],[77.9678476,30.3905205],[77.9679777,30.390556],[77.9680027,30.3905634],[77.9680952,30.3905905]]}},{"type":"Feature","properties":{"c":"residential"},"geometry":{"type":"LineString","coordinates":[[77.9673025,30.3906151],[77.9673915,30.390929]]}},{"type":"Feature","properties":{"c":"residential"},"geometry":{"type":"LineString","coordinates":[[77.9680027,30.3905634],[77.9679379,30.3903918],[77.96793,30.3903743],[77.9679176,30.3903598],[77.9678319,30.3903325],[77.9678005,30.3903133],[77.967772,30.3902876],[77.9677565,30.3902608],[77.9677021,30.3900821],[77.9676451,30.3899358],[77.9676224,30.3898871],[77.9675883,30.389837],[77.9673952,30.3896395],[77.9673064,30.3895526],[77.9672859,30.3895202],[77.9672517,30.3894568],[77.967197,30.3892962],[77.967168,30.3892387],[77.9670518,30.3890059],[77.9668981,30.3887583],[77.9667384,30.3885317],[77.9667267,30.3885249],[77.96671,30.3885232],[77.9666149,30.3885418],[77.9665975,30.3885441],[77.9665826,30.3885422],[77.9665697,30.3885342],[77.9665383,30.3884936],[77.9665275,30.3884868],[77.9665147,30.3884843],[77.9660616,30.3885955]]}},{"type":"Feature","properties":{"c":"residential"},"geometry":{"type":"LineString","coordinates":[[77.9683357,30.4122217],[77.9690992,30.4119942]]}},{"type":"Feature","properties":{"c":"residential"},"geometry":{"type":"LineString","coordinates":[[77.9528081,30.4161899],[77.9527295,30.4160796],[77.9526543,30.4159328],[77.9524491,30.4155987]]}},{"type":"Feature","properties":{"c":"residential"},"geometry":{"type":"LineString","coordinates":[[77.9245543,30.395057],[77.924172,30.3952695],[77.9241452,30.3952984],[77.9241452,30.3953204],[77.9241881,30.3953748],[77.9243651,30.3955888],[77.9243718,30.3956235],[77.924349,30.3956454],[77.9241693,30.3957646],[77.9237242,30.3960388]]}},{"type":"Feature","properties":{"c":"residential"},"geometry":{"type":"LineString","coordinates":[[77.9250372,30.3956719],[77.9247352,30.3953169],[77.9245543,30.395057],[77.9244226,30.3948561]]}},{"type":"Feature","properties":{"c":"residential"},"geometry":{"type":"LineString","coordinates":[[77.9240276,30.3963711],[77.9245515,30.3960168],[77.9249699,30.3957148],[77.9250372,30.3956719],[77.9251201,30.3956188],[77.9253817,30.3954245],[77.9256365,30.3952429],[77.9257035,30.3952001],[77.9257129,30.3951781],[77.9257049,30.3951284],[77.9254738,30.3947484]]}},{"type":"Feature","properties":{"c":"residential"},"geometry":{"type":"LineString","coordinates":[[77.9231381,30.3952992],[77.9233938,30.3956659],[77.9234344,30.3957218],[77.9237242,30.3960388],[77.9238743,30.396203],[77.9240079,30.3963469],[77.9240276,30.3963711],[77.9242229,30.396587],[77.9242578,30.3966079],[77.9242954,30.3966125],[77.9243571,30.3965894],[77.9244161,30.396535],[77.9244456,30.3965188],[77.9246011,30.3964124],[77.9246347,30.396395],[77.9246588,30.3964089],[77.9247902,30.3965917]]}},{"type":"Feature","properties":{"c":"residential"},"geometry":{"type":"LineString","coordinates":[[77.9218731,30.3942916],[77.9214683,30.394506],[77.9213047,30.3945893],[77.9212376,30.3946437],[77.9211867,30.3947073],[77.92118,30.3947466],[77.9211786,30.3948183]]}},{"type":"Feature","properties":{"c":"residential"},"geometry":{"type":"LineString","coordinates":[[77.9210806,30.3959344],[77.9204276,30.3952776],[77.920272,30.3950994],[77.9202332,30.3950254],[77.9202345,30.3950023],[77.9202452,30.3949757],[77.9205309,30.3947524],[77.920956,30.3944146],[77.9210874,30.3943221],[77.9215863,30.3939889],[77.9216172,30.3939774],[77.9216507,30.3939889],[77.9217379,30.3940849],[77.9218731,30.3942916],[77.9219377,30.3943903],[77.9219417,30.3944285],[77.9219297,30.394454],[77.92188,30.3944898],[77.9216453,30.3946043]]}},{"type":"Feature","properties":{"c":"track"},"geometry":{"type":"LineString","coordinates":[[77.9593609,30.3911],[77.9597827,30.3907789],[77.9598807,30.3907225],[77.9601026,30.3905896],[77.9605159,30.3903116],[77.9610249,30.3900055]]}},{"type":"Feature","properties":{"c":"service"},"geometry":{"type":"LineString","coordinates":[[77.9580175,30.387416],[77.9583697,30.3883355]]}},{"type":"Feature","properties":{"c":"service"},"geometry":{"type":"LineString","coordinates":[[77.9751722,30.3719421],[77.9740948,30.3724015]]}},{"type":"Feature","properties":{"c":"service"},"geometry":{"type":"LineString","coordinates":[[77.9741923,30.3724466],[77.9752493,30.3720167]]}},{"type":"Feature","properties":{"c":"service"},"geometry":{"type":"LineString","coordinates":[[77.9734846,30.372279],[77.9738851,30.3723705],[77.9739799,30.3723857],[77.9740948,30.3724015],[77.9741435,30.3724205],[77.9741923,30.3724466],[77.9744758,30.3728345],[77.9745112,30.3729257],[77.974515,30.3729514],[77.9745267,30.3730303],[77.9745094,30.3731488],[77.9744005,30.3735034],[77.974358,30.3735946],[77.9743061,30.3737057],[77.9741978,30.3738541],[77.9740801,30.3739723],[77.973974,30.3740334],[77.973895,30.3740485],[77.9738466,30.3740578],[77.9737412,30.3740671],[77.9736988,30.3740629],[77.9736717,30.3740602],[77.9736355,30.3740566],[77.9735217,30.3740233],[77.97329,30.37388],[77.9731218,30.3737605],[77.972959,30.3736133],[77.9728021,30.3734375],[77.9727352,30.3733483],[77.9727005,30.3732499],[77.9726952,30.3731776],[77.972714,30.373095],[77.97278,30.3729785],[77.9728347,30.3729024],[77.9731407,30.3725241],[77.9732131,30.3724015],[77.9732227,30.3723756],[77.9732587,30.3722788],[77.9732694,30.3721562],[77.9732453,30.3720659]]}},{"type":"Feature","properties":{"c":"service"},"geometry":{"type":"LineString","coordinates":[[77.9728347,30.3729024],[77.9727913,30.3727237],[77.9727846,30.3726602],[77.9727824,30.3725985],[77.9727958,30.3725388],[77.9728128,30.3724992],[77.97285,30.3724633],[77.9729154,30.3724256],[77.972999,30.3724039],[77.9732227,30.3723756]]}},{"type":"Feature","properties":{"c":"service"},"geometry":{"type":"LineString","coordinates":[[77.9736988,30.3740629],[77.9733639,30.3745307],[77.9733441,30.3745859],[77.9733329,30.3746707],[77.9733288,30.3749656],[77.973334,30.3750044],[77.9733507,30.3750398],[77.9733789,30.3750785],[77.9735811,30.3752621],[77.9736084,30.375299],[77.9736268,30.3753401],[77.9736414,30.3753912],[77.9736784,30.3757988]]}},{"type":"Feature","properties":{"c":"residential"},"geometry":{"type":"LineString","coordinates":[[78.0189359,30.3845725],[78.019115,30.3841596],[78.0191306,30.3841083],[78.0191247,30.3840831],[78.0191056,30.3840634],[78.019062,30.3840346],[78.0189957,30.3840044],[78.0189045,30.3839859],[78.0188079,30.3839859],[78.0185022,30.3840137],[78.0184201,30.3840331],[78.0183627,30.3840692],[78.018338,30.3840934],[78.0183198,30.3841248],[78.0183135,30.3841597],[78.0183185,30.3844146],[78.0183227,30.3844887],[78.0183172,30.3845243],[78.0183048,30.3845473],[78.0182872,30.3845574],[78.0182538,30.3845629],[78.0182096,30.3845578],[78.0181532,30.3845369],[78.0179511,30.3843819],[78.0178282,30.3842887],[78.0176624,30.3841279],[78.017626,30.3840948],[78.0175717,30.3840546],[78.0174934,30.3840065],[78.0173865,30.3839451],[78.0172862,30.3838734],[78.0172252,30.3838167],[78.0171613,30.3837658],[78.0171265,30.383747],[78.0170939,30.3837321],[78.0170026,30.383719],[78.0169013,30.3837213],[78.016676,30.383708],[78.0164849,30.3836903],[78.0163739,30.3836924],[78.0163184,30.3836937],[78.0162767,30.3836889],[78.0162451,30.383678],[78.016212,30.3836611],[78.015984,30.3835148],[78.0156863,30.3832996],[78.0156293,30.3832585],[78.0155753,30.3832166],[78.0154683,30.3831219],[78.0154199,30.3830889],[78.0153798,30.3830681],[78.0153383,30.3830485],[78.0151881,30.3830138],[78.0150902,30.3829794],[78.0150679,30.3829691],[78.0150486,30.3829487],[78.0150376,30.3829333],[78.0150275,30.3829091],[78.0150191,30.3828709],[78.0150335,30.3826831],[78.0150363,30.3826358],[78.0150342,30.3825858],[78.0150246,30.3825516],[78.0150104,30.3825175],[78.0149923,30.382486],[78.0149668,30.3824565],[78.014889,30.382392],[78.0148099,30.382311],[78.0147636,30.3822514],[78.0146961,30.3821716],[78.0146342,30.3820588],[78.0145785,30.3819697],[78.014543,30.3819217],[78.0145022,30.3818851],[78.0144411,30.3818436],[78.0143894,30.3818181],[78.0143277,30.3818031],[78.0142261,30.3817938],[78.014177,30.3817802],[78.014136,30.3817586],[78.0141024,30.3817338],[78.0140622,30.3816891],[78.0138966,30.3814705],[78.0138671,30.3814282],[78.0138275,30.3813611],[78.0137189,30.3811465],[78.0136505,30.3810375],[78.0135412,30.3808833],[78.0135185,30.3808412],[78.0134875,30.3807772],[78.0134004,30.3805391],[78.0133871,30.3805008],[78.0133568,30.3804292],[78.0130704,30.3799294],[78.0129088,30.3795904],[78.0128284,30.3794331],[78.0125843,30.378983],[78.0125615,30.3789182],[78.0125575,30.3788569],[78.0125722,30.3788037],[78.0125937,30.378772],[78.0126215,30.3787482],[78.0127177,30.3786892],[78.0127828,30.3786591],[78.0130148,30.3785526],[78.0134185,30.3783687]]}},{"type":"Feature","properties":{"c":"residential"},"geometry":{"type":"LineString","coordinates":[[77.9151096,30.4180513],[77.9151933,30.4179466],[77.9152362,30.417905],[77.9153609,30.4178021],[77.9156278,30.4175881],[77.9159524,30.4173765],[77.9162554,30.4171602],[77.9164687,30.4169879],[77.9165048,30.4169352],[77.9165252,30.4168773],[77.9165743,30.4167948],[77.91667,30.4166941],[77.9167354,30.4166317],[77.9167867,30.4166236],[77.9168755,30.4166579],[77.9169362,30.4166881],[77.9170413,30.4167827],[77.9171884,30.4169237],[77.917221,30.4169378],[77.9172699,30.4169312],[77.9172915,30.4168993],[77.9172822,30.4168143],[77.9172391,30.4166947],[77.9172436,30.4166062],[77.9173574,30.4163748],[77.9173981,30.4162592],[77.9173859,30.416189],[77.9173249,30.4161119],[77.9172369,30.4159514],[77.9171621,30.4158024],[77.9171248,30.4156816],[77.9170844,30.4154914],[77.9169816,30.4152417],[77.9169022,30.4151289],[77.9167575,30.414992],[77.916597,30.4148249],[77.9165686,30.4147443],[77.9165726,30.4146812],[77.9167317,30.4145208],[77.9170488,30.4142369],[77.9171179,30.4142158],[77.917187,30.4142404],[77.9177163,30.4147615],[77.9179721,30.415078],[77.9181233,30.4152834],[77.9185303,30.4158694],[77.9189975,30.4164493]]}},{"type":"Feature","properties":{"c":"residential"},"geometry":{"type":"LineString","coordinates":[[77.917567,30.4195507],[77.9174477,30.4196212],[77.9174115,30.4196316],[77.9173766,30.4196212],[77.9173377,30.4195877],[77.9171701,30.4194431],[77.9170346,30.4193541],[77.9167248,30.4191702],[77.9164794,30.4190314],[77.9163654,30.4189563],[77.9160529,30.4187134],[77.9159202,30.4186255],[77.9156318,30.4184624],[77.9155202,30.4184049],[77.9155024,30.4184008],[77.9154877,30.4184],[77.9154716,30.4184058],[77.915318,30.4185411],[77.9151034,30.4187157],[77.9149358,30.4188741],[77.9146622,30.4191297],[77.9144806,30.41933]]}},{"type":"Feature","properties":{"c":"residential"},"geometry":{"type":"LineString","coordinates":[[77.9223908,30.423927],[77.9226351,30.423707]]}},{"type":"Feature","properties":{"c":"residential"},"geometry":{"type":"LineString","coordinates":[[77.9220664,30.4236849],[77.9220852,30.4236376],[77.9221255,30.4235891],[77.9222622,30.4234688],[77.9223615,30.4233416],[77.9224044,30.4232421],[77.9224339,30.4231612],[77.9224285,30.4230941],[77.9223856,30.4230108],[77.9223159,30.4229507],[77.9221308,30.4228304],[77.9220906,30.4227992],[77.922045,30.4227495],[77.9220222,30.4227113],[77.9219873,30.4226743],[77.9218975,30.4225864],[77.9217553,30.4224656],[77.9216427,30.4223667],[77.9216185,30.4223494],[77.9215957,30.4223447],[77.9215635,30.4223621],[77.9215313,30.4223806],[77.9215085,30.422384],[77.921479,30.4223702],[77.9214321,30.4223343],[77.9213852,30.4222823],[77.9213624,30.4222534],[77.9213436,30.4222071],[77.9213181,30.422147],[77.9212832,30.4220834],[77.9212457,30.4220452],[77.9211652,30.4219839],[77.9209302,30.4218632]]}},{"type":"Feature","properties":{"c":"residential"},"geometry":{"type":"LineString","coordinates":[[77.9240674,30.4171984],[77.9240566,30.4170573],[77.9240647,30.4168283],[77.9240271,30.4164374],[77.9239869,30.4161274],[77.923893,30.4158452],[77.9237911,30.4156602],[77.9236597,30.4155121],[77.9235014,30.4153849],[77.9233754,30.4153017],[77.9232225,30.4152369],[77.9231366,30.4152114],[77.9230589,30.4151929],[77.9229113,30.4151721],[77.922745,30.4151467],[77.9226539,30.4151351],[77.9224393,30.4151004],[77.9223105,30.4151027],[77.9220879,30.4151698],[77.9218277,30.4152993],[77.9215193,30.4155121],[77.9213664,30.4156347],[77.921192,30.4158198],[77.9209882,30.4160511],[77.920838,30.4162616],[77.9206905,30.4165391],[77.9206637,30.4166317],[77.9206664,30.4166745],[77.9206905,30.4167103],[77.9207763,30.4167635],[77.9210472,30.4169277],[77.9212108,30.4170295],[77.9213315,30.4170711],[77.9216346,30.4171637],[77.9218304,30.4172331],[77.9220074,30.4173024],[77.9221308,30.4173765],[77.9222569,30.4174921],[77.9223695,30.4175592],[77.9226136,30.4177419],[77.9226351,30.4178206],[77.9226297,30.4178738],[77.9225975,30.4179085],[77.9224956,30.4179455],[77.9223427,30.4179848],[77.922281,30.4180195],[77.9220906,30.4182323],[77.9215193,30.4188128],[77.9214764,30.4188603],[77.9214643,30.4188822],[77.9214643,30.418925],[77.9214884,30.4189586],[77.9215716,30.4190303],[77.9216319,30.4190742],[77.9216655,30.4191112],[77.9217271,30.4192003],[77.9217687,30.4192835],[77.9217888,30.4193691],[77.9217902,30.41959],[77.9217982,30.4200087],[77.9218197,30.4200595],[77.9218653,30.4201058],[77.9219323,30.4201336],[77.9220933,30.4202191],[77.9221871,30.4203024],[77.9222032,30.4203556],[77.9221898,30.4204828],[77.9221496,30.4206239],[77.922096,30.4206979],[77.9219994,30.4208136],[77.9219189,30.4208899],[77.9219002,30.4209362],[77.9218572,30.4210564],[77.9218371,30.4211085],[77.921813,30.4211582],[77.9217848,30.4211848],[77.9216856,30.4212311],[77.9216185,30.42126],[77.9214992,30.4212935],[77.9213811,30.421312],[77.9213181,30.4213305],[77.9212283,30.4213733],[77.9211371,30.4214427],[77.9210606,30.421526],[77.921019,30.4215884],[77.9209775,30.4216844],[77.9209302,30.4218632],[77.9209185,30.4219076],[77.9208675,30.4220024],[77.9207709,30.4221273],[77.9205832,30.4223008],[77.9203445,30.4224997],[77.9202131,30.4226078]]}},{"type":"Feature","properties":{"c":"residential"},"geometry":{"type":"LineString","coordinates":[[77.9568927,30.3848668],[77.9566332,30.3850679],[77.9566274,30.3850787],[77.9566267,30.3850889],[77.9566291,30.385099],[77.9566346,30.38511],[77.956723,30.3852278],[77.9568157,30.3853256],[77.9572339,30.3857596],[77.9573189,30.3858454],[77.9573894,30.3858952],[77.9574264,30.3859059],[77.9574586,30.3859067],[77.9574899,30.385904],[77.9575222,30.3858932],[77.9576758,30.3858071],[77.9579847,30.3856878]]}},{"type":"Feature","properties":{"c":"service"},"geometry":{"type":"LineString","coordinates":[[77.9575222,30.3858932],[77.9574829,30.3859651],[77.9574397,30.3860119],[77.9573617,30.3860612],[77.9571974,30.3861236],[77.9571152,30.3861549],[77.9570679,30.3861645],[77.9570261,30.3861657],[77.9569676,30.3861597],[77.9569161,30.3861477],[77.9567685,30.38609],[77.9566836,30.38606],[77.9563666,30.3859851],[77.9561215,30.3859251],[77.9560602,30.3859131],[77.9559962,30.3859059],[77.9559071,30.3859203],[77.9554865,30.3860404],[77.955222,30.3861154],[77.9551388,30.3861361],[77.9551084,30.3861416],[77.95507,30.3861416],[77.9549692,30.386103],[77.9547103,30.3859501],[77.9546423,30.3859169],[77.9545437,30.3858542],[77.9544588,30.3857935],[77.9543643,30.385714],[77.9543037,30.3856387],[77.9542528,30.3855572],[77.9542091,30.3854903],[77.9541461,30.3854275],[77.9536551,30.3850673],[77.9534291,30.384885],[77.9533596,30.384831],[77.9533385,30.384822],[77.9532953,30.3848142],[77.9532501,30.3848143],[77.9532026,30.3848216],[77.9531451,30.3848428],[77.9531227,30.3848529],[77.9531014,30.3848659],[77.9528027,30.3851696],[77.9527758,30.3851861],[77.9527502,30.3851935],[77.9527187,30.3851934],[77.9526946,30.3851834],[77.9516787,30.3841871],[77.9516322,30.3841414],[77.9515857,30.3840911],[77.9513557,30.3837072]]}},{"type":"Feature","properties":{"c":"service"},"geometry":{"type":"LineString","coordinates":[[77.9532432,30.3831789],[77.9532045,30.3830061],[77.9531837,30.3829406],[77.953144,30.3828751],[77.9528575,30.3823897]]}},{"type":"Feature","properties":{"c":"service"},"geometry":{"type":"LineString","coordinates":[[77.9499202,30.3831962],[77.9503303,30.3829791],[77.9503645,30.3829555],[77.9504009,30.3829182],[77.9504419,30.3828356],[77.950467,30.3828042],[77.9505467,30.3827413],[77.9505588,30.382725],[77.950568,30.3827047],[77.950568,30.3826832],[77.9505549,30.3826573],[77.9500272,30.3821375]]}},{"type":"Feature","properties":{"c":"residential"},"geometry":{"type":"LineString","coordinates":[[77.9563837,30.3823402],[77.9564057,30.3822362],[77.9564148,30.3821515],[77.95642,30.382059],[77.956407,30.3820093],[77.9563808,30.3819518],[77.9562383,30.3817593],[77.9561589,30.3816426],[77.9560895,30.3815827],[77.9560022,30.3815502],[77.9559051,30.3815588],[77.9556691,30.3816563],[77.9551683,30.3819955],[77.9551473,30.3820059],[77.9551218,30.3820163],[77.9550902,30.3820214],[77.9550451,30.3820176],[77.9550091,30.3819994],[77.9549595,30.3819696],[77.9548194,30.3818204],[77.9546985,30.3816887],[77.9546278,30.3815629],[77.9545527,30.381394],[77.9544456,30.3810658],[77.9543545,30.3808949],[77.9543416,30.3808815],[77.9543261,30.3808703],[77.9542676,30.3808398],[77.9542387,30.380827],[77.9537599,30.3805035],[77.9535402,30.3803455],[77.9534617,30.3803004],[77.9533674,30.3802665],[77.9529348,30.3801678],[77.9528669,30.3801643],[77.9527885,30.3801719],[77.952236,30.3803327],[77.9522073,30.3803499],[77.9521912,30.3803703],[77.9521868,30.3804048],[77.9521973,30.3804407],[77.952476,30.3808129],[77.9525526,30.3809322]]}},{"type":"Feature","properties":{"c":"residential"},"geometry":{"type":"LineString","coordinates":[[77.9542387,30.380827],[77.954178,30.3808818],[77.954156,30.3808986],[77.9541195,30.3809201],[77.953693,30.3811218]]}},{"type":"Feature","properties":{"c":"service"},"geometry":{"type":"LineString","coordinates":[[77.9703815,30.3839375],[77.9704056,30.3839584],[77.9708597,30.3840871]]}},{"type":"Feature","properties":{"c":"service"},"geometry":{"type":"LineString","coordinates":[[77.9708389,30.3840107],[77.9704119,30.383924],[77.9703815,30.3839375]]}},{"type":"Feature","properties":{"c":"service"},"geometry":{"type":"LineString","coordinates":[[77.9694139,30.3838587],[77.9696966,30.3837685],[77.9697519,30.3837562],[77.969785,30.383757],[77.9698119,30.3837603],[77.970106,30.3838518],[77.9701399,30.3838779],[77.9701588,30.3839132],[77.9701672,30.3839493],[77.9701674,30.3839869],[77.970158,30.384051],[77.970142,30.3841023],[77.970124,30.3841454],[77.9701018,30.3841693],[77.9700741,30.3841868],[77.969654,30.3843162],[77.9696161,30.3843244],[77.9695624,30.3843299],[77.9693349,30.3843176],[77.9692765,30.3843203],[77.9692054,30.384338],[77.9682862,30.3846552],[77.9682372,30.3846646],[77.96819,30.3846599],[77.9681537,30.3846333],[77.9679215,30.38417],[77.9678253,30.3839483]]}},{"type":"Feature","properties":{"c":"service"},"geometry":{"type":"LineString","coordinates":[[77.9693633,30.3838215],[77.9693375,30.3838191],[77.9693122,30.3838237],[77.9692898,30.3838349],[77.9692725,30.3838515],[77.9692622,30.383872],[77.9692597,30.3838943],[77.9692655,30.3839161],[77.9692788,30.3839352],[77.9692984,30.3839499],[77.9693246,30.3839589],[77.9693457,30.3839596],[77.9693528,30.3839598],[77.9693796,30.3839524],[77.969402,30.3839375],[77.9694172,30.3839171],[77.9694235,30.3838933],[77.9694201,30.3838692],[77.9694139,30.3838587],[77.9694074,30.3838475],[77.9693869,30.3838307],[77.9693633,30.3838215]]}},{"type":"Feature","properties":{"c":"service"},"geometry":{"type":"LineString","coordinates":[[77.9703815,30.3839375],[77.9701588,30.3839132]]}},{"type":"Feature","properties":{"c":"service"},"geometry":{"type":"LineString","coordinates":[[77.9693122,30.3838237],[77.9692218,30.383598],[77.9691954,30.3835665],[77.9691486,30.3835402],[77.9690978,30.3835314],[77.9690368,30.3835384],[77.9684269,30.3837278],[77.9678253,30.3839483],[77.9668989,30.3842652]]}},{"type":"Feature","properties":{"c":"service"},"geometry":{"type":"LineString","coordinates":[[77.969128,30.3839582],[77.968928,30.3840194]]}},{"type":"Feature","properties":{"c":"service"},"geometry":{"type":"LineString","coordinates":[[77.9692655,30.3839161],[77.969128,30.3839582]]}},{"type":"Feature","properties":{"c":"service"},"geometry":{"type":"LineString","coordinates":[[77.968928,30.3840194],[77.9688835,30.384033]]}},{"type":"Feature","properties":{"c":"residential"},"geometry":{"type":"LineString","coordinates":[[77.956861,30.3829575],[77.956732,30.38303],[77.9566658,30.3830579],[77.9562127,30.3832464],[77.9561975,30.3832509],[77.9561847,30.3832519],[77.9561771,30.3832504],[77.9561695,30.3832408],[77.9561027,30.3831259],[77.956085,30.3831068],[77.9560638,30.3830938],[77.9560364,30.3830877],[77.956001,30.383087],[77.9559558,30.3830984],[77.9552136,30.3834581]]}},{"type":"Feature","properties":{"c":"residential"},"geometry":{"type":"LineString","coordinates":[[77.9574157,30.3836186],[77.9570383,30.3838398],[77.9569609,30.3838879],[77.9568821,30.3839348],[77.9567552,30.3840234]]}},{"type":"Feature","properties":{"c":"residential"},"geometry":{"type":"LineString","coordinates":[[77.9684396,30.3874937],[77.9683975,30.387468],[77.9683879,30.3874647],[77.9683763,30.387465],[77.9683125,30.3874833],[77.9682826,30.3874911],[77.9682598,30.3874918],[77.9682408,30.3874861],[77.9682227,30.3874711],[77.9680959,30.387252],[77.9680851,30.3872393],[77.9680647,30.3872228],[77.968051,30.3872149],[77.9680095,30.3871892],[77.9679866,30.3871698],[77.967758,30.3868809],[77.9677335,30.3868493],[77.96772,30.3868364],[77.9676928,30.3868306],[77.9676005,30.3868259],[77.9675707,30.3868212],[77.9675408,30.386813],[77.9675164,30.386792],[77.9673624,30.3865482],[77.9671083,30.3861282],[77.9670953,30.3861098],[77.96708,30.3861017],[77.967054,30.3861007],[77.9670197,30.3861078],[77.9665788,30.386248],[77.9658666,30.3864744],[77.9658265,30.3864833],[77.9657905,30.3864815],[77.9657576,30.3864638],[77.9657074,30.3863761],[77.9656842,30.386363],[77.9656602,30.3863581],[77.9656028,30.3863653],[77.9655662,30.3863639],[77.9655354,30.3863555],[77.965519,30.3863343],[77.9652993,30.385819]]}},{"type":"Feature","properties":{"c":"residential"},"geometry":{"type":"LineString","coordinates":[[77.968051,30.3872149],[77.9670182,30.3876456]]}},{"type":"Feature","properties":{"c":"tertiary"},"geometry":{"type":"LineString","coordinates":[[77.9710093,30.379687],[77.9709414,30.3797433],[77.9708605,30.379787],[77.9699438,30.3801383],[77.9695661,30.3802842],[77.9685851,30.3806633],[77.9676492,30.3810062],[77.9664802,30.3813327],[77.966413,30.3813499],[77.9663574,30.3813469],[77.9659172,30.3811908],[77.9658185,30.3811482],[77.9657097,30.3810595],[77.9656663,30.3810267],[77.9656066,30.3810126],[77.9655496,30.3810126],[77.9654953,30.381029],[77.9649765,30.3812081],[77.9648076,30.3812513],[77.9645397,30.3813197],[77.9645031,30.3813368],[77.9644648,30.3813568],[77.9644171,30.3813902],[77.9643273,30.3814949],[77.9643091,30.3815103],[77.9642872,30.3815234],[77.963692,30.3817546],[77.9630194,30.3819617],[77.96286,30.3820274],[77.9626858,30.3821288],[77.9626402,30.3821383],[77.962605,30.382136],[77.9625601,30.3821248],[77.9625298,30.3821071],[77.9624613,30.3819988],[77.9624178,30.38193],[77.9623867,30.3818764],[77.9623566,30.3818493],[77.9623265,30.3818348],[77.9622848,30.3818316],[77.9622468,30.3818316],[77.9621898,30.3818363],[77.9616487,30.3819711],[77.9616147,30.3819887],[77.96159,30.3820122]]}},{"type":"Feature","properties":{"c":"residential"},"geometry":{"type":"LineString","coordinates":[[78.0149167,30.3777769],[78.0156538,30.3774747],[78.0157435,30.3774428],[78.0159538,30.3773679],[78.0160256,30.3773517],[78.0160785,30.3773546],[78.0161215,30.3773766],[78.0161604,30.3774217],[78.0161909,30.3774742],[78.0162147,30.3775374],[78.0162489,30.3776756],[78.0163018,30.3778775],[78.0163199,30.3779539],[78.0163501,30.3780303],[78.0164115,30.3781561],[78.0164447,30.3782443],[78.0164536,30.3782859],[78.0164601,30.3783397],[78.0164604,30.378487],[78.0164789,30.378629],[78.0165023,30.3787233],[78.0165399,30.3788818],[78.0166623,30.3792755],[78.0166955,30.3794319],[78.0167219,30.3795453],[78.0167431,30.3796182],[78.0168188,30.3798155],[78.0168376,30.3799017],[78.0168671,30.3801816],[78.0169073,30.3803728],[78.016967,30.3806282],[78.0170039,30.3808058],[78.0170418,30.3809128],[78.0171253,30.3810846],[78.017141,30.3811407],[78.0171467,30.3811971],[78.0171397,30.3812738],[78.0171467,30.3813021],[78.0171608,30.3813296],[78.0171948,30.3813623],[78.0172263,30.3813734],[78.0172547,30.3813791],[78.0172973,30.3813794],[78.0173298,30.381371],[78.0174707,30.3813148],[78.0175216,30.3813027],[78.017596,30.3813021],[78.0176735,30.3813192],[78.0177586,30.3813554],[78.0178277,30.3813896],[78.0178902,30.3814314],[78.0179548,30.381478],[78.0179863,30.3815095],[78.0180285,30.3815584],[78.0182411,30.3818025],[78.0183195,30.3818725],[78.0183705,30.3819032],[78.0184023,30.3819151],[78.0184912,30.3819483],[78.0185274,30.3819554],[78.0185713,30.3819555],[78.0186005,30.3819526],[78.01863,30.3819437],[78.0193228,30.3816447]]}},{"type":"Feature","properties":{"c":"residential"},"geometry":{"type":"LineString","coordinates":[[78.0134185,30.3783687],[78.0149167,30.3777769]]}},{"type":"Feature","properties":{"c":"residential"},"geometry":{"type":"LineString","coordinates":[[77.96159,30.3820122],[77.9615793,30.3819318],[77.9615726,30.3818848],[77.9614707,30.3815549],[77.9613487,30.3811697],[77.9612266,30.3807137],[77.9611266,30.3803958],[77.9610556,30.3801741],[77.9609434,30.379724],[77.9609247,30.3796289],[77.9609206,30.379616],[77.9609098,30.3796029],[77.9608917,30.3795967],[77.9608706,30.3795948],[77.9608427,30.3795985],[77.959996,30.3798598],[77.9599765,30.3798716],[77.9599618,30.3798926],[77.9599628,30.3799128],[77.9600409,30.3801284]]}},{"type":"Feature","properties":{"c":"residential"},"geometry":{"type":"LineString","coordinates":[[77.9609098,30.3796029],[77.960874,30.3794436],[77.9608174,30.3792196],[77.9607339,30.3789757],[77.9606813,30.3787955],[77.9605778,30.3784199],[77.9605622,30.3783592],[77.9604548,30.3779567],[77.9603923,30.3776788],[77.9602947,30.3773184],[77.9602244,30.3770522],[77.9601932,30.3769579],[77.9601727,30.3768927],[77.9601489,30.3767373],[77.9600928,30.3764323],[77.9600877,30.3763708],[77.9600588,30.3760262],[77.9600231,30.3757755],[77.959977,30.3754904],[77.9599533,30.3752983],[77.9599006,30.3749992],[77.9598819,30.3748834],[77.9598602,30.374747],[77.9598462,30.374659],[77.9597969,30.3743907],[77.9597425,30.3741253],[77.9596864,30.3738942],[77.9596464,30.3736889],[77.9596194,30.3735614],[77.9596084,30.3734064],[77.9596167,30.3732763],[77.9596369,30.3731859],[77.9596455,30.3731632],[77.9596589,30.3731487],[77.9596832,30.373138],[77.9597197,30.3731383],[77.9597535,30.3731481],[77.9599066,30.373209],[77.9599643,30.3732256],[77.9600157,30.3732335],[77.9602084,30.3732492],[77.9602825,30.3732744],[77.960347,30.3733266],[77.9605135,30.3736087],[77.9606207,30.3737303],[77.9607322,30.3738445],[77.961189,30.3742387],[77.961278,30.3743125],[77.9613641,30.3743936],[77.9614474,30.3744759],[77.9615195,30.3745801],[77.9615616,30.3746683],[77.9616052,30.3747777],[77.9616828,30.3749994],[77.9617114,30.3751577],[77.961713,30.3753222],[77.9616927,30.3755828],[77.9616531,30.3760987],[77.9616538,30.3761237],[77.9616632,30.376191]]}},{"type":"Feature","properties":{"c":"tertiary"},"geometry":{"type":"LineString","coordinates":[[77.96159,30.3820122],[77.9615086,30.3820984],[77.9614752,30.3821218],[77.9614398,30.3821398],[77.9613939,30.3821452],[77.9613271,30.3821416],[77.9612103,30.3821182],[77.9610518,30.3820876],[77.9609099,30.3820786],[77.9604092,30.3821146],[77.9601422,30.3821308],[77.9599378,30.3821308],[77.9595915,30.3820992],[77.9595101,30.382088],[77.95947,30.3820761],[77.959433,30.3820588],[77.9593902,30.3820147],[77.9593572,30.3819595],[77.9593161,30.3818014],[77.959241,30.3814469],[77.9592202,30.3813318],[77.9591993,30.381267],[77.9591701,30.3811986],[77.9591075,30.381096],[77.9590512,30.3810348],[77.9587853,30.3807664],[77.9587696,30.3807505],[77.9585047,30.3804283],[77.958271,30.3801026],[77.9582568,30.3800754],[77.9582481,30.380045],[77.9582432,30.3799802],[77.9582407,30.3797329],[77.9582502,30.3795627],[77.9582502,30.3794241],[77.958233,30.3793094],[77.9582063,30.3791308],[77.9581479,30.3787925],[77.9580854,30.3785711],[77.9580764,30.3785149],[77.9580733,30.3784739],[77.9580843,30.378418],[77.9581146,30.3783789],[77.9581745,30.3783498],[77.9582693,30.3783171],[77.9584322,30.3782421],[77.958509,30.3781898],[77.9585749,30.3781254],[77.9586115,30.3780859],[77.958644,30.3780571],[77.9586717,30.3780389],[77.9587009,30.3780286],[77.9587422,30.378032],[77.9587815,30.3780457],[77.9589493,30.3781852],[77.9589996,30.3782243],[77.9590386,30.3782321],[77.9590772,30.3782262],[77.9591063,30.3782043],[77.9591224,30.378181],[77.9591249,30.3781514],[77.9591243,30.3781102],[77.9590103,30.3776613],[77.9590067,30.3775971],[77.9590113,30.3775543],[77.9590295,30.3775172],[77.9590477,30.3774919],[77.959103,30.3774616],[77.9593314,30.3773905],[77.9598682,30.3771693],[77.9602244,30.3770522],[77.9603506,30.3770213],[77.9604229,30.376994],[77.9604906,30.3769613],[77.9605598,30.3769126],[77.96059,30.3768694],[77.9606252,30.3767885],[77.9606685,30.3766865],[77.9607167,30.3766241],[77.9607727,30.3765766],[77.9608569,30.3765286],[77.960941,30.3765025],[77.961241,30.3764158],[77.9613788,30.3763764],[77.9615021,30.3763205],[77.9615892,30.3762555],[77.9616632,30.376191]]}},{"type":"Feature","properties":{"c":"service"},"geometry":{"type":"LineString","coordinates":[[77.9598602,30.374747],[77.959487,30.3749],[77.9590549,30.3751014],[77.9590345,30.3751066],[77.9590142,30.3751056],[77.9589938,30.3750994],[77.9589686,30.3750797],[77.9588923,30.3750136],[77.9588238,30.3749554]]}},{"type":"Feature","properties":{"c":"residential"},"geometry":{"type":"LineString","coordinates":[[77.9648076,30.3812513],[77.9645392,30.3807131],[77.964511,30.3806728],[77.9644994,30.3806473],[77.9644954,30.3806248],[77.9645009,30.3805988],[77.96452,30.3805682],[77.9645399,30.3805367],[77.9645453,30.3805175],[77.9645392,30.380491],[77.9643865,30.3801081],[77.9643797,30.3800974],[77.9643719,30.3800895],[77.9642961,30.3800304],[77.9642878,30.3800221],[77.9640579,30.3795259],[77.9639631,30.3793486],[77.9639579,30.3793253],[77.9639473,30.3791686],[77.9639156,30.3790131],[77.9638698,30.3787899],[77.9638239,30.3785955],[77.9636633,30.3782231],[77.9635944,30.3779693],[77.9634129,30.377451],[77.963415,30.3774258],[77.9634282,30.3774049],[77.9634479,30.3773914],[77.9644934,30.3770086],[77.9650354,30.3768163]]}},{"type":"Feature","properties":{"c":"residential"},"geometry":{"type":"LineString","coordinates":[[77.965196,30.377102],[77.9646334,30.3772922],[77.9642253,30.3774266]]}},{"type":"Feature","properties":{"c":"residential"},"geometry":{"type":"LineString","coordinates":[[77.9647438,30.3775194],[77.9646334,30.3772922],[77.9644934,30.3770086],[77.9643245,30.3766493],[77.9641523,30.3762761],[77.9640324,30.3760163]]}},{"type":"Feature","properties":{"c":"residential"},"geometry":{"type":"LineString","coordinates":[[77.9635644,30.3769165],[77.9643245,30.3766493],[77.9651675,30.3763792]]}},{"type":"Feature","properties":{"c":"residential"},"geometry":{"type":"LineString","coordinates":[[77.9634917,30.3765145],[77.9641523,30.3762761],[77.9647936,30.3760633]]}},{"type":"Feature","properties":{"c":"service"},"geometry":{"type":"LineString","coordinates":[[77.958233,30.3793094],[77.9586559,30.3791935],[77.9589123,30.3791274],[77.9591136,30.3790881],[77.9591304,30.3790781],[77.9591382,30.3790651],[77.9591386,30.3790548],[77.9591376,30.3790451],[77.95908,30.3788966]]}},{"type":"Feature","properties":{"c":"service"},"geometry":{"type":"LineString","coordinates":[[77.9712591,30.3816943],[77.971062,30.3816962],[77.9709613,30.3816859],[77.9708103,30.3816362],[77.9704489,30.3815218],[77.9704086,30.3814938],[77.9703877,30.3814532],[77.9703886,30.3814088],[77.9704129,30.3813392],[77.9704481,30.3812743],[77.9704928,30.3812238],[77.9705204,30.3812001],[77.9705814,30.3811523],[77.9706286,30.3811248],[77.9707029,30.3810978],[77.9707552,30.3810864],[77.9708262,30.3810898],[77.9711283,30.3811384]]}},{"type":"Feature","properties":{"c":"service"},"geometry":{"type":"LineString","coordinates":[[77.9704928,30.3812238],[77.9703574,30.3809479],[77.9702137,30.3806812],[77.9699438,30.3801383]]}},{"type":"Feature","properties":{"c":"service"},"geometry":{"type":"LineString","coordinates":[[77.9695661,30.3802842],[77.9699626,30.3810988]]}},{"type":"Feature","properties":{"c":"residential"},"geometry":{"type":"LineString","coordinates":[[77.9184119,30.4199497],[77.9181209,30.4201798],[77.9179627,30.4202862],[77.9179412,30.4203105],[77.9179399,30.420329],[77.9179761,30.4203683],[77.9180565,30.4204447],[77.9180686,30.4204759],[77.9180565,30.4205152],[77.9179855,30.4206042],[77.9177374,30.4208471],[77.9176065,30.4210049]]}},{"type":"Feature","properties":{"c":"residential"},"geometry":{"type":"LineString","coordinates":[[77.9204336,30.4198341],[77.9209372,30.419553]]}},{"type":"Feature","properties":{"c":"residential"},"geometry":{"type":"LineString","coordinates":[[77.9206007,30.42019],[77.9204813,30.4199346],[77.9204336,30.4198341],[77.9203069,30.4195669],[77.9202855,30.4195044],[77.9202881,30.4194559],[77.920323,30.4194073],[77.9207307,30.4192014]]}},{"type":"Feature","properties":{"c":"residential"},"geometry":{"type":"LineString","coordinates":[[77.9182955,30.4212317],[77.9186413,30.4209385],[77.9187995,30.4208043],[77.9190597,30.4206008],[77.9196283,30.4202238],[77.9200203,30.419978],[77.9200273,30.4199693],[77.9200317,30.4199598],[77.9200337,30.4199488],[77.92003,30.4199372],[77.9196256,30.4195229],[77.9196055,30.4194871],[77.9196082,30.4194628],[77.9196364,30.419435],[77.919694,30.419398],[77.9197142,30.4193656],[77.9197048,30.4193194],[77.9194486,30.4189863]]}},{"type":"Feature","properties":{"c":"residential"},"geometry":{"type":"LineString","coordinates":[[77.9171624,30.420848],[77.9176971,30.420351]]}},{"type":"Feature","properties":{"c":"residential"},"geometry":{"type":"LineString","coordinates":[[77.9802516,30.3790545],[77.9799807,30.3795773],[77.9798815,30.3797224],[77.9797859,30.379843],[77.9792954,30.3804485],[77.979162,30.3806436],[77.9791198,30.3807738],[77.9791032,30.3809222],[77.9790951,30.3810705],[77.9791219,30.3812598],[77.9794004,30.3826457],[77.9794259,30.3830232],[77.9794412,30.3834712],[77.9794299,30.3836991],[77.9794172,30.3838045],[77.9793559,30.3840251],[77.9793325,30.3841855],[77.9793274,30.3843447],[77.9793325,30.3847504],[77.979358,30.3848971],[77.9793984,30.3850259],[77.9794902,30.3851819],[77.9802813,30.3859938],[77.9805295,30.3861482],[77.9806424,30.3861996],[77.9807507,30.3862338],[77.9809082,30.3862326],[77.9813475,30.3861883],[77.9814713,30.3861962],[77.9815493,30.3862118],[77.9816375,30.386253],[77.9820832,30.3867779],[77.9821182,30.3868016],[77.9821848,30.3868261],[77.9823404,30.3868556]]}},{"type":"Feature","properties":{"c":"residential"},"geometry":{"type":"LineString","coordinates":[[77.976179,30.3772801],[77.9766051,30.3780436],[77.9766548,30.3780862],[77.9767024,30.3781026],[77.97676,30.3780985],[77.9775084,30.3777618],[77.9777142,30.377708],[77.9779664,30.377678],[77.9781394,30.3776699],[77.9783204,30.3777103],[77.9789481,30.3778712],[77.9792257,30.3779394],[77.9794121,30.3779545],[77.9795408,30.3779394],[77.9799411,30.3778625],[77.9799727,30.3778613],[77.9799894,30.3778663],[77.9799998,30.3778761],[77.9802838,30.3783849],[77.9803321,30.3785376],[77.9803347,30.3787064],[77.9802516,30.3790545],[77.9801094,30.3796505],[77.9801068,30.3797108],[77.9801215,30.3797628],[77.980146,30.3797856]]}},{"type":"Feature","properties":{"c":"residential"},"geometry":{"type":"LineString","coordinates":[[77.980146,30.3797856],[77.9803583,30.3798319]]}},{"type":"Feature","properties":{"c":"residential"},"geometry":{"type":"LineString","coordinates":[[77.9884622,30.3956412],[77.988355,30.3955598],[77.9882873,30.3954998],[77.988086,30.3953141],[77.9879991,30.3952359],[77.9879084,30.3951716],[77.9875669,30.3950216],[77.9875049,30.3949919],[77.9874536,30.3949593],[77.9873481,30.3948739],[77.9873093,30.3948631],[77.987269,30.3948641],[77.9872323,30.3948831],[77.987193,30.3949109],[77.9867729,30.3952869]]}},{"type":"Feature","properties":{"c":"residential"},"geometry":{"type":"LineString","coordinates":[[77.9901026,30.3957182],[77.9899886,30.395823],[77.9899575,30.3958437],[77.9899315,30.3958508],[77.9898769,30.3958576],[77.9897351,30.3958529],[77.989703,30.3958575],[77.9896373,30.3958712],[77.9895569,30.3958987],[77.9891275,30.3960542],[77.989069,30.396065],[77.9890207,30.3960601],[77.9889652,30.396035],[77.9886153,30.3957535]]}},{"type":"Feature","properties":{"c":"residential"},"geometry":{"type":"LineString","coordinates":[[77.9886153,30.3957535],[77.9884622,30.3956412]]}},{"type":"Feature","properties":{"c":"residential"},"geometry":{"type":"LineString","coordinates":[[77.9825215,30.3868821],[77.982845,30.3869584],[77.9829432,30.3870029],[77.9830191,30.3870474],[77.9830471,30.3870803],[77.9830706,30.3871405],[77.9831658,30.3886178],[77.9831524,30.3886629],[77.9831149,30.3886988],[77.9830505,30.3887173],[77.9823706,30.3887138],[77.9822887,30.3887344],[77.9822405,30.3887913],[77.9821452,30.3890296],[77.9821345,30.3891048],[77.9821385,30.3891777],[77.9822311,30.3895248],[77.9823357,30.3897712],[77.9824403,30.3900072],[77.9824939,30.3901795],[77.982498,30.3902597],[77.9824577,30.3903542],[77.9821828,30.3906596],[77.9818545,30.3910838],[77.9817965,30.3911758],[77.9817527,30.3912818],[77.9817211,30.3914269],[77.9816954,30.391648],[77.9816798,30.3917812],[77.9816488,30.3919505],[77.9816254,30.3920553],[77.9816217,30.3921497],[77.9816379,30.3922664],[77.9817871,30.3928496],[77.9817889,30.3929692],[77.9817873,30.3931235],[77.9817343,30.3935516],[77.9817402,30.3936368],[77.9817611,30.3937136],[77.9818081,30.3937667],[77.9818684,30.3938003],[77.9819403,30.3938043],[77.981996,30.3937945],[77.982223,30.3937506],[77.9823365,30.3937182],[77.9824115,30.3936863],[77.9826807,30.3935916],[77.9828444,30.3935438],[77.982936,30.3935243],[77.9831472,30.3935012],[77.9835193,30.3934628],[77.9836713,30.3934594],[77.983744,30.3934683],[77.9838081,30.3934831],[77.9838593,30.3935108],[77.9839186,30.3935568],[77.9839594,30.3936185],[77.9841125,30.3939001],[77.9841392,30.3939445],[77.9843648,30.3943264],[77.9844155,30.3943811],[77.9844555,30.3944063],[77.9845332,30.3944275],[77.9849204,30.3944618],[77.9850046,30.3944912],[77.9850916,30.394535],[77.9852105,30.3946199],[77.9854555,30.3948323],[77.985661,30.3950525],[77.9856949,30.3951015],[77.9857136,30.3951846],[77.9857121,30.3952517],[77.9855818,30.395615],[77.9855406,30.3956885],[77.985496,30.3957577],[77.9853119,30.3959903],[77.9852662,30.3960589],[77.9852398,30.396132],[77.9852237,30.3962212],[77.9852081,30.3963715],[77.9852026,30.3966627],[77.9852075,30.3966937],[77.9852219,30.3967108],[77.9852484,30.3967258],[77.9852814,30.3967316],[77.9853095,30.3967218],[77.9856671,30.3964138],[77.9856961,30.3963983],[77.985736,30.3963953],[77.985769,30.3964188],[77.9860711,30.3969048]]}},{"type":"Feature","properties":{"c":"residential"},"geometry":{"type":"LineString","coordinates":[[77.9823404,30.3868556],[77.9825215,30.3868821]]}},{"type":"Feature","properties":{"c":"residential"},"geometry":{"type":"LineString","coordinates":[[78.0159056,30.3705493],[78.0160108,30.3707242]]}},{"type":"Feature","properties":{"c":"unclassified"},"geometry":{"type":"LineString","coordinates":[[77.9254633,30.4139653],[77.9255626,30.4138866],[77.9256337,30.4138218]]}},{"type":"Feature","properties":{"c":"unclassified"},"geometry":{"type":"LineString","coordinates":[[77.9142501,30.4068347],[77.9142685,30.4069704],[77.9142861,30.4070787],[77.9142997,30.4071249],[77.9143109,30.4071627],[77.9143516,30.4072604],[77.9144055,30.4073626],[77.9144425,30.407425],[77.9144718,30.4074795],[77.9144841,30.407526],[77.9144872,30.4075845],[77.9144841,30.4076642],[77.9144625,30.407813],[77.9144579,30.4078568],[77.9144625,30.4079007],[77.9144733,30.4079498],[77.9144887,30.4079884],[77.9145149,30.4080282],[77.9145931,30.4081265],[77.9146416,30.4081875],[77.9147325,30.4083018],[77.9148789,30.4085175],[77.9148992,30.4085631],[77.9149236,30.4086086],[77.9149643,30.408649],[77.9150293,30.4086928],[77.9151228,30.4087419],[77.9152143,30.4087822],[77.9152793,30.4088488],[77.9153078,30.4088961],[77.9153159,30.4089645],[77.9153485,30.4091135],[77.9153769,30.4091889],[77.9154155,30.409259],[77.9154684,30.4093449],[77.9155843,30.4094589],[77.9156717,30.4095378],[77.9157347,30.4096167],[77.9160016,30.4099492],[77.9160823,30.4100497],[77.9161087,30.4100777],[77.9161494,30.4101058],[77.9162205,30.4101321],[77.9163432,30.4101453],[77.9165942,30.410162],[77.9166175,30.4101636],[77.9167591,30.4101713],[77.9168599,30.4101819],[77.9169502,30.4102079],[77.9170157,30.4102415],[77.9171077,30.4103056],[77.9172217,30.4104121],[77.9173011,30.4104745],[77.9174365,30.4105541],[77.9176023,30.4106255],[77.9177366,30.4106725],[77.9177692,30.4106839],[77.917935,30.4107272],[77.9181568,30.4107695],[77.9183518,30.4107917],[77.9185585,30.4107997],[77.9187639,30.4107977],[77.9188048,30.4108028],[77.9188433,30.4108128],[77.9188924,30.410837],[77.9191305,30.4110233],[77.9192706,30.411128],[77.9193629,30.4111844],[77.9195275,30.4112589],[77.9196337,30.4112971],[77.9197084,30.4113163],[77.9197657,30.4113374],[77.9198544,30.4113807],[77.919984,30.4114623],[77.9201428,30.4115237],[77.9203992,30.4115989],[77.9204965,30.4116274],[77.9206719,30.4116705],[77.9207436,30.4116881],[77.9208992,30.4117121],[77.9211503,30.4117147],[77.9212493,30.4117053],[77.9213598,30.4116948],[77.9214445,30.4116868],[77.9215462,30.4116988],[77.9216695,30.411728],[77.9219837,30.4118316],[77.9221393,30.4118967],[77.9222492,30.4119528],[77.9223021,30.4119798],[77.9223319,30.411995],[77.9225306,30.4121226],[77.9228541,30.4123072],[77.9230307,30.4124023],[77.9231546,30.4124519],[77.9233982,30.4125636],[77.9236037,30.4126874],[77.9238431,30.412841],[77.9239088,30.4128994],[77.9240559,30.4130534],[77.924424,30.4134479],[77.9245197,30.4135512],[77.9245967,30.4136439],[77.9246609,30.4137154],[77.9247598,30.4138269],[77.9248338,30.413896],[77.9249262,30.4139637],[77.9250363,30.414019],[77.925138,30.4140518],[77.9251858,30.4140587],[77.9252344,30.4140587],[77.9252745,30.4140471],[77.9253311,30.4140306],[77.9253909,30.4140023],[77.9254633,30.4139653]]}},{"type":"Feature","properties":{"c":"residential"},"geometry":{"type":"LineString","coordinates":[[77.9223021,30.4119798],[77.9223226,30.4119187],[77.9223266,30.4118632],[77.9223159,30.4117672],[77.922277,30.411603],[77.9222502,30.4115266],[77.9222207,30.4115047],[77.9221657,30.4114896]]}},{"type":"Feature","properties":{"c":"service"},"geometry":{"type":"LineString","coordinates":[[77.9222492,30.4119528],[77.9222059,30.4120841],[77.9222059,30.4121327],[77.9222126,30.4121616],[77.9222314,30.4121859],[77.9224688,30.4122981]]}},{"type":"Feature","properties":{"c":"residential"},"geometry":{"type":"LineString","coordinates":[[77.9206719,30.4116705],[77.9207025,30.4115301],[77.9206945,30.4114792],[77.9206637,30.4114561],[77.9205845,30.4114249],[77.9205269,30.4114249],[77.9204907,30.4114434],[77.9204544,30.4114908],[77.9203992,30.4115989]]}},{"type":"Feature","properties":{"c":"residential"},"geometry":{"type":"LineString","coordinates":[[77.9211147,30.411373],[77.9214603,30.4113265]]}},{"type":"Feature","properties":{"c":"residential"},"geometry":{"type":"LineString","coordinates":[[77.9212493,30.4117053],[77.9212484,30.4115856],[77.9212376,30.4115486],[77.9212081,30.4115255],[77.9211612,30.4115023],[77.9211397,30.4114781],[77.9211223,30.4114283],[77.9211147,30.411373],[77.9210941,30.4112225]]}},{"type":"Feature","properties":{"c":"residential"},"geometry":{"type":"LineString","coordinates":[[77.9146488,30.4182924],[77.9150314,30.417981]]}},{"type":"Feature","properties":{"c":"residential"},"geometry":{"type":"LineString","coordinates":[[77.9903948,30.3973475],[77.9903365,30.3971721],[77.9903176,30.3971458],[77.990295,30.3971214],[77.990239,30.3970892],[77.990218,30.3970694],[77.9901982,30.3970412],[77.9899914,30.3965848]]}},{"type":"Feature","properties":{"c":"service"},"geometry":{"type":"LineString","coordinates":[[77.9837257,30.3947579],[77.9841858,30.3944949],[77.9842273,30.3944591],[77.9842514,30.3944315],[77.984261,30.3944068],[77.9842658,30.3943781],[77.9842221,30.3941819],[77.984205,30.3941303],[77.9841771,30.3940821],[77.9841392,30.3940223],[77.9841301,30.3940004],[77.98412,30.3939656],[77.9841125,30.3939001]]}},{"type":"Feature","properties":{"c":"service"},"geometry":{"type":"LineString","coordinates":[[77.9831682,30.3938047],[77.9831472,30.3935012]]}},{"type":"Feature","properties":{"c":"service"},"geometry":{"type":"LineString","coordinates":[[77.9854339,30.3975035],[77.9854538,30.3973673],[77.985452,30.3973307],[77.9854483,30.3973048],[77.9854338,30.3972653],[77.9852678,30.3970329],[77.9852499,30.3969961],[77.9852437,30.3969489],[77.9852484,30.3967258]]}},{"type":"Feature","properties":{"c":"residential"},"geometry":{"type":"LineString","coordinates":[[77.9907043,30.4004124],[77.9914209,30.4008611],[77.991442,30.4008651],[77.9914593,30.4008615],[77.9915162,30.4008171],[77.9915344,30.4008055],[77.9915564,30.4008025],[77.9915785,30.400807],[77.9918125,30.4009538]]}},{"type":"Feature","properties":{"c":"service"},"geometry":{"type":"LineString","coordinates":[[77.9893943,30.3966842],[77.9894075,30.3965332],[77.9894172,30.3964938],[77.9894449,30.3964575],[77.9894851,30.3964304],[77.990045,30.3961668]]}},{"type":"Feature","properties":{"c":"service"},"geometry":{"type":"LineString","coordinates":[[77.9883038,30.4092396],[77.9880431,30.409095]]}},{"type":"Feature","properties":{"c":"residential"},"geometry":{"type":"LineString","coordinates":[[77.9626094,30.3710193],[77.9625034,30.3708723],[77.9624069,30.3707682],[77.9623184,30.3706814],[77.962089,30.3705217],[77.9615942,30.3701295],[77.9615101,30.3700574],[77.9613917,30.3699559],[77.9612468,30.3698425],[77.9611583,30.3697592],[77.961047,30.3696134],[77.9609759,30.3695382],[77.9608968,30.3694862],[77.9608043,30.3694595],[77.9607171,30.3694584],[77.9605615,30.3695278],[77.9604287,30.3696262],[77.9603885,30.3696748],[77.9603751,30.3697569],[77.9603912,30.3698379],[77.9604502,30.3699363],[77.9605575,30.3700473],[77.9607426,30.3702174],[77.9608405,30.3703979],[77.9609122,30.3706351],[77.9609196,30.3706936],[77.9609122,30.3707653],[77.9608941,30.3708654],[77.9608874,30.3709221],[77.9608887,30.3709996],[77.9609169,30.3710864],[77.9609786,30.3713132],[77.9610054,30.3713652],[77.961043,30.3714161],[77.9611181,30.3715295],[77.9612358,30.371712],[77.961682,30.3722747],[77.961923,30.3725676],[77.9620744,30.3728536],[77.9621269,30.37296],[77.9621834,30.3730557],[77.9622461,30.3731098],[77.9623214,30.3731494],[77.9624544,30.3731782]]}},{"type":"Feature","properties":{"c":"service"},"geometry":{"type":"LineString","coordinates":[[77.9636374,30.3726554],[77.9639277,30.3736951]]}},{"type":"Feature","properties":{"c":"track"},"geometry":{"type":"LineString","coordinates":[[77.9619938,30.3829508],[77.9611758,30.3834047]]}},{"type":"Feature","properties":{"c":"track"},"geometry":{"type":"LineString","coordinates":[[77.9587853,30.3807664],[77.9589327,30.3806646],[77.959144,30.3805229],[77.9591772,30.3805051],[77.9595534,30.3803888],[77.9595931,30.3803762],[77.959614,30.3803636],[77.9596244,30.3803491],[77.9596349,30.3803203],[77.9596558,30.3802752],[77.9596871,30.3802464],[77.959754,30.3802013],[77.9598209,30.3801797]]}},{"type":"Feature","properties":{"c":"residential"},"geometry":{"type":"LineString","coordinates":[[77.9701511,30.3899462],[77.970094,30.3899333],[77.9700565,30.3899243],[77.9700385,30.389924],[77.97002,30.3899248],[77.970006,30.3899277],[77.9699883,30.3899327],[77.9699743,30.389939],[77.9699614,30.3899483],[77.9699451,30.3899681],[77.9699301,30.3899911],[77.9699185,30.3900108],[77.9699043,30.3900319],[77.9698785,30.3900553]]}},{"type":"Feature","properties":{"c":"residential"},"geometry":{"type":"LineString","coordinates":[[77.9698785,30.3900553],[77.9698087,30.3900956]]}},{"type":"Feature","properties":{"c":"residential"},"geometry":{"type":"LineString","coordinates":[[78.008156,30.3709655],[78.0082049,30.3710372],[78.0082297,30.3710563],[78.0082552,30.3710615],[78.008325,30.3710418],[78.0084617,30.3709846],[78.0085167,30.3709718],[78.0085627,30.3709689],[78.0086347,30.3709568],[78.0087038,30.3709331],[78.0087447,30.3709151],[78.0087926,30.3708969],[78.0088242,30.3709348],[78.0088846,30.3710076],[78.0089807,30.3711095],[78.0091149,30.3712571],[78.0092272,30.3713781],[78.0092862,30.3714601],[78.0094858,30.3717599],[78.0095143,30.3718026],[78.0097512,30.3721717],[78.0098773,30.3723612],[78.0099006,30.3723887],[78.0099279,30.3724098],[78.0099983,30.3724291],[78.0100206,30.3724404],[78.0100349,30.3724508],[78.0104374,30.372848],[78.0104787,30.3728864],[78.010966,30.3733391],[78.0110733,30.3734388],[78.0117619,30.3740918],[78.0121238,30.3744229],[78.0122028,30.3745013],[78.0122503,30.3745584],[78.0124855,30.3749068],[78.012627,30.3751409],[78.0126583,30.375221],[78.0127268,30.375437],[78.0128119,30.3758349],[78.0128481,30.3760044],[78.0129313,30.3762943],[78.0129794,30.3764615],[78.0130499,30.376678],[78.013059,30.3767198],[78.013063,30.376763],[78.0130647,30.37692],[78.0130712,30.376971],[78.0130842,30.3770083],[78.0130996,30.3770436],[78.0133366,30.3775548],[78.0135677,30.3779534],[78.0136,30.3780442],[78.0136069,30.3780882],[78.0136,30.3781167],[78.0135794,30.3781429],[78.0132636,30.3783076],[78.0131504,30.3783666],[78.0128304,30.3785392],[78.0128099,30.3785531],[78.0127914,30.3785703],[78.0127771,30.3785843],[78.012763,30.378607],[78.0127177,30.3786892]]}},{"type":"Feature","properties":{"c":"residential"},"geometry":{"type":"LineString","coordinates":[[78.0119899,30.3768347],[78.0120914,30.3770134],[78.0121815,30.3771718],[78.012191,30.3771943],[78.0121954,30.3772168],[78.0121922,30.3772318],[78.0121763,30.3772497],[78.0121385,30.3772729],[78.0121142,30.3772889],[78.0121037,30.3773109],[78.0121014,30.377328],[78.0121037,30.3773409],[78.0122256,30.3775866],[78.0122541,30.3776548],[78.0122685,30.3777017],[78.0123167,30.377844],[78.0123556,30.3779203],[78.0123914,30.3779767],[78.0126273,30.3783385],[78.0127914,30.3785703]]}},{"type":"Feature","properties":{"c":"residential"},"geometry":{"type":"LineString","coordinates":[[78.0117037,30.3775821],[78.0118383,30.377523],[78.011866,30.3775059],[78.0118859,30.377486],[78.0118974,30.377462],[78.011959,30.3773638],[78.0119853,30.377336],[78.0120093,30.3773215],[78.0120314,30.3773136],[78.0121142,30.3772889]]}},{"type":"Feature","properties":{"c":"residential"},"geometry":{"type":"LineString","coordinates":[[78.011489,30.3772622],[78.0120914,30.3770134]]}},{"type":"Feature","properties":{"c":"residential"},"geometry":{"type":"LineString","coordinates":[[78.0115258,30.376572],[78.0115921,30.3766554],[78.0116112,30.3766652],[78.0116306,30.3766708],[78.0116555,30.3766727],[78.0116816,30.3766675],[78.0119144,30.3765889],[78.0121766,30.3764902],[78.0122329,30.3764677],[78.0122666,30.3764504],[78.0122919,30.3764281],[78.0123285,30.3763822],[78.0123488,30.3763665],[78.0123689,30.3763584],[78.0123843,30.3763557],[78.0124041,30.3763549],[78.0129313,30.3762943]]}},{"type":"Feature","properties":{"c":"residential"},"geometry":{"type":"LineString","coordinates":[[78.0068202,30.3693415],[78.0066137,30.369441],[78.0065574,30.369463],[78.0064742,30.3694723],[78.0064099,30.3694688],[78.006371,30.3694514],[78.0063307,30.3694538],[78.006316,30.3694723],[78.006324,30.3694966],[78.0063428,30.3695162],[78.0064367,30.369581],[78.0065788,30.3696967],[78.0066801,30.3698165],[78.0067156,30.369879],[78.006723,30.3699143],[78.006721,30.3699692],[78.0067196,30.3700363],[78.0067445,30.3700803],[78.0067854,30.3701058],[78.0068544,30.3701214],[78.0069041,30.3701353],[78.0069336,30.3701468],[78.0069986,30.3702325],[78.007122,30.3705287],[78.0072279,30.3707416],[78.0073419,30.370973],[78.0073714,30.371047],[78.0073929,30.3712009],[78.0074076,30.3712553],[78.0074371,30.3712912],[78.0075002,30.3713328],[78.0076155,30.3714347],[78.0076906,30.3715191],[78.0077684,30.371636],[78.0079061,30.371827],[78.0080098,30.372002],[78.0080262,30.3720366],[78.008059,30.3721392],[78.0081017,30.3723345],[78.0081181,30.3723749],[78.0081476,30.3724159],[78.0082362,30.3724902],[78.0082592,30.3725079],[78.0082879,30.3725412],[78.0083486,30.3726254],[78.0083904,30.3726678],[78.0084242,30.372697],[78.0084544,30.3727178],[78.0086151,30.3728086],[78.0086553,30.3728299],[78.0086799,30.3728532],[78.0087103,30.3728971],[78.0087642,30.3730021],[78.0088272,30.3731668],[78.0088751,30.3733137],[78.0089112,30.3734806]]}},{"type":"Feature","properties":{"c":"residential"},"geometry":{"type":"LineString","coordinates":[[78.0087642,30.3730021],[78.0088151,30.3728654],[78.0088277,30.3728393],[78.0088419,30.3728156],[78.0088624,30.3727948],[78.0088804,30.3727816],[78.009051,30.3727188],[78.0091346,30.3726956],[78.0091767,30.3726897],[78.0092049,30.3726962],[78.0092608,30.3727176],[78.0092898,30.3727212],[78.0093263,30.3727182],[78.0095977,30.3725956],[78.0097066,30.3725512],[78.0099983,30.3724291],[78.0103979,30.3721699]]}},{"type":"Feature","properties":{"c":"residential"},"geometry":{"type":"LineString","coordinates":[[78.0080098,30.372002],[78.0084476,30.3717485],[78.0085266,30.3717061],[78.0086119,30.3716635],[78.0092272,30.3713781]]}},{"type":"Feature","properties":{"c":"residential"},"geometry":{"type":"LineString","coordinates":[[78.0110891,30.3744397],[78.0108376,30.3742021],[78.0105742,30.3739532],[78.0104167,30.3738044]]}},{"type":"Feature","properties":{"c":"residential"},"geometry":{"type":"LineString","coordinates":[[78.0092608,30.3727176],[78.0092812,30.3728049],[78.0093046,30.3728647],[78.0093227,30.3728902],[78.0093446,30.3729143],[78.0098593,30.3734399],[78.0099779,30.373561],[78.0102662,30.373845],[78.0102945,30.3738635],[78.0103208,30.3738685],[78.0103369,30.3738662],[78.010355,30.3738567],[78.0104167,30.3738044],[78.0106394,30.3736158],[78.0106957,30.3735681],[78.010966,30.3733391]]}},{"type":"Feature","properties":{"c":"residential"},"geometry":{"type":"LineString","coordinates":[[78.0095977,30.3725956],[78.0101206,30.3731058],[78.0101563,30.3731409],[78.0106394,30.3736158]]}},{"type":"Feature","properties":{"c":"residential"},"geometry":{"type":"LineString","coordinates":[[78.0101563,30.3731409],[78.0104787,30.3728864]]}},{"type":"Feature","properties":{"c":"residential"},"geometry":{"type":"LineString","coordinates":[[78.0095326,30.3739175],[78.0094823,30.3737765],[78.0094805,30.3737657],[78.0094813,30.3737498],[78.009486,30.3737279],[78.0094977,30.3737114],[78.0098593,30.3734399]]}},{"type":"Feature","properties":{"c":"residential"},"geometry":{"type":"LineString","coordinates":[[78.0090309,30.3719286],[78.0094858,30.3717599]]}},{"type":"Feature","properties":{"c":"residential"},"geometry":{"type":"LineString","coordinates":[[77.9215957,30.4223447],[77.9216118,30.422317],[77.9216427,30.4222881],[77.9217406,30.422214],[77.9218036,30.4221655],[77.9218613,30.4221319],[77.921927,30.4221065],[77.9220678,30.4220706],[77.9222086,30.4220545],[77.9222716,30.4220302],[77.9223333,30.4219689],[77.9223762,30.4219272],[77.922619,30.4217966]]}},{"type":"Feature","properties":{"c":"residential"},"geometry":{"type":"LineString","coordinates":[[77.9246199,30.4204291],[77.9237421,30.4195426]]}},{"type":"Feature","properties":{"c":"residential"},"geometry":{"type":"LineString","coordinates":[[77.92497,30.4201635],[77.9241125,30.4192754]]}},{"type":"Feature","properties":{"c":"residential"},"geometry":{"type":"LineString","coordinates":[[77.9253064,30.4199145],[77.9244577,30.4190254]]}},{"type":"Feature","properties":{"c":"residential"},"geometry":{"type":"LineString","coordinates":[[77.9239394,30.4209286],[77.9242846,30.4206887],[77.9246199,30.4204291],[77.9248103,30.4202816],[77.92497,30.4201635],[77.9253064,30.4199145],[77.925655,30.4196565]]}},{"type":"Feature","properties":{"c":"residential"},"geometry":{"type":"LineString","coordinates":[[77.9242846,30.4206887],[77.9234052,30.4197856]]}},{"type":"Feature","properties":{"c":"residential"},"geometry":{"type":"LineString","coordinates":[[77.9230416,30.4200514],[77.9239394,30.4209286],[77.9240513,30.4210379],[77.9244751,30.4214982],[77.9247728,30.4217919]]}},{"type":"Feature","properties":{"c":"residential"},"geometry":{"type":"LineString","coordinates":[[77.925851,30.4198768],[77.925655,30.4196565],[77.9249659,30.4188822],[77.9248774,30.4187782],[77.9248345,30.4187643],[77.9247755,30.4187943],[77.9244577,30.4190254],[77.9242793,30.4191552],[77.9241125,30.4192754],[77.9237421,30.4195426],[77.9234052,30.4197856],[77.9232627,30.4198884],[77.9230416,30.4200514],[77.9225975,30.4203787],[77.9223695,30.4205175],[77.9221496,30.4206239]]}},{"type":"Feature","properties":{"c":"residential"},"geometry":{"type":"LineString","coordinates":[[77.9279163,30.4131219],[77.9279418,30.4130973],[77.9279566,30.4130626],[77.9279566,30.4130059],[77.9279526,30.4128775],[77.9279445,30.4128116],[77.9279539,30.4127676],[77.9280062,30.4127006],[77.9280397,30.4126682],[77.9280572,30.4126404],[77.9280639,30.4125988],[77.928033,30.4124762],[77.9280183,30.4124415],[77.9280142,30.4123987],[77.9280344,30.4123351],[77.9281041,30.4121882],[77.9281363,30.41212],[77.9281376,30.4120945],[77.9281215,30.4120552],[77.9280263,30.4119985],[77.9279311,30.4119465],[77.9278868,30.4118782],[77.9278788,30.4118007],[77.9278667,30.4117036],[77.9278426,30.4116111],[77.9278064,30.411485],[77.9277661,30.4112768],[77.9277433,30.4111739],[77.9277326,30.4110871],[77.9277286,30.4110467],[77.9277085,30.4110073],[77.9276535,30.4109611],[77.9275744,30.4108894],[77.9275328,30.4108442],[77.9274765,30.4107494],[77.9274322,30.4106904],[77.9273826,30.4106523],[77.9272713,30.4106083],[77.9267563,30.4104406],[77.9265591,30.4103816],[77.9265095,30.4103793],[77.9264384,30.4103955],[77.9263794,30.410399],[77.9262681,30.4103978],[77.9261863,30.4103897],[77.9260442,30.4103596],[77.9258215,30.4102914]]}},{"type":"Feature","properties":{"c":"residential"},"geometry":{"type":"LineString","coordinates":[[77.9288621,30.4135585],[77.9288658,30.4134836],[77.9288524,30.4134385],[77.9288216,30.4134014],[77.9287572,30.4133737],[77.9286325,30.4133367],[77.928603,30.4133216],[77.9285789,30.4133031],[77.9285681,30.4132823],[77.9285856,30.4131933],[77.9286124,30.4131192],[77.9287076,30.4128798],[77.9287505,30.4128012],[77.9288162,30.4127376],[77.9288645,30.4127144],[77.9289141,30.4127133],[77.9290402,30.4127376]]}},{"type":"Feature","properties":{"c":"track"},"geometry":{"type":"LineString","coordinates":[[77.9256906,30.4136175],[77.9256056,30.4135992],[77.925556,30.4135715],[77.9255024,30.4134974],[77.9254326,30.4133621],[77.9254004,30.4132765],[77.9253133,30.4130556],[77.9252569,30.4129724],[77.9251389,30.412807],[77.9250839,30.4127457],[77.9250705,30.4126959],[77.9250813,30.4126589],[77.9251148,30.4126069],[77.9251778,30.4125086],[77.9251832,30.4124716],[77.9251765,30.4124172],[77.9251255,30.4123467],[77.925045,30.4122588],[77.9249847,30.4122136],[77.9249257,30.412194],[77.92486,30.4121824],[77.9248305,30.4121697],[77.9248077,30.4121523],[77.9247755,30.4120968],[77.9247017,30.4119187],[77.9246628,30.4118123],[77.9246199,30.4116446],[77.924526,30.411212],[77.9244831,30.4108813],[77.9244912,30.4107471],[77.9245059,30.4107066],[77.9245435,30.4106627],[77.9246172,30.4106037],[77.9246736,30.4105771],[77.9249217,30.410547]]}},{"type":"Feature","properties":{"c":"service"},"geometry":{"type":"LineString","coordinates":[[77.9252109,30.4141762],[77.9250571,30.4141046],[77.924919,30.4140491],[77.9247983,30.4139971]]}},{"type":"Feature","properties":{"c":"residential"},"geometry":{"type":"LineString","coordinates":[[77.9250075,30.4146274],[77.9251336,30.4146309],[77.9252529,30.4146181],[77.9253227,30.4145973],[77.9253575,30.414573],[77.9253642,30.414536],[77.9253428,30.4144794],[77.9252999,30.4143984],[77.9252677,30.4143649],[77.9252221,30.4143325],[77.9251832,30.4143024],[77.9251644,30.4142793],[77.9251537,30.4142434],[77.9251657,30.414211],[77.9251912,30.4141856],[77.9252109,30.4141762],[77.9252543,30.4141555],[77.9252663,30.4141312],[77.9252745,30.4140471]]}},{"type":"Feature","properties":{"c":"residential"},"geometry":{"type":"LineString","coordinates":[[77.9253311,30.4140306],[77.9254085,30.4141937],[77.9254715,30.4143024],[77.9255506,30.41441],[77.9255976,30.4144585],[77.9257397,30.4145707],[77.9258014,30.4146575],[77.9258564,30.4147511],[77.9259288,30.4149478],[77.9259905,30.4151582],[77.9260012,30.4152508],[77.9259798,30.4153109],[77.9259181,30.4153687],[77.9255372,30.4155989],[77.9254957,30.415622],[77.9254772,30.4156431],[77.9254822,30.4156729],[77.9255024,30.4157053],[77.9256485,30.4159169],[77.925721,30.4160037],[77.9257666,30.4160372],[77.925851,30.4160812],[77.9259141,30.4161078],[77.9260415,30.4162026],[77.9261997,30.416331],[77.926299,30.4164304]]}},{"type":"Feature","properties":{"c":"residential"},"geometry":{"type":"LineString","coordinates":[[78.0101029,30.3743716],[78.0102177,30.3742697],[78.0105742,30.3739532]]}},{"type":"Feature","properties":{"c":"residential"},"geometry":{"type":"LineString","coordinates":[[78.0102177,30.3742697],[78.0104285,30.3744887],[78.0104477,30.3744973],[78.0104583,30.3744992],[78.0104666,30.3744988],[78.0104798,30.3744948],[78.0104871,30.3744895],[78.0108376,30.3742021]]}},{"type":"Feature","properties":{"c":"residential"},"geometry":{"type":"LineString","coordinates":[[78.0106957,30.3735681],[78.0115937,30.3744142]]}},{"type":"Feature","properties":{"c":"residential"},"geometry":{"type":"LineString","coordinates":[[78.0132636,30.3783076],[78.0131387,30.3781245],[78.0129762,30.3778855]]}},{"type":"Feature","properties":{"c":"residential"},"geometry":{"type":"LineString","coordinates":[[78.0124547,30.3776245],[78.0126332,30.3779759],[78.0127808,30.378226],[78.0127933,30.3782409],[78.0128131,30.3782506],[78.0128306,30.378253],[78.0128495,30.3782501],[78.0131387,30.3781245]]}},{"type":"Feature","properties":{"c":"residential"},"geometry":{"type":"LineString","coordinates":[[78.0160256,30.3773517],[78.0160065,30.3771588],[78.0160105,30.3770859],[78.0160484,30.3768241],[78.016046,30.3767891],[78.016039,30.37677],[78.0160185,30.3767512],[78.0159949,30.3767399],[78.0159632,30.3767383],[78.0159122,30.3767467],[78.0157151,30.3768198],[78.0155423,30.3768721],[78.0154764,30.376892],[78.0151797,30.376978],[78.0151425,30.3769794],[78.015122,30.376972],[78.0151068,30.3769551],[78.0149216,30.3765251],[78.0146391,30.3758411],[78.0146025,30.3757522],[78.0144586,30.3754024],[78.0143771,30.3752043],[78.0143578,30.3751574],[78.014084,30.3745157],[78.0140189,30.3743632],[78.0137025,30.3737138],[78.0136991,30.3736983],[78.0137053,30.3736835],[78.0137211,30.3736662],[78.0140021,30.3735412]]}},{"type":"Feature","properties":{"c":"residential"},"geometry":{"type":"LineString","coordinates":[[78.0146025,30.3757522],[78.0151468,30.3755769],[78.0156187,30.375425],[78.015991,30.3753051],[78.0163005,30.3752234],[78.0163324,30.3752196],[78.0163471,30.3752205],[78.0163595,30.3752242],[78.0163709,30.3752332],[78.0164574,30.3753773],[78.0165064,30.3754322],[78.0165449,30.3754666],[78.0165855,30.3754947],[78.0166646,30.3755468]]}},{"type":"Feature","properties":{"c":"residential"},"geometry":{"type":"LineString","coordinates":[[78.0144586,30.3754024],[78.0154777,30.375074],[78.015728,30.3749843]]}},{"type":"Feature","properties":{"c":"residential"},"geometry":{"type":"LineString","coordinates":[[78.0156187,30.375425],[78.0154777,30.375074]]}},{"type":"Feature","properties":{"c":"residential"},"geometry":{"type":"LineString","coordinates":[[78.0143771,30.3752043],[78.0147399,30.3750834],[78.0151358,30.3749515],[78.0154035,30.3748624]]}},{"type":"Feature","properties":{"c":"residential"},"geometry":{"type":"LineString","coordinates":[[78.014084,30.3745157],[78.0144478,30.3743825],[78.014623,30.3743184],[78.0146581,30.3743091],[78.0146932,30.3743142],[78.014717,30.374322],[78.0147439,30.3743318],[78.0148922,30.3744261],[78.0149234,30.3744564],[78.014935,30.374474],[78.0149472,30.374496],[78.0151358,30.3749515]]}},{"type":"Feature","properties":{"c":"residential"},"geometry":{"type":"LineString","coordinates":[[78.0147399,30.3750834],[78.0144478,30.3743825]]}},{"type":"Feature","properties":{"c":"residential"},"geometry":{"type":"LineString","coordinates":[[78.016501,30.3724237],[78.0163995,30.3724594],[78.0163267,30.3724827],[78.0162401,30.3725139],[78.0162137,30.3725253],[78.0162006,30.3725265],[78.0161887,30.3725249],[78.0161702,30.3725125],[78.016159,30.3724942],[78.0161339,30.372426],[78.0161178,30.37239],[78.0161054,30.3723528],[78.0160886,30.3722764],[78.0160704,30.372198],[78.0160237,30.3720642]]}},{"type":"Feature","properties":{"c":"residential"},"geometry":{"type":"LineString","coordinates":[[78.0165365,30.3729573],[78.0155995,30.3727968],[78.0155314,30.3727881],[78.0154604,30.3727821],[78.0154069,30.3727821],[78.0153521,30.3727821],[78.0149902,30.3728141],[78.014938,30.3728141],[78.0148951,30.3728091],[78.0148557,30.3727991],[78.0148384,30.372785],[78.0148255,30.3727641],[78.0147548,30.3725459]]}},{"type":"Feature","properties":{"c":"residential"},"geometry":{"type":"LineString","coordinates":[[78.0154069,30.3727821],[78.0151777,30.3723262],[78.0151607,30.3722802],[78.0151425,30.3722346],[78.0151297,30.3721996],[78.0150972,30.372148],[78.0150219,30.3720625]]}},{"type":"Feature","properties":{"c":"residential"},"geometry":{"type":"LineString","coordinates":[[78.0148669,30.3713195],[78.0149223,30.3713902],[78.0149427,30.371407],[78.0149701,30.3714179],[78.015013,30.3714146],[78.0151971,30.3713717],[78.0152275,30.3713717],[78.0152554,30.3713872],[78.0153833,30.3715075],[78.0154989,30.3716208],[78.0155329,30.3716457],[78.0155748,30.3716533],[78.0158258,30.3716134],[78.0158423,30.3716164],[78.0158596,30.3716295],[78.0158748,30.3716521],[78.0158853,30.3717801],[78.015888,30.3717949],[78.0158956,30.3718074],[78.0159163,30.371817],[78.0162115,30.3717967]]}},{"type":"Feature","properties":{"c":"residential"},"geometry":{"type":"LineString","coordinates":[[78.0161423,30.3766099],[78.0162125,30.3767054],[78.0162549,30.3766958],[78.016281,30.3766999],[78.0165101,30.3767804],[78.0165363,30.3767964],[78.0165515,30.3768155],[78.0165784,30.376897],[78.0165935,30.3769166],[78.0166773,30.3769994],[78.0167139,30.3770263],[78.0167417,30.37704],[78.0167655,30.3770494],[78.0168261,30.3770632],[78.0169576,30.3770879],[78.0170873,30.3771133],[78.0171097,30.3771175],[78.0171263,30.3771158],[78.0171858,30.3770914],[78.017199,30.3770882],[78.0172131,30.3770872],[78.0173178,30.3770858],[78.0173403,30.3770896],[78.0173634,30.3771003],[78.0173876,30.3771099],[78.0174076,30.3771146],[78.0175251,30.3771185],[78.0175509,30.3771234],[78.0175673,30.3771337],[78.0175813,30.3771475],[78.0176071,30.3772166],[78.017623,30.3772471],[78.0176386,30.3772684],[78.0176923,30.3772973],[78.0177625,30.3773267],[78.0177779,30.3773346],[78.0177847,30.3773451],[78.0177895,30.3773605],[78.0177795,30.3774829],[78.017802,30.3777101],[78.0178188,30.3779155],[78.0178305,30.3779753],[78.0178492,30.3780539],[78.0178522,30.3780673],[78.0178495,30.3781222],[78.0178429,30.3781816],[78.0178372,30.3782708],[78.0178337,30.3783264],[78.0178361,30.3784022],[78.0178725,30.3786126],[78.0179161,30.3788632],[78.0179733,30.3792844],[78.0179959,30.3795107],[78.018016,30.3797116],[78.018076,30.380129],[78.018101,30.3803191],[78.0181796,30.380607],[78.0182072,30.3807379],[78.0182168,30.3808309],[78.0182212,30.3809707],[78.0182247,30.3810162]]}},{"type":"Feature","properties":{"c":"residential"},"geometry":{"type":"LineString","coordinates":[[78.0155621,30.3793321],[78.0156595,30.3795789],[78.0156809,30.3796442],[78.0157006,30.3797187],[78.0157158,30.3798651],[78.0157294,30.3799954],[78.0157399,30.3800411],[78.0157596,30.3800904],[78.0157782,30.3801125],[78.015813,30.3801295],[78.0158501,30.3801345],[78.0163297,30.3800849],[78.0163681,30.3800837],[78.0163933,30.3800872],[78.016416,30.3800934],[78.0165519,30.3801477],[78.0167374,30.3802362],[78.0167638,30.3802556],[78.0167862,30.3802783],[78.0168044,30.3803234],[78.0168351,30.3804249],[78.0168869,30.3805804],[78.0168985,30.3806034],[78.0169136,30.3806154],[78.016967,30.3806282]]}},{"type":"Feature","properties":{"c":"residential"},"geometry":{"type":"LineString","coordinates":[[78.0160294,30.380674],[78.0167636,30.3806222],[78.0167813,30.3806172],[78.016793,30.3806077],[78.0168049,30.3805851],[78.016811,30.3805661],[78.0168351,30.3804249]]}},{"type":"Feature","properties":{"c":"residential"},"geometry":{"type":"LineString","coordinates":[[77.9653714,30.3521162],[77.9653184,30.352085],[77.9652819,30.3520757],[77.965244,30.3520743],[77.9651832,30.3520956]]}},{"type":"Feature","properties":{"c":"service"},"geometry":{"type":"LineString","coordinates":[[77.9657811,30.3553282],[77.965191,30.3548376],[77.9643971,30.3541386],[77.9643112,30.3540691],[77.9642757,30.3540564],[77.9642455,30.3540541],[77.9641047,30.3540876],[77.9640745,30.3540876],[77.964045,30.3540795],[77.9637346,30.3538116]]}},{"type":"Feature","properties":{"c":"service"},"geometry":{"type":"LineString","coordinates":[[77.9651414,30.3545783],[77.9655987,30.354296],[77.9656041,30.3542786],[77.9655987,30.3542612],[77.9655665,30.3542242],[77.9654056,30.3540645],[77.9652044,30.353884],[77.9650716,30.353781],[77.9650314,30.3537196],[77.964963,30.3535866],[77.9648651,30.3533991],[77.9648463,30.3533701],[77.9648249,30.3533597],[77.9646978,30.3533542]]}},{"type":"Feature","properties":{"c":"service"},"geometry":{"type":"LineString","coordinates":[[77.9727656,30.358955],[77.9720537,30.3593026]]}},{"type":"Feature","properties":{"c":"service"},"geometry":{"type":"LineString","coordinates":[[77.9736829,30.3607533],[77.9730392,30.3610586]]}},{"type":"Feature","properties":{"c":"service"},"geometry":{"type":"LineString","coordinates":[[77.9727208,30.3605421],[77.9721257,30.3608212]]}},{"type":"Feature","properties":{"c":"service"},"geometry":{"type":"LineString","coordinates":[[77.973294,30.360133],[77.9726466,30.3604242]]}},{"type":"Feature","properties":{"c":"service"},"geometry":{"type":"LineString","coordinates":[[77.9731277,30.3597419],[77.9724311,30.3600819]]}},{"type":"Feature","properties":{"c":"service"},"geometry":{"type":"LineString","coordinates":[[77.9722519,30.3598229],[77.9723686,30.3599826],[77.9724311,30.3600819],[77.9726466,30.3604242],[77.9727208,30.3605421],[77.9728407,30.3607324],[77.9730392,30.3610586],[77.9732054,30.3613319]]}},{"type":"Feature","properties":{"c":"service"},"geometry":{"type":"LineString","coordinates":[[77.9713064,30.359397],[77.9710181,30.3588161],[77.9710194,30.3587918],[77.9710315,30.3587721],[77.971061,30.3587571],[77.9717369,30.3585257]]}},{"type":"Feature","properties":{"c":"service"},"geometry":{"type":"LineString","coordinates":[[77.9705676,30.3572593],[77.9700834,30.3574842]]}},{"type":"Feature","properties":{"c":"service"},"geometry":{"type":"LineString","coordinates":[[77.9691205,30.353915],[77.9688669,30.35364]]}},{"type":"Feature","properties":{"c":"service"},"geometry":{"type":"LineString","coordinates":[[77.9695751,30.353628],[77.9691205,30.353915],[77.968683,30.3541911]]}},{"type":"Feature","properties":{"c":"residential"},"geometry":{"type":"LineString","coordinates":[[77.925505,30.4149339],[77.925277,30.4150831],[77.9252475,30.4151178],[77.9252435,30.4151513],[77.9252623,30.4152322],[77.9253293,30.4154138],[77.9253669,30.4154763],[77.9254772,30.4156431]]}},{"type":"Feature","properties":{"c":"residential"},"geometry":{"type":"LineString","coordinates":[[77.9177366,30.4106725],[77.9178514,30.4103504]]}},{"type":"Feature","properties":{"c":"residential"},"geometry":{"type":"LineString","coordinates":[[77.923083,30.416294],[77.9233378,30.4160788],[77.9237911,30.4156602]]}},{"type":"Feature","properties":{"c":"residential"},"geometry":{"type":"LineString","coordinates":[[78.0150335,30.3826831],[78.0151016,30.3828289],[78.0151434,30.3828769],[78.0151656,30.3828934],[78.0151933,30.382905],[78.0152362,30.382911],[78.0152748,30.3829095],[78.0152938,30.3829075],[78.0153197,30.382901],[78.015469,30.3828333],[78.0156598,30.3827336],[78.0157349,30.3826887],[78.0157856,30.3826567],[78.0158375,30.3826206],[78.0158636,30.3825956],[78.0158705,30.382584],[78.0158722,30.3825688],[78.0158667,30.3825557],[78.0158579,30.3825431],[78.0157976,30.3824764],[78.0157341,30.3824298],[78.0154696,30.3822627]]}},{"type":"Feature","properties":{"c":"residential"},"geometry":{"type":"LineString","coordinates":[[78.0158579,30.3825431],[78.0159503,30.3825372],[78.0159744,30.3825405],[78.0159939,30.3825476],[78.0162745,30.3826892],[78.016336,30.3827153],[78.0163852,30.3827317],[78.0166001,30.382784],[78.0166477,30.3827968],[78.0167034,30.3828187],[78.0167666,30.3828541],[78.0169865,30.3830032]]}},{"type":"Feature","properties":{"c":"residential"},"geometry":{"type":"LineString","coordinates":[[78.0157856,30.3826567],[78.0159558,30.3827808],[78.0159779,30.3827999],[78.0159853,30.3828169],[78.0159877,30.3828305],[78.0159845,30.3828459],[78.0159197,30.3829902],[78.0159174,30.383002],[78.0159196,30.383018],[78.0159282,30.3830378],[78.0159541,30.3830772]]}},{"type":"Feature","properties":{"c":"residential"},"geometry":{"type":"LineString","coordinates":[[78.0129088,30.3795904],[78.0131609,30.3794771],[78.0133215,30.3794102],[78.013502,30.379335],[78.0138396,30.3791821],[78.0138842,30.3791641],[78.013907,30.3791571],[78.0139297,30.3791561],[78.0139568,30.3791618],[78.0140141,30.3791926],[78.0140445,30.3792021],[78.0140618,30.3792018],[78.0140786,30.3791981],[78.0141063,30.3791866],[78.0142877,30.3790812],[78.0143093,30.379079],[78.0143306,30.3790844],[78.0143423,30.3790916],[78.0144102,30.3792502],[78.0144525,30.3793206],[78.0145492,30.3794613]]}},{"type":"Feature","properties":{"c":"residential"},"geometry":{"type":"LineString","coordinates":[[78.0131609,30.3794771],[78.0128553,30.3789188]]}},{"type":"Feature","properties":{"c":"residential"},"geometry":{"type":"LineString","coordinates":[[78.0133215,30.3794102],[78.0129891,30.3788271]]}},{"type":"Feature","properties":{"c":"residential"},"geometry":{"type":"LineString","coordinates":[[78.013502,30.379335],[78.0131704,30.3787385]]}},{"type":"Feature","properties":{"c":"residential"},"geometry":{"type":"LineString","coordinates":[[77.9165048,30.4169352],[77.9165693,30.4169451],[77.9166189,30.4169578],[77.9167315,30.4170087],[77.9167798,30.4170492],[77.9170909,30.4173418],[77.9171969,30.4174505],[77.917217,30.4174806],[77.9172197,30.4175141],[77.9172076,30.4175407],[77.9170869,30.4176633],[77.9168066,30.4178911],[77.9166873,30.4179975]]}},{"type":"Feature","properties":{"c":"track"},"geometry":{"type":"LineString","coordinates":[[77.9255694,30.4246275],[77.9255909,30.424535],[77.9255801,30.4244703],[77.9254943,30.4243084],[77.9254863,30.4242066],[77.9254729,30.4240609],[77.9254863,30.4239568],[77.925548,30.4237995],[77.9256526,30.4236191],[77.9257518,30.4235035],[77.9260039,30.4233023],[77.9262158,30.4231057],[77.9264921,30.4228813],[77.9265887,30.4228235],[77.9266718,30.4227888],[77.9268327,30.4227772],[77.9269052,30.4227634],[77.9269588,30.4227333],[77.9272512,30.4225089],[77.9276454,30.4222175],[77.9277205,30.4222013],[77.927801,30.4222036],[77.9278386,30.4222291],[77.9279485,30.4223702],[77.9280934,30.4225367],[77.9283187,30.422731],[77.9284501,30.4228096],[77.9285896,30.422879],[77.92867,30.422916],[77.9287103,30.4229415],[77.9288095,30.4230386]]}},{"type":"Feature","properties":{"c":"service"},"geometry":{"type":"LineString","coordinates":[[77.970605,30.3659477],[77.9707097,30.3660287],[77.9707432,30.3660334],[77.9707687,30.3660264],[77.9710007,30.3658899],[77.9711656,30.3658274],[77.9714717,30.3657264]]}},{"type":"Feature","properties":{"c":"tertiary"},"geometry":{"type":"LineString","coordinates":[[77.9655075,30.3595602],[77.9654835,30.3600088]]}},{"type":"Feature","properties":{"c":"tertiary"},"geometry":{"type":"LineString","coordinates":[[77.9661333,30.3584487],[77.965533,30.3589434],[77.9654855,30.358998],[77.965478,30.3590626],[77.9654914,30.3593716],[77.9655075,30.3595602]]}},{"type":"Feature","properties":{"c":"residential"},"geometry":{"type":"LineString","coordinates":[[77.9517299,30.3835571],[77.9514152,30.3830346]]}},{"type":"Feature","properties":{"c":"residential"},"geometry":{"type":"LineString","coordinates":[[77.9154877,30.4184],[77.9154494,30.4183768],[77.9153945,30.4183364],[77.9152818,30.4182323],[77.9151423,30.4180808],[77.9151096,30.4180513],[77.9150314,30.417981],[77.9150189,30.4179698],[77.9148352,30.4178379],[77.914677,30.4177165],[77.9145992,30.4176355],[77.9144986,30.4174944]]}},{"type":"Feature","properties":{"c":"residential"},"geometry":{"type":"LineString","coordinates":[[77.9211599,30.4198838],[77.9206007,30.42019],[77.9204249,30.4202862],[77.9203579,30.4203024],[77.9203123,30.4202908],[77.920264,30.4202376],[77.9200337,30.4199488]]}},{"type":"Feature","properties":{"c":"residential"},"geometry":{"type":"LineString","coordinates":[[78.0146961,30.3821716],[78.0147249,30.3822915],[78.0147386,30.3823244],[78.0147552,30.3823538],[78.0148171,30.3824429],[78.0149001,30.3825696],[78.0149108,30.3826066],[78.0149085,30.3826466],[78.0148938,30.3826728],[78.0148724,30.3826876],[78.0148529,30.3826936],[78.0148253,30.3826902],[78.0148022,30.3826769],[78.0146979,30.3825684],[78.014551,30.3824168],[78.0143577,30.3822471],[78.014192,30.3821193],[78.0141651,30.3821027],[78.0141143,30.3820783],[78.0139978,30.3820383],[78.0137988,30.3819702],[78.01375,30.38195],[78.0137165,30.3819286],[78.0136905,30.3819007],[78.013671,30.3818683],[78.0136289,30.3817689],[78.0135861,30.3816458],[78.0134959,30.3814583],[78.0134756,30.3814235],[78.0134409,30.3813788],[78.0133145,30.3812301],[78.0132485,30.3811567],[78.0132269,30.3811428],[78.0131936,30.3811315],[78.0131553,30.3811351],[78.0131147,30.3811506],[78.0129871,30.3812446],[78.0129631,30.3812559],[78.0129314,30.3812606],[78.0128931,30.3812596],[78.0128601,30.3812465],[78.0128224,30.3812196],[78.0126767,30.3810961],[78.0126617,30.3810805],[78.012651,30.3810627],[78.0126445,30.3810366],[78.012644,30.3810106],[78.0127192,30.3807433],[78.0127211,30.3807201],[78.0127165,30.3806922],[78.0127089,30.3806719],[78.0126923,30.3806522],[78.0126558,30.3806184],[78.0125509,30.3805375],[78.0125253,30.3805134],[78.0124971,30.3804804],[78.0123831,30.3803124],[78.0122891,30.3801772],[78.0122404,30.3800921],[78.0120391,30.379687],[78.012012,30.3796447],[78.0119951,30.3796322],[78.011954,30.3796157],[78.0119043,30.3796123],[78.01176,30.3796391],[78.0117113,30.3796351],[78.0116599,30.3796081],[78.0116291,30.3795765],[78.0116043,30.3795349],[78.0113827,30.3789937],[78.0113629,30.3789763],[78.0113418,30.3789654],[78.0113102,30.3789654],[78.0112744,30.3789703],[78.0112499,30.3789926],[78.011236,30.3790266],[78.0112321,30.3790545],[78.0112362,30.3790843],[78.0113087,30.3792878],[78.0113293,30.3793604],[78.0113335,30.3794318],[78.0113211,30.3794901],[78.0113118,30.3795155],[78.0112804,30.3795563],[78.011186,30.3796362],[78.0111607,30.3796781],[78.0111431,30.3797254],[78.0111217,30.3798112],[78.0110544,30.3799682],[78.0110256,30.3800136],[78.0109949,30.3800452],[78.0109761,30.3800573],[78.0109341,30.3800696],[78.0106538,30.3801221],[78.0106068,30.3801368],[78.0105589,30.3801666],[78.0105169,30.3802101],[78.0105056,30.3802341],[78.0105086,30.3802603],[78.0105344,30.3802999],[78.0105626,30.3803131],[78.010583,30.3803193],[78.0106115,30.380319],[78.0112055,30.380232],[78.011254,30.3802405],[78.0113304,30.380269],[78.0113669,30.380293],[78.01139,30.3803167],[78.0114888,30.3804717],[78.0115572,30.3805637],[78.0115943,30.3805927],[78.0117962,30.3806568],[78.0118414,30.3806828],[78.0118688,30.3807277],[78.0118722,30.380776],[78.0118671,30.3808122],[78.0118507,30.3808567],[78.01162,30.3810696],[78.0115979,30.3811436],[78.0115959,30.3811925],[78.0115993,30.3812356],[78.0116267,30.3812992],[78.0117847,30.3815038],[78.0118001,30.3815402],[78.0118023,30.3815533],[78.0118078,30.3815867],[78.0118122,30.381699],[78.011818,30.3817471],[78.0118251,30.3817772],[78.0118366,30.3817996],[78.0118591,30.3818203],[78.0119872,30.3819104],[78.0120256,30.3819509],[78.0120424,30.3819847],[78.0120507,30.3820173],[78.0120469,30.3820712],[78.0120128,30.3822582],[78.0120085,30.3822746],[78.0120008,30.3822872],[78.0119909,30.3822974],[78.0119774,30.382304],[78.0116151,30.3823785],[78.011153,30.3825237],[78.0109678,30.382592],[78.0109272,30.3826171],[78.0108993,30.3826571],[78.0108947,30.3826941],[78.0109005,30.3827371],[78.0109515,30.3829714],[78.010948,30.3830375],[78.0109341,30.3830885],[78.0108738,30.3831696],[78.0107667,30.3832832],[78.0107433,30.3833177],[78.0107427,30.3833208],[78.0107345,30.3833631],[78.0107332,30.3833999],[78.0107374,30.3834313],[78.0107599,30.3834927],[78.0108778,30.3837052],[78.0108895,30.3837359],[78.0108998,30.3837732],[78.0109021,30.3838101],[78.0108945,30.3838283],[78.0108762,30.3838482],[78.0108432,30.3838723],[78.0103435,30.3840859],[78.0103105,30.3840955],[78.0102435,30.3841071],[78.0101155,30.384117],[78.0100941,30.3841206],[78.0100147,30.3841418],[78.0099336,30.3841693],[78.0098088,30.3842161],[78.0093472,30.3844577],[78.0092312,30.3845167],[78.0090883,30.384581],[78.0086374,30.3847486],[78.0085305,30.3847911],[78.0084436,30.3848365],[78.008278,30.3849482],[78.0081828,30.3850361],[78.0077436,30.385454]]}},{"type":"Feature","properties":{"c":"residential"},"geometry":{"type":"LineString","coordinates":[[78.011153,30.3825237],[78.0108476,30.3819557],[78.0108181,30.3818595],[78.0107951,30.3817619]]}},{"type":"Feature","properties":{"c":"residential"},"geometry":{"type":"LineString","coordinates":[[78.0131889,30.3831667],[78.0133199,30.3832892],[78.0133585,30.3833369],[78.0133722,30.3833733],[78.0133753,30.3833916],[78.0133739,30.3834263],[78.0133082,30.3835848],[78.0132547,30.3837021],[78.0131999,30.3837942],[78.0131792,30.3838174],[78.0131559,30.3838336],[78.0131085,30.383854],[78.0130654,30.3838595],[78.0130384,30.3838593],[78.0130093,30.38385],[78.0129761,30.383833],[78.0128202,30.3837378],[78.0128,30.3837214],[78.0127802,30.3836973],[78.0127734,30.383682],[78.0127706,30.3836664],[78.0128022,30.3835691],[78.0128096,30.3835177],[78.0128036,30.383465],[78.0127805,30.3833499],[78.0127647,30.383312],[78.0127372,30.38326],[78.012702,30.3831995],[78.0126926,30.3831771],[78.0126899,30.383148],[78.0126906,30.3830838],[78.012687,30.3830602],[78.0126768,30.383035],[78.0126497,30.3830046],[78.0126091,30.3829754],[78.0125029,30.3829128],[78.012475,30.3829038],[78.0124386,30.3829019],[78.0123927,30.3829078],[78.0123429,30.3829221],[78.0121486,30.382993],[78.0121316,30.3829938],[78.0121062,30.3829916],[78.0120861,30.3829859],[78.0120706,30.3829779],[78.012055,30.382965],[78.0120423,30.3829451],[78.0120299,30.3829027],[78.0120142,30.3827972],[78.0120153,30.3825052],[78.0120148,30.3824691],[78.0120096,30.3824273],[78.0119969,30.3823642],[78.0119774,30.382304]]}},{"type":"Feature","properties":{"c":"residential"},"geometry":{"type":"LineString","coordinates":[[78.0108945,30.3838283],[78.0109751,30.3840207],[78.011029,30.3841207],[78.0110756,30.3841968],[78.0111554,30.384298],[78.0114425,30.3846602],[78.0116295,30.3849829],[78.0118732,30.3853982],[78.0119551,30.3855623],[78.012153,30.3861971],[78.0121786,30.38637],[78.0121818,30.3864934],[78.0121538,30.3867194],[78.0121238,30.3868696],[78.0120469,30.3871665],[78.0120391,30.3872056],[78.0120375,30.3872518],[78.0120405,30.3872815],[78.0120475,30.3873064],[78.0120834,30.3873797],[78.0121277,30.387447],[78.012306,30.3876507],[78.0124839,30.387837],[78.0126198,30.3879607],[78.0126782,30.3880237],[78.0127204,30.3880903],[78.0127442,30.388142],[78.012763,30.3882008],[78.0127759,30.3882355],[78.0129839,30.3887751],[78.0130208,30.3889035],[78.0130322,30.3889672],[78.0130396,30.3890144],[78.0131285,30.3895179],[78.0131637,30.3896549],[78.0132602,30.3899198],[78.0133873,30.3901854],[78.0134346,30.390275],[78.0135429,30.3904898],[78.0136887,30.3908135],[78.0138101,30.3910952],[78.0138947,30.3912687],[78.0139703,30.3913942],[78.0140487,30.391496],[78.0142455,30.3917394],[78.0143308,30.3918837],[78.0144684,30.3922042],[78.0145178,30.3923676],[78.0145417,30.3924868],[78.0145438,30.3926945],[78.014529,30.3928111],[78.0144029,30.3932743],[78.0142084,30.3937761],[78.0141624,30.3939575],[78.0141535,30.3940216],[78.0141527,30.3940949],[78.0141721,30.3941827],[78.0142084,30.3942384],[78.0142526,30.3942758],[78.0145136,30.3944156],[78.0145529,30.3944449],[78.0145814,30.3944801],[78.0146222,30.3945499],[78.0146991,30.3947257],[78.0147084,30.3947574],[78.0147107,30.3947861],[78.0147061,30.3948209],[78.0146897,30.3948556],[78.0145958,30.3949932],[78.0145406,30.3950455],[78.014093,30.3954615],[78.0140543,30.3955002],[78.0139451,30.3956369],[78.0139181,30.3956606],[78.013877,30.3956891],[78.0136753,30.3958254],[78.0136541,30.395851],[78.0136426,30.395875],[78.013635,30.3959128],[78.0135978,30.3961118],[78.0135762,30.3961743],[78.0135477,30.3962261],[78.0134807,30.3963058],[78.0133629,30.3964108],[78.013214,30.3965506],[78.0130651,30.3966839],[78.0128655,30.3968139],[78.0128415,30.396834],[78.0128182,30.3968567],[78.0127906,30.3968961],[78.0126444,30.397214],[78.0125694,30.3973814],[78.01254,30.3974841],[78.0125301,30.3975262],[78.0125253,30.3975697],[78.0125325,30.3978419],[78.0125297,30.3978861],[78.0125246,30.397924],[78.0124949,30.3980673],[78.0124881,30.3981049],[78.0124829,30.3981444],[78.0124647,30.3984298],[78.0124683,30.3984591],[78.0124726,30.3984753],[78.0124837,30.3984916],[78.0124977,30.3985025],[78.0125333,30.3985202],[78.012573,30.3985312],[78.0130953,30.3985916],[78.0132899,30.3986094],[78.0134872,30.3986203],[78.0135432,30.3986183],[78.0136215,30.3986133],[78.0139356,30.3985576],[78.0142383,30.398508],[78.0146911,30.3984236],[78.0147356,30.3984215],[78.0147635,30.3984282],[78.0147874,30.3984411],[78.0148049,30.3984663],[78.0148212,30.3984974],[78.0148724,30.3986475],[78.0150116,30.3991027],[78.0151626,30.3996168],[78.0151906,30.3997255],[78.0151912,30.3997613],[78.0151847,30.3997784],[78.0151591,30.3997965],[78.0151287,30.3998136],[78.0145978,30.4000281],[78.0144182,30.4001146],[78.0143326,30.4001633],[78.0142641,30.400212],[78.0141574,30.4002964],[78.014004,30.4004533],[78.0138388,30.4006221],[78.0137621,30.400692],[78.0136854,30.4007406],[78.0135828,30.4007681],[78.0134862,30.4007645],[78.0132191,30.4007198],[78.0131283,30.4007155],[78.0130666,30.4007283],[78.0130191,30.40075],[78.0129484,30.4007924],[78.0123121,30.4012703],[78.0120489,30.4015131],[78.0118518,30.4016938],[78.0118067,30.401744],[78.0117888,30.401781],[78.0117821,30.4018209],[78.0117943,30.401868],[78.0118025,30.4019159],[78.0118106,30.4019699],[78.0118057,30.4020426],[78.0117973,30.4021124],[78.0117765,30.4021743],[78.0117488,30.4022167],[78.0116225,30.4023975],[78.0115591,30.402466],[78.0115062,30.4025145],[78.0114382,30.4025597],[78.0113223,30.4026209],[78.0112234,30.4026722],[78.0111212,30.4027396],[78.0110276,30.4028115],[78.0109081,30.4029087],[78.0108771,30.4029339],[78.0107765,30.4029895],[78.0107131,30.4030132],[78.010635,30.4030322],[78.0105324,30.4030426],[78.0103143,30.4030285],[78.0101837,30.4030377],[78.0100961,30.403069],[78.0100299,30.4031153],[78.0099697,30.4031504],[78.0099158,30.4031799],[78.0098405,30.4032104],[78.0097692,30.4032412],[78.0097305,30.4032666],[78.0096971,30.4033124],[78.0096905,30.4033571],[78.0096968,30.4033918],[78.0097348,30.4034534],[78.0098929,30.4036631],[78.0100132,30.4038255],[78.0100424,30.4038993],[78.0100588,30.4039924],[78.0100579,30.4040856],[78.010046,30.4041489],[78.0100082,30.4042045],[78.0099112,30.4042906],[78.0095733,30.4045809],[78.009537,30.4046101],[78.009487,30.4046415],[78.0094343,30.4046826],[78.009389,30.404729],[78.0093101,30.4048238],[78.0092838,30.4048647],[78.0092455,30.4049156],[78.0092109,30.4049567],[78.0091738,30.4049882],[78.0091378,30.4050119],[78.0090979,30.4050332],[78.0090069,30.4050733],[78.0089803,30.4050896],[78.0089443,30.4051133],[78.0089121,30.4051412],[78.0088745,30.4051736],[78.0088021,30.4052368],[78.0087272,30.4052923],[78.008686,30.4053186],[78.0086472,30.4053433],[78.0085437,30.4053938],[78.0085209,30.4053996],[78.0085091,30.4054],[78.0084992,30.4053983],[78.0084883,30.4053905],[78.0084774,30.4053747],[78.0083912,30.4052376],[78.0083655,30.4052038],[78.0083454,30.4051882],[78.0083152,30.405176],[78.008291,30.405172],[78.0082616,30.4051763],[78.007942,30.4053123],[78.0078879,30.4053339],[78.0078297,30.4053496],[78.007738,30.4053617]]}},{"type":"Feature","properties":{"c":"residential"},"geometry":{"type":"LineString","coordinates":[[78.011595,30.3879805],[78.0118847,30.387833],[78.0119614,30.3877982],[78.0121039,30.3877454],[78.0121575,30.3877256],[78.0121989,30.3877073],[78.012306,30.3876507]]}},{"type":"Feature","properties":{"c":"residential"},"geometry":{"type":"LineString","coordinates":[[78.0122482,30.3885121],[78.0123486,30.388455],[78.0123602,30.3884475],[78.0123677,30.3884385],[78.0123721,30.3884282],[78.0123714,30.3884186],[78.0123521,30.3883605],[78.0123509,30.3883455],[78.0123585,30.3883265],[78.0123696,30.3883169],[78.0123886,30.388308],[78.0124411,30.3882898],[78.0125414,30.3882618],[78.012763,30.3882008]]}},{"type":"Feature","properties":{"c":"residential"},"geometry":{"type":"LineString","coordinates":[[78.0095054,30.3864859],[78.0100731,30.3871421],[78.0102118,30.3873081],[78.0105666,30.3877328],[78.0106146,30.3877836],[78.0106482,30.3878076],[78.0106749,30.3878126],[78.010698,30.3878112],[78.0107236,30.3878026],[78.0113418,30.3874623],[78.0114444,30.3874135],[78.0115909,30.3873539],[78.0116655,30.3873288],[78.011723,30.3873146],[78.0120375,30.3872518]]}},{"type":"Feature","properties":{"c":"residential"},"geometry":{"type":"LineString","coordinates":[[78.0111554,30.384298],[78.0114743,30.3840763],[78.0115335,30.3840368],[78.0115915,30.3840036],[78.0117867,30.3838968],[78.0120448,30.383771],[78.0121006,30.3837515],[78.0121292,30.3837492],[78.0121586,30.3837515],[78.0122937,30.3837836],[78.0123489,30.3837896],[78.0124013,30.3837848],[78.0124921,30.3837612],[78.0127706,30.3836664]]}},{"type":"Feature","properties":{"c":"residential"},"geometry":{"type":"LineString","coordinates":[[78.0023356,30.3728925],[78.0023601,30.3729787],[78.0023896,30.3730392],[78.0024764,30.3731725],[78.0026325,30.3733892],[78.0028653,30.3736747],[78.0029587,30.3738097],[78.0030075,30.3739136],[78.0030499,30.3739732],[78.0030945,30.3740224],[78.0031741,30.3741019],[78.0032274,30.3741512],[78.0035251,30.3744285],[78.0038105,30.3747264],[78.0040609,30.375016],[78.0041618,30.3751083],[78.0042546,30.3751801],[78.0043515,30.3752443],[78.0044159,30.3752755],[78.0045948,30.3753522],[78.0046533,30.3753846],[78.0046926,30.3754149],[78.0048821,30.3755708],[78.0049792,30.3756437],[78.0051113,30.3757265],[78.005541,30.3759871],[78.0055672,30.3759972],[78.0055984,30.3760048],[78.0056308,30.3760087],[78.0056657,30.3760077],[78.0057747,30.3759992],[78.0058125,30.3760041],[78.0058658,30.3760211],[78.0059113,30.376042],[78.0060947,30.3761415],[78.0061976,30.3762375]]}},{"type":"Feature","properties":{"c":"residential"},"geometry":{"type":"LineString","coordinates":[[78.0032274,30.3741512],[78.0037945,30.3736619],[78.0041142,30.3733871],[78.0044359,30.3731494],[78.0044637,30.3731339],[78.0044867,30.3731296],[78.004508,30.3731374],[78.0045474,30.3731792],[78.0047328,30.3734077]]}},{"type":"Feature","properties":{"c":"residential"},"geometry":{"type":"LineString","coordinates":[[78.0038105,30.3747264],[78.004184,30.374421]]}},{"type":"Feature","properties":{"c":"residential"},"geometry":{"type":"LineString","coordinates":[[77.9340921,30.4009422],[77.9342732,30.4011145],[77.9345106,30.4013412],[77.9346371,30.401481],[77.9346728,30.4015205],[77.9347372,30.401613],[77.934811,30.4017519],[77.9349022,30.4019462],[77.9349517,30.4020514],[77.9349778,30.4021328]]}},{"type":"Feature","properties":{"c":"residential"},"geometry":{"type":"LineString","coordinates":[[77.9345843,30.3998074],[77.9342301,30.3994206]]}},{"type":"Feature","properties":{"c":"residential"},"geometry":{"type":"LineString","coordinates":[[77.9332715,30.3999499],[77.933502,30.3998086],[77.9336348,30.399723],[77.9337287,30.3996605],[77.9338413,30.399605],[77.9340264,30.3995286],[77.9340836,30.3995013],[77.9341257,30.3994812],[77.9342142,30.3994315],[77.9342301,30.3994206],[77.9343241,30.3993563],[77.9345494,30.3991747],[77.9348284,30.398941],[77.935102,30.3987201],[77.9351409,30.3986808],[77.9351597,30.3986437],[77.935161,30.3986125],[77.9351449,30.3985408],[77.9350818,30.3983476]]}},{"type":"Feature","properties":{"c":"residential"},"geometry":{"type":"LineString","coordinates":[[77.932118,30.3988439],[77.9317157,30.3990625],[77.9314944,30.3991701],[77.9314408,30.3991863],[77.9314059,30.3991874],[77.9313187,30.399177],[77.9312637,30.3991816],[77.9311927,30.399221],[77.930856,30.399428],[77.930444,30.3996591]]}},{"type":"Feature","properties":{"c":"residential"},"geometry":{"type":"LineString","coordinates":[[77.9332908,30.3993751],[77.9332083,30.3992175],[77.9330662,30.3988867],[77.9330032,30.398749],[77.9329777,30.3987305],[77.9329388,30.398727],[77.9328918,30.3987212],[77.9328677,30.3987062],[77.9328489,30.3986727],[77.9326478,30.3982516],[77.9326129,30.3981787],[77.9325928,30.398166],[77.9325619,30.3981683],[77.9324184,30.3982239],[77.9320684,30.3983708]]}},{"type":"Feature","properties":{"c":"residential"},"geometry":{"type":"LineString","coordinates":[[77.9329896,30.3996257],[77.9328127,30.3994488]]}},{"type":"Feature","properties":{"c":"residential"},"geometry":{"type":"LineString","coordinates":[[77.9329348,30.4003661],[77.9331359,30.4002389],[77.9332727,30.4001475],[77.9333626,30.400085],[77.9333706,30.4000665],[77.9333653,30.4000307],[77.9333331,30.3999902],[77.9332715,30.3999499],[77.9332164,30.3999138],[77.9331292,30.3998525],[77.9330742,30.3998039],[77.9329195,30.3996685]]}},{"type":"Feature","properties":{"c":"residential"},"geometry":{"type":"LineString","coordinates":[[77.9331708,30.400653],[77.9329348,30.4003661],[77.9328369,30.4002458],[77.9327886,30.4002088],[77.932739,30.4001926],[77.9326598,30.4001799],[77.9326169,30.4001614],[77.9325619,30.4001255],[77.9324075,30.3999618]]}},{"type":"Feature","properties":{"c":"unclassified"},"geometry":{"type":"LineString","coordinates":[[77.9294534,30.4004567],[77.93059,30.3998266]]}},{"type":"Feature","properties":{"c":"residential"},"geometry":{"type":"LineString","coordinates":[[77.9278619,30.3946579],[77.9277541,30.3947952],[77.9277313,30.3948322],[77.9277259,30.3948727],[77.9277635,30.3950439],[77.9280478,30.3955714],[77.9282919,30.3959948],[77.9283965,30.3962146],[77.9285118,30.3964945],[77.9285762,30.3966264],[77.9286942,30.396786],[77.9288229,30.396941],[77.9290053,30.3971539],[77.929059,30.3972094],[77.9292306,30.3973343],[77.9293647,30.3974245],[77.9294533,30.3974708],[77.9295096,30.3975032],[77.9295686,30.3975819],[77.9297349,30.3978687],[77.9297912,30.3979798],[77.9297912,30.3980677],[77.9297724,30.3981487],[77.9297644,30.3982227],[77.9297858,30.3983384],[77.9298636,30.3986368],[77.9299146,30.3988103],[77.9299414,30.398882],[77.9300246,30.3989954],[77.9301211,30.3991203],[77.9301855,30.3992522],[77.930266,30.3994072],[77.9303706,30.3995668],[77.930444,30.3996591],[77.9305288,30.3997658],[77.93059,30.3998266],[77.9306683,30.3999046],[77.930893,30.4000844],[77.930966,30.4001429],[77.9312718,30.4004459],[77.9313791,30.40052],[77.9314354,30.4005292],[77.9315078,30.40052],[77.9315963,30.4004598],[77.9318029,30.4002909],[77.9319182,30.4002076],[77.9324075,30.3999618],[77.9324707,30.39993],[77.9329195,30.3996685],[77.932975,30.3996362],[77.9329896,30.3996257],[77.9332083,30.3994673],[77.9332781,30.3993956],[77.9332908,30.3993751],[77.9333398,30.3992961],[77.9333961,30.3992314],[77.9335141,30.3991597],[77.9336967,30.3990671],[77.9337287,30.3990509],[77.9340318,30.3988566],[77.9346004,30.3984726],[77.9347613,30.3983846],[77.9348901,30.3983499],[77.9350188,30.3983384],[77.9350818,30.3983476],[77.9351288,30.3983546],[77.9352817,30.3984008],[77.935397,30.3984564],[77.935558,30.398572],[77.9356787,30.3986252],[77.9357833,30.3986507],[77.9358798,30.3986414],[77.9359965,30.3986195],[77.9361963,30.398542],[77.9363573,30.3984795],[77.9366141,30.3983543],[77.9366657,30.3983291],[77.9369071,30.3982158],[77.9371914,30.3980885],[77.9376803,30.3978568],[77.9377869,30.3978063],[77.9380068,30.3976975],[77.9381212,30.3976386],[77.938326,30.3975714],[77.938436,30.3975356],[77.9386373,30.3974559],[77.9388919,30.3973551],[77.9390008,30.3973043],[77.9390207,30.397295],[77.9390475,30.3972557],[77.9390488,30.3972315],[77.9390502,30.3972048],[77.9390246,30.3971781],[77.9389858,30.3971377],[77.938613,30.3969294],[77.9385057,30.3968554],[77.9384762,30.3968115],[77.9384749,30.3967675],[77.9384936,30.396727],[77.9385459,30.3966495],[77.9385862,30.3965847],[77.9386004,30.3965544],[77.9385969,30.3965107],[77.9385701,30.3964633],[77.9385354,30.3964209],[77.9385218,30.3964043],[77.9383796,30.3962516],[77.9383329,30.3962005],[77.937988,30.3958236],[77.9378244,30.39562],[77.9376125,30.3953308],[77.9375347,30.3952128],[77.9375321,30.395155],[77.9375589,30.3951041],[77.9376662,30.3950323],[77.9377802,30.3949595],[77.9378016,30.3949306],[77.937803,30.3948947],[77.9377761,30.3948241],[77.9376554,30.3946772],[77.937633,30.3946496],[77.9374803,30.3944614],[77.937343,30.394292],[77.9372022,30.3940722],[77.9370198,30.3937962],[77.9368749,30.3935771],[77.9367705,30.3934446],[77.9365557,30.3931722],[77.9364885,30.3930786],[77.9363848,30.3929344],[77.9362366,30.392728],[77.9362088,30.3926728],[77.9361749,30.3926054],[77.9361266,30.3924689],[77.936081,30.3923301],[77.9360247,30.3922155],[77.9358624,30.3920096],[77.9355331,30.3915089]]}},{"type":"Feature","properties":{"c":"residential"},"geometry":{"type":"LineString","coordinates":[[77.9327793,30.4032462],[77.9329965,30.4031052],[77.9333559,30.40289],[77.9335973,30.4027374],[77.9338494,30.4025743],[77.9341511,30.40241],[77.9342343,30.402373],[77.9342893,30.4023603],[77.934473,30.4023545],[77.934579,30.4023441],[77.9346862,30.4023117],[77.9347155,30.4022998],[77.9347372,30.4022909],[77.9347935,30.402255],[77.9348498,30.402218],[77.9349183,30.4021729],[77.9349778,30.4021328],[77.9350162,30.402107],[77.9350886,30.4020815],[77.935275,30.4020433],[77.9354265,30.4020052],[77.9354499,30.4019981],[77.9355982,30.4019531],[77.9356599,30.4019265],[77.9357269,30.401886],[77.935807,30.4018329],[77.935849,30.4018051],[77.9358986,30.4017669],[77.93603,30.4016801],[77.9360774,30.4016564],[77.9363331,30.4015286],[77.9363799,30.4015037],[77.9364941,30.401443],[77.9366483,30.4013447],[77.9367717,30.4012556],[77.9368548,30.4011781],[77.9369675,30.4010289],[77.9370144,30.4009826],[77.9370801,30.4009445],[77.9372424,30.4008647],[77.9374436,30.4007594],[77.9375388,30.4007178],[77.9376803,30.4006721],[77.937929,30.4006067],[77.937948,30.4006021],[77.9381758,30.4005466],[77.9383394,30.4005003],[77.9387096,30.4004124],[77.9389349,30.4003499],[77.9390019,30.4003106],[77.9390743,30.4002366],[77.9391119,30.4001463],[77.939136,30.4000538],[77.9391288,30.3999519],[77.939128,30.3999404],[77.9390797,30.3997947],[77.9389966,30.3996675],[77.9389188,30.3995425],[77.9388356,30.3993875],[77.9388149,30.3993527],[77.9386799,30.3991261],[77.9386472,30.399071],[77.9386318,30.3990451],[77.9385352,30.3988797],[77.9384811,30.3987647],[77.9384628,30.3987259],[77.9384226,30.3985963],[77.9384118,30.398476],[77.9384065,30.3982956],[77.9383877,30.3981799],[77.9383367,30.3980087],[77.9382429,30.3978375],[77.9381919,30.397738],[77.9381212,30.3976386]]}},{"type":"Feature","properties":{"c":"residential"},"geometry":{"type":"LineString","coordinates":[[77.9312203,30.3933744],[77.9312383,30.3932902],[77.9312726,30.3932634],[77.931603,30.3930785]]}},{"type":"Feature","properties":{"c":"residential"},"geometry":{"type":"LineString","coordinates":[[77.9327399,30.3930039],[77.9322334,30.3924608],[77.9322092,30.3924434],[77.9321904,30.3924434],[77.9321395,30.3924666],[77.9318485,30.3927037]]}},{"type":"Feature","properties":{"c":"residential"},"geometry":{"type":"LineString","coordinates":[[77.9317693,30.3916233],[77.9319506,30.3914935],[77.9321998,30.3913352],[77.9322562,30.3913213],[77.9323152,30.3913422],[77.9325512,30.3915828],[77.932696,30.3917725],[77.9327725,30.3918708],[77.932802,30.3919009],[77.9328516,30.3919182],[77.9329106,30.3919263],[77.932975,30.3919159],[77.9330085,30.3919229],[77.9330447,30.3919553],[77.9332942,30.3922491],[77.933529,30.3924834]]}},{"type":"Feature","properties":{"c":"residential"},"geometry":{"type":"LineString","coordinates":[[77.9322092,30.3924434],[77.9324238,30.3922942],[77.9325177,30.3922329],[77.9325311,30.3921959],[77.9325244,30.3921577],[77.9324882,30.3920895],[77.9323527,30.3919206],[77.9320295,30.3915735],[77.9319506,30.3914935],[77.9317065,30.3912461]]}},{"type":"Feature","properties":{"c":"residential"},"geometry":{"type":"LineString","coordinates":[[77.9313777,30.3914671],[77.9317065,30.3912461],[77.9318659,30.3911374],[77.9321355,30.3909396]]}},{"type":"Feature","properties":{"c":"residential"},"geometry":{"type":"LineString","coordinates":[[77.9313429,30.3915828],[77.9312262,30.3916846],[77.9306576,30.392101],[77.9304658,30.3922341],[77.9302257,30.3924064],[77.9300594,30.3925568],[77.9299073,30.3926968]]}},{"type":"Feature","properties":{"c":"residential"},"geometry":{"type":"LineString","coordinates":[[77.9315454,30.3919853],[77.9312262,30.3916846]]}},{"type":"Feature","properties":{"c":"residential"},"geometry":{"type":"LineString","coordinates":[[77.9296068,30.39256],[77.9296732,30.3924735],[77.9297966,30.3923509],[77.9303679,30.3918951],[77.9310465,30.3913537],[77.9310572,30.3913098],[77.931017,30.3912404],[77.9308748,30.3910483],[77.9308701,30.391003]]}},{"type":"Feature","properties":{"c":"service"},"geometry":{"type":"LineString","coordinates":[[77.9701397,30.3647119],[77.9703392,30.3649782]]}},{"type":"Feature","properties":{"c":"service"},"geometry":{"type":"LineString","coordinates":[[77.9707462,30.3647479],[77.9703392,30.3649782],[77.9702309,30.3650394]]}},{"type":"Feature","properties":{"c":"service"},"geometry":{"type":"LineString","coordinates":[[77.9738233,30.3695093],[77.9733852,30.3696967]]}},{"type":"Feature","properties":{"c":"service"},"geometry":{"type":"LineString","coordinates":[[77.9731267,30.3681895],[77.9727387,30.3684448],[77.9720266,30.3689018],[77.9718027,30.3690511]]}},{"type":"Feature","properties":{"c":"residential"},"geometry":{"type":"LineString","coordinates":[[77.9700941,30.3672449],[77.9705849,30.3669787],[77.9710972,30.3667427],[77.97191,30.3663374]]}},{"type":"Feature","properties":{"c":"residential"},"geometry":{"type":"LineString","coordinates":[[78.0134346,30.390275],[78.0140449,30.3900916],[78.0142188,30.3900293],[78.0142572,30.3900156],[78.0145634,30.3899135],[78.0147314,30.3898539],[78.0149567,30.3897556]]}},{"type":"Feature","properties":{"c":"residential"},"geometry":{"type":"LineString","coordinates":[[78.0152705,30.3919555],[78.0146381,30.3904689]]}},{"type":"Feature","properties":{"c":"residential"},"geometry":{"type":"LineString","coordinates":[[78.0143441,30.3906102],[78.0146381,30.3904689],[78.0146992,30.390445],[78.0148847,30.390384],[78.0149006,30.3903775],[78.0149067,30.3903718],[78.01491,30.3903659],[78.0149112,30.3903588],[78.0149103,30.3903498],[78.0147809,30.3900834],[78.0147715,30.3900672],[78.0147488,30.3900604],[78.0147281,30.3900628],[78.0143816,30.3902074],[78.014358,30.3902108],[78.0143436,30.39021],[78.0143277,30.3902016],[78.0142188,30.3900293]]}},{"type":"Feature","properties":{"c":"residential"},"geometry":{"type":"LineString","coordinates":[[78.0131637,30.3896549],[78.0147681,30.3892999]]}},{"type":"Feature","properties":{"c":"residential"},"geometry":{"type":"LineString","coordinates":[[78.0130208,30.3889035],[78.013326,30.3888423],[78.0137632,30.3887673]]}},{"type":"Feature","properties":{"c":"residential"},"geometry":{"type":"LineString","coordinates":[[78.0156904,30.3871536],[78.0157148,30.3871639],[78.0157356,30.3871789],[78.0157819,30.387244],[78.0158144,30.38731],[78.0160144,30.3880116],[78.0163581,30.389216],[78.0165616,30.3899713],[78.0166062,30.3900967],[78.0167191,30.3905373],[78.0169045,30.3911556],[78.0169026,30.3912303],[78.016884,30.3912783],[78.0166265,30.3914484],[78.0162084,30.3916578],[78.0161092,30.3917046],[78.0152705,30.3919555],[78.0144684,30.3922042]]}},{"type":"Feature","properties":{"c":"service"},"geometry":{"type":"LineString","coordinates":[[78.0156904,30.3871536],[78.0157015,30.3871118],[78.0157026,30.3870822],[78.0156998,30.3870621],[78.0156954,30.3870467],[78.0154594,30.3863233]]}},{"type":"Feature","properties":{"c":"residential"},"geometry":{"type":"LineString","coordinates":[[78.0108282,30.39096],[78.011037,30.3913446],[78.0110619,30.3913648],[78.0111046,30.3913755],[78.0111501,30.3913672],[78.0114126,30.3912763],[78.0117753,30.3911283],[78.0118102,30.3911113],[78.0121479,30.3910036],[78.0121877,30.3909924],[78.0123691,30.3909245],[78.0124344,30.3909008],[78.0124781,30.3908817],[78.0125746,30.3908162],[78.0127236,30.3907127],[78.0127714,30.3906877],[78.0128257,30.3906639],[78.0129388,30.3906271],[78.0135429,30.3904898]]}},{"type":"Feature","properties":{"c":"residential"},"geometry":{"type":"LineString","coordinates":[[78.0114126,30.3912763],[78.0116509,30.3920546],[78.0116586,30.392093],[78.0116541,30.3921205],[78.0116381,30.3921369],[78.0115861,30.3921601],[78.0115303,30.3921844],[78.011515,30.3921974],[78.0115076,30.3922153],[78.0115084,30.3922341],[78.0117229,30.3926182]]}},{"type":"Feature","properties":{"c":"residential"},"geometry":{"type":"LineString","coordinates":[[78.0118102,30.3911113],[78.0115365,30.3905592]]}},{"type":"Feature","properties":{"c":"residential"},"geometry":{"type":"LineString","coordinates":[[78.0121877,30.3909924],[78.0118417,30.3902734]]}},{"type":"Feature","properties":{"c":"residential"},"geometry":{"type":"LineString","coordinates":[[78.0127321,30.3913113],[78.0125746,30.3908162],[78.0123187,30.3902679]]}},{"type":"Feature","properties":{"c":"residential"},"geometry":{"type":"LineString","coordinates":[[78.0162084,30.3916578],[78.0157298,30.3901088],[78.0154298,30.3890689],[78.0151665,30.3881334],[78.0149645,30.387473],[78.0149497,30.3873938],[78.0149488,30.3873745],[78.014953,30.3873527],[78.0149629,30.3873279],[78.0149826,30.3873117],[78.0150547,30.3872877],[78.015637,30.3871584],[78.015667,30.3871529],[78.0156904,30.3871536]]}},{"type":"Feature","properties":{"c":"residential"},"geometry":{"type":"LineString","coordinates":[[77.9633725,30.368476],[77.9636165,30.3690106],[77.9637614,30.3693218],[77.9637668,30.369371],[77.9637493,30.3694738]]}},{"type":"Feature","properties":{"c":"residential"},"geometry":{"type":"LineString","coordinates":[[78.0125819,30.3900486],[78.0125109,30.3897881],[78.0124836,30.3897268],[78.0124587,30.3896835],[78.0123563,30.3895381],[78.0123482,30.3895099],[78.0123429,30.3894805],[78.0123456,30.3894082],[78.0123542,30.3893265],[78.0123672,30.3892963],[78.0124046,30.3892553],[78.012465,30.3892199],[78.0130396,30.3890144]]}},{"type":"Feature","properties":{"c":"residential"},"geometry":{"type":"LineString","coordinates":[[78.0092165,30.3788417],[78.009319,30.3790587],[78.0093273,30.3790718],[78.0093366,30.3790768],[78.0093486,30.3790798],[78.009361,30.3790798],[78.0096287,30.3790137],[78.0096877,30.3790059],[78.0097374,30.3790083],[78.0097546,30.3790151],[78.0097645,30.3790252],[78.0097734,30.3790572],[78.0098287,30.3794522],[78.0098295,30.3795032],[78.0098226,30.3795528],[78.0097566,30.3796905],[78.00969,30.3798094],[78.0095827,30.379968],[78.0095603,30.3799965],[78.009515,30.3800363],[78.0094716,30.3800709],[78.0093626,30.3801449],[78.009251,30.3802046],[78.0091047,30.3802677],[78.0088148,30.3803714],[78.0086827,30.3804261],[78.0086618,30.3804328],[78.0086384,30.3804349],[78.0086135,30.3804353],[78.0085935,30.3804219],[78.0085589,30.3803838],[78.0084567,30.3802425],[78.0083148,30.3800156],[78.0082017,30.3798679],[78.0081705,30.379814],[78.0080487,30.3795482],[78.0079537,30.3793596],[78.0079421,30.3793155],[78.0079409,30.3792725],[78.0079529,30.3791979],[78.0079774,30.3790463],[78.0079806,30.3789288],[78.0079523,30.3787557],[78.0079411,30.3787077],[78.0079256,30.3786669],[78.0078977,30.3786164],[78.0077765,30.3784524],[78.0077337,30.3783893],[78.0077085,30.3783317],[78.0076269,30.3780945],[78.0075932,30.3780024],[78.0075596,30.3779464],[78.007512,30.3778913],[78.0074997,30.3778687],[78.0074867,30.377841],[78.0074221,30.3776404],[78.0073527,30.3774967],[78.0072749,30.3773482],[78.0072313,30.3772666],[78.0071524,30.3771613],[78.007089,30.3770544],[78.0070603,30.3770075],[78.0070341,30.3769385],[78.0069688,30.3767445],[78.0069413,30.3766792],[78.0069101,30.3766294],[78.0068095,30.3765007],[78.006773,30.3764709],[78.0067341,30.3764481],[78.006673,30.376416],[78.0066231,30.3763974],[78.006491,30.3763678],[78.0064617,30.3763596],[78.0064194,30.3763438],[78.006383,30.3763244],[78.0062759,30.376247],[78.0062573,30.3762396],[78.0062398,30.3762361],[78.0061976,30.3762375],[78.0061628,30.3762531],[78.0061477,30.3762666],[78.0061309,30.3762884],[78.0060685,30.3763665],[78.006009,30.3764125],[78.005954,30.3764417],[78.0058628,30.3764759],[78.0055063,30.3765554],[78.0053819,30.376562],[78.0053011,30.3765678],[78.0051628,30.3765688],[78.0050513,30.3765546],[78.0049913,30.3765429],[78.0049347,30.3765163],[78.0048705,30.376469],[78.0048092,30.3764006],[78.0047378,30.3763142],[78.0046,30.376101],[78.0043923,30.3757959],[78.0043657,30.3757591],[78.004315,30.3757099],[78.0042137,30.3756291],[78.0037232,30.3753328],[78.0036067,30.375272],[78.0035144,30.3752439],[78.0031786,30.3751418],[78.0030759,30.3751166],[78.0030293,30.3750973],[78.0029981,30.3750767],[78.0029714,30.3750479],[78.0029498,30.3750128],[78.002923,30.374939],[78.0029047,30.3748733],[78.0028824,30.3747097],[78.00286,30.3746256],[78.0028241,30.3745633],[78.0027768,30.3745065],[78.0027242,30.3744531],[78.0026722,30.3744088],[78.0025796,30.3743442],[78.0025162,30.3743132],[78.0024848,30.3743043],[78.0024321,30.3743013],[78.0023452,30.3743144],[78.0021081,30.3743695],[78.0020396,30.374369],[78.0019791,30.3743589],[78.0019098,30.3743337],[78.0018563,30.3742976],[78.0018106,30.3742489],[78.0017851,30.3742069],[78.0017688,30.3741358],[78.0017367,30.3738836],[78.0017267,30.3738471],[78.0017008,30.3737967],[78.0016167,30.3736932],[78.0015742,30.3736539],[78.0015202,30.373607],[78.0012541,30.373388],[78.000798,30.3730059],[78.0005955,30.3728202],[78.0005164,30.3727485],[78.0001858,30.3724089],[78.0001146,30.3723426],[77.9996765,30.3718563],[77.9994463,30.3715937],[77.9992895,30.3714668],[77.9987918,30.3711316],[77.9984578,30.3709446],[77.9980452,30.3707639],[77.9979771,30.3707271],[77.9979248,30.3706601],[77.9978688,30.3705489],[77.9978075,30.3704811],[77.9975152,30.3702445],[77.9972841,30.370077],[77.9972142,30.3700447],[77.9971294,30.3700369],[77.9970699,30.3700525],[77.9970139,30.3700899],[77.9968788,30.3702536],[77.9968517,30.3702763],[77.9967926,30.3702901],[77.9967346,30.3702874],[77.9963507,30.3701249],[77.9962699,30.3700761],[77.9960919,30.3699396],[77.9960479,30.3699147],[77.9959887,30.3699082],[77.9959235,30.3699252],[77.9953995,30.3701701],[77.9946641,30.3705137],[77.994534,30.3705899],[77.99443,30.3706681],[77.9942932,30.3707908],[77.9942408,30.3708362],[77.99424,30.3708714],[77.9942542,30.3708953],[77.9951276,30.3717497]]}},{"type":"Feature","properties":{"c":"residential"},"geometry":{"type":"LineString","coordinates":[[78.0001146,30.3723426],[77.9995729,30.3727045],[77.9992564,30.372929],[77.9989218,30.3731812],[77.9988173,30.3732513],[77.9985483,30.3734202],[77.9985122,30.3734439],[77.99847,30.3734781],[77.9984162,30.3735359],[77.9983835,30.3735771],[77.9983357,30.3736313],[77.9982838,30.3736807],[77.9982091,30.3737486],[77.9981171,30.373839],[77.9978054,30.3741565],[77.9977059,30.3742716],[77.9976397,30.3743548],[77.9975403,30.3745163],[77.9975304,30.3745377],[77.9975254,30.3745569],[77.997526,30.3745746],[77.9975311,30.3745906],[77.9975559,30.3746238],[77.9977538,30.3748342],[77.9980794,30.3751902],[77.9981159,30.3752195],[77.9981557,30.3752454],[77.9981964,30.3752631],[77.9982402,30.3752792],[77.9986371,30.3753954],[77.9988541,30.3754672],[77.9990485,30.3755225],[77.9992519,30.3755704],[77.9993533,30.375599],[77.9994187,30.3756353],[77.9994403,30.3756554],[77.9994525,30.3756792],[77.9994452,30.3757222],[77.9994182,30.3758266],[77.9994198,30.375866],[77.9994328,30.3759535],[77.9994507,30.3759981],[77.9994718,30.3760414],[77.9995156,30.3761102],[77.9996322,30.3762424],[77.99967,30.3762803],[77.9997103,30.3763177],[77.9997826,30.3763701],[77.9998232,30.3763883],[77.9998642,30.3763996],[77.9999414,30.3764067],[78.0000019,30.3764018],[78.0000628,30.3763901],[78.0000994,30.3763799],[78.0001352,30.3763622],[78.0002757,30.3762852],[78.0003298,30.3762677],[78.0003654,30.3762608],[78.0004098,30.3762567],[78.0006851,30.3762279],[78.0007046,30.3762237],[78.0007241,30.3762136],[78.0007326,30.3762024],[78.0007397,30.3761833],[78.0007797,30.3760765]]}},{"type":"Feature","properties":{"c":"residential"},"geometry":{"type":"LineString","coordinates":[[77.9975311,30.3745906],[77.9974023,30.3747111],[77.9973845,30.3747225],[77.9973631,30.3747316],[77.9973322,30.374735],[77.9973062,30.3747346],[77.997238,30.3747322],[77.9971482,30.3747241],[77.9969513,30.3746775],[77.9968622,30.3746509],[77.9968301,30.3746354],[77.9968009,30.3746165],[77.9967761,30.3745933],[77.9967586,30.3745555],[77.9967509,30.3745133],[77.9967408,30.3744444],[77.9967371,30.3743877],[77.9967371,30.3743688],[77.9967314,30.3743505],[77.9967091,30.374329],[77.9966885,30.3743125],[77.9966587,30.3742941],[77.996639,30.3742849],[77.9966116,30.3742785],[77.9965861,30.3742801],[77.9965568,30.3742884],[77.996424,30.3743495],[77.9964036,30.3743519],[77.9963757,30.3743516],[77.9963375,30.3743446],[77.9962979,30.3743281],[77.9960907,30.3742344],[77.9960208,30.3741959],[77.9957218,30.3740318],[77.9953712,30.3738749],[77.9953122,30.3738297],[77.9952787,30.3737742],[77.9952693,30.3737175],[77.99528,30.3735729],[77.9952706,30.3735324],[77.9952385,30.3735011],[77.9951647,30.3734884],[77.9949823,30.3734618],[77.9949287,30.3734433],[77.9948616,30.3733924],[77.9945625,30.3731957],[77.9942648,30.3729967],[77.9938719,30.3727641],[77.9936868,30.3726924],[77.9936077,30.372638],[77.9935889,30.3726068],[77.9935768,30.3725692],[77.99355,30.3723644],[77.9935265,30.3723175],[77.9934876,30.372266],[77.9934454,30.3721995],[77.9934166,30.3721069],[77.9934092,30.3720039],[77.9934266,30.3719322],[77.9934481,30.3718824],[77.9935433,30.3718003],[77.9938021,30.3715562]]}},{"type":"Feature","properties":{"c":"residential"},"geometry":{"type":"LineString","coordinates":[[77.9960208,30.3741959],[77.9961873,30.374025],[77.9964477,30.3737346],[77.9965095,30.3736622],[77.996533,30.3736276],[77.996554,30.3735956],[77.9965559,30.3735855],[77.9965541,30.3735724],[77.9965333,30.3735534],[77.9964297,30.3734898]]}},{"type":"Feature","properties":{"c":"residential"},"geometry":{"type":"LineString","coordinates":[[77.9982091,30.3737486],[77.9979394,30.3734919],[77.997743,30.3732859],[77.9976363,30.3732003],[77.9975639,30.373143],[77.9974773,30.3730872],[77.9974597,30.3730781],[77.997403,30.3730457],[77.9973626,30.3730249],[77.9973262,30.3730071],[77.9972783,30.3729918],[77.9972089,30.3729897],[77.9971394,30.3729924],[77.9971207,30.372988],[77.9970984,30.3729767],[77.9970644,30.372953],[77.9969702,30.3728781],[77.9967965,30.3727547],[77.9967794,30.3727469],[77.9967614,30.3727414],[77.9967415,30.3727366],[77.9967107,30.3727372],[77.9966758,30.3727441],[77.9966171,30.3727557],[77.9965225,30.3727684],[77.9964698,30.3727675],[77.996428,30.3727638],[77.996385,30.3727549],[77.9962549,30.3727138],[77.9961064,30.3726607],[77.9960129,30.3726267],[77.9959757,30.3726209],[77.9959358,30.3726253],[77.9959006,30.3726394],[77.995732,30.3727982],[77.9956901,30.3728347],[77.9956673,30.3728431],[77.9956505,30.3728422],[77.9956233,30.3728327],[77.9954671,30.3727045],[77.995278,30.3725749],[77.9952492,30.3725663],[77.9952183,30.3725749],[77.9951768,30.3725981],[77.9949836,30.3727786],[77.9949615,30.3727849],[77.9949146,30.3727896],[77.9948931,30.3728],[77.994871,30.3728144],[77.9947295,30.3729973],[77.9945733,30.3731853],[77.9945625,30.3731957]]}},{"type":"Feature","properties":{"c":"residential"},"geometry":{"type":"LineString","coordinates":[[77.996332,30.3730345],[77.9966179,30.3728215],[77.9966327,30.3728102],[77.9966423,30.3727984],[77.9966758,30.3727441]]}},{"type":"Feature","properties":{"c":"residential"},"geometry":{"type":"LineString","coordinates":[[77.9998793,30.3733438],[78.0003668,30.3730001],[78.0004121,30.3729671],[78.0004267,30.3729508],[78.0004463,30.372916],[78.0005164,30.3727485]]}},{"type":"Feature","properties":{"c":"residential"},"geometry":{"type":"LineString","coordinates":[[77.9983835,30.3735771],[77.9985679,30.3736783],[77.9985977,30.3736992],[77.9986254,30.3737205],[77.9988582,30.3739318],[77.9989104,30.373977],[77.9989661,30.3740209],[77.9992305,30.37421]]}},{"type":"Feature","properties":{"c":"residential"},"geometry":{"type":"LineString","coordinates":[[78.0029981,30.3750767],[78.0027919,30.3752078],[78.0027357,30.3752491],[78.0026823,30.3752954],[78.0026023,30.3753752],[78.0025619,30.3754091],[78.0024288,30.3755035],[78.0023845,30.3755384],[78.0023403,30.3755803],[78.0022742,30.3756531],[78.0022546,30.3756717],[78.0022342,30.3756844],[78.0022218,30.3756891],[78.0022078,30.3756897],[78.0021822,30.3756836],[78.0019284,30.3755883],[78.0018379,30.3755617],[78.0017331,30.3755366],[78.0016402,30.3755167],[78.001517,30.3754953],[78.0014377,30.3754859],[78.0013055,30.3754769],[78.0012816,30.3754723],[78.0012669,30.3754685],[78.0012429,30.3754609],[78.0011349,30.3754119]]}},{"type":"Feature","properties":{"c":"residential"},"geometry":{"type":"LineString","coordinates":[[78.0022342,30.3756844],[78.0024809,30.3758166],[78.0025174,30.3758332],[78.0025317,30.3758366],[78.002546,30.3758362],[78.0025599,30.3758323],[78.0025698,30.3758261],[78.0026388,30.3757654],[78.002652,30.37576],[78.0026653,30.3757604],[78.0026789,30.3757639],[78.0027139,30.3757865],[78.0028782,30.3759019],[78.0030478,30.3760137]]}},{"type":"Feature","properties":{"c":"residential"},"geometry":{"type":"LineString","coordinates":[[78.001716,30.3748202],[78.0018648,30.3749827],[78.0019383,30.3750478],[78.002002,30.3750955],[78.002038,30.3751201],[78.0020754,30.3751418],[78.0021114,30.3751657],[78.002169,30.3752049],[78.00219,30.3752164],[78.0022062,30.3752222],[78.0022173,30.3752238],[78.0022262,30.3752221],[78.002239,30.3752161],[78.0023014,30.3751537],[78.0023401,30.3751197],[78.0023763,30.3750916],[78.0025802,30.3749414],[78.0026129,30.3749231],[78.002636,30.3749155],[78.0026544,30.374912],[78.0027428,30.3749194],[78.0027783,30.3749208],[78.0028077,30.3749179],[78.0028313,30.3749107],[78.0029047,30.3748733]]}},{"type":"Feature","properties":{"c":"residential"},"geometry":{"type":"LineString","coordinates":[[78.0037758,30.3757817],[78.0038059,30.3757248],[78.0038107,30.3757082],[78.0038119,30.3756987],[78.0038045,30.3756909],[78.0035789,30.3755757],[78.0035672,30.375565],[78.0035672,30.3755555],[78.0035734,30.3755412],[78.0035837,30.3755305],[78.0036413,30.3754751],[78.0036587,30.3754561],[78.0036669,30.3754421],[78.0036669,30.3754191],[78.0035715,30.3753115],[78.0035144,30.3752439]]}},{"type":"Feature","properties":{"c":"residential"},"geometry":{"type":"LineString","coordinates":[[77.9995156,30.3761102],[77.9996214,30.3760352],[77.9996435,30.3760165],[77.9996614,30.375994],[77.9999296,30.3756605],[77.9999989,30.375562]]}},{"type":"Feature","properties":{"c":"residential"},"geometry":{"type":"LineString","coordinates":[[78.0011364,30.373894],[78.0015202,30.373607]]}},{"type":"Feature","properties":{"c":"residential"},"geometry":{"type":"LineString","coordinates":[[78.0060947,30.3761415],[78.0061102,30.3759011],[78.0061207,30.3758571],[78.0061427,30.375807],[78.0061885,30.3757543],[78.0063602,30.3756092],[78.0063816,30.3755818],[78.0063885,30.3755574],[78.0063887,30.3755378],[78.0063797,30.3755161],[78.0061528,30.3751958]]}},{"type":"Feature","properties":{"c":"residential"},"geometry":{"type":"LineString","coordinates":[[78.0070603,30.3770075],[78.0084537,30.3764504]]}},{"type":"Feature","properties":{"c":"residential"},"geometry":{"type":"LineString","coordinates":[[78.0079529,30.3791979],[78.0081902,30.3791596],[78.0083025,30.3791356],[78.0084661,30.3790915],[78.0084847,30.3790876],[78.0084915,30.3790873],[78.0084998,30.3790876],[78.0085056,30.3790896],[78.0085098,30.3790942],[78.008535,30.3791396],[78.0085461,30.3791516],[78.0085554,30.3791555],[78.0085644,30.379157],[78.008589,30.3791583]]}},{"type":"Feature","properties":{"c":"residential"},"geometry":{"type":"LineString","coordinates":[[78.0088148,30.3803714],[78.0090059,30.3807931],[78.0090381,30.3808597],[78.0090576,30.3808765],[78.0090839,30.3808832],[78.0091151,30.3808824],[78.0091641,30.38087],[78.0095553,30.3807235]]}},{"type":"Feature","properties":{"c":"residential"},"geometry":{"type":"LineString","coordinates":[[78.0055063,30.3765554],[78.0058142,30.3766829],[78.0062166,30.3768356],[78.0063683,30.3769109],[78.0064571,30.3769631],[78.0067981,30.3773066],[78.0068192,30.3773358],[78.0068373,30.3773742],[78.0068481,30.3774037],[78.0068457,30.3774387],[78.0068261,30.377474],[78.0067901,30.3775113],[78.0066124,30.377654],[78.0065996,30.3776716],[78.0065936,30.377706],[78.0065959,30.3777248],[78.0066082,30.3777468],[78.0070589,30.3781072],[78.007177,30.3782125],[78.0072078,30.3782492],[78.0072242,30.3782822],[78.0072454,30.3783571],[78.0073428,30.3787012],[78.0074107,30.37909],[78.0076142,30.379742],[78.0076444,30.3798064],[78.0077971,30.3801316],[78.0080735,30.3806114],[78.0083738,30.3812226],[78.008451,30.3813976],[78.0084983,30.3815214],[78.0085261,30.3816313],[78.0085617,30.3817672],[78.0085896,30.3818503],[78.0086026,30.3818887],[78.0086716,30.3820209],[78.0087326,30.3821137],[78.0088538,30.3822985],[78.0091806,30.3826957],[78.0093536,30.3828923],[78.0095011,30.3830873],[78.0097613,30.3834858],[78.0099812,30.3838668],[78.0100536,30.3840148],[78.0100941,30.3841206]]}},{"type":"Feature","properties":{"c":"residential"},"geometry":{"type":"LineString","coordinates":[[77.9359281,30.398343],[77.9363865,30.3980974]]}},{"type":"Feature","properties":{"c":"residential"},"geometry":{"type":"LineString","coordinates":[[77.9365222,30.3977241],[77.9366778,30.3976374],[77.9366992,30.3976351],[77.9367167,30.3976409],[77.9369487,30.3979046]]}},{"type":"Feature","properties":{"c":"residential"},"geometry":{"type":"LineString","coordinates":[[77.9362819,30.3979485],[77.9365088,30.3978144],[77.9365262,30.3977785],[77.9365222,30.3977241],[77.9365021,30.3976941],[77.9361829,30.3973089]]}},{"type":"Feature","properties":{"c":"residential"},"geometry":{"type":"LineString","coordinates":[[77.9371217,30.3968728],[77.9369085,30.3969642],[77.9368213,30.3969977],[77.9367301,30.397015],[77.9366966,30.3970278],[77.9364954,30.3971515],[77.9364176,30.3971932],[77.9363331,30.3972244],[77.9361829,30.3973089],[77.9359429,30.3974546],[77.9357229,30.3975876],[77.9355861,30.3976906],[77.9355405,30.3977542],[77.9355271,30.3977959],[77.9355311,30.3978572],[77.9355499,30.3979011],[77.9356049,30.3979555],[77.9356465,30.3979763],[77.9356787,30.3979798],[77.9357404,30.397959],[77.9360515,30.3977924],[77.936081,30.3977797],[77.9361145,30.397782],[77.9361735,30.3978271],[77.9362819,30.3979485],[77.9363036,30.3979728],[77.9363613,30.3980688],[77.9363865,30.3980974],[77.9366141,30.3983543]]}},{"type":"Feature","properties":{"c":"service"},"geometry":{"type":"LineString","coordinates":[[77.9373148,30.3987802],[77.9369071,30.3982158]]}},{"type":"Feature","properties":{"c":"residential"},"geometry":{"type":"LineString","coordinates":[[77.9376803,30.3978568],[77.9374731,30.3976837],[77.9374368,30.3976686],[77.9373859,30.397664],[77.9373349,30.3976837],[77.9372008,30.3977542]]}},{"type":"Feature","properties":{"c":"residential"},"geometry":{"type":"LineString","coordinates":[[77.9373802,30.3970865],[77.9376699,30.3967919]]}},{"type":"Feature","properties":{"c":"residential"},"geometry":{"type":"LineString","coordinates":[[77.9386373,30.3974559],[77.9381677,30.3971701],[77.937803,30.3968797],[77.9376699,30.3967919],[77.937575,30.3967293],[77.9374315,30.3966056],[77.937406,30.3965917],[77.9373765,30.3965975],[77.9373269,30.3966218],[77.9371726,30.3967421],[77.9371311,30.3967594],[77.9370899,30.3967737]]}},{"type":"Feature","properties":{"c":"residential"},"geometry":{"type":"LineString","coordinates":[[77.9352647,30.3955442],[77.9351127,30.3956246],[77.9350336,30.3956709],[77.9349531,30.3957218],[77.934882,30.3957796],[77.934709,30.3959497],[77.9344998,30.3961394]]}},{"type":"Feature","properties":{"c":"residential"},"geometry":{"type":"LineString","coordinates":[[77.9355727,30.3958305],[77.935861,30.3955876],[77.9362178,30.3952255]]}},{"type":"Feature","properties":{"c":"residential"},"geometry":{"type":"LineString","coordinates":[[77.9381212,30.3976386],[77.937579,30.3972383],[77.9373802,30.3970865],[77.9373094,30.3970324],[77.9371954,30.3969329],[77.9371217,30.3968728],[77.9371002,30.3968369],[77.9370949,30.396793],[77.9370899,30.3967737],[77.9370828,30.3967467],[77.9370546,30.3967085],[77.9367837,30.3964783],[77.9361963,30.395967]]}},{"type":"Feature","properties":{"c":"residential"},"geometry":{"type":"LineString","coordinates":[[77.9360681,30.3968245],[77.9363653,30.3971411],[77.9364176,30.3971932]]}},{"type":"Feature","properties":{"c":"residential"},"geometry":{"type":"LineString","coordinates":[[77.935849,30.3969769],[77.9360681,30.3968245],[77.9361816,30.3967455],[77.9363573,30.3966148],[77.9363693,30.3965882],[77.9363693,30.3965639],[77.9363358,30.3965223],[77.9361507,30.3963719],[77.9360783,30.396321],[77.9359898,30.3962585],[77.9358181,30.396085],[77.9356438,30.3958953],[77.9355727,30.3958305],[77.9355043,30.3957773],[77.9353729,30.3956709],[77.9353112,30.3956038],[77.9352647,30.3955442],[77.9352173,30.3954835],[77.9351583,30.3954187],[77.9350752,30.395384],[77.9349598,30.3953562],[77.9348606,30.3953215],[77.9346809,30.3952174],[77.9345629,30.3951388],[77.9344904,30.395111],[77.9343724,30.3950948],[77.9342759,30.3950555],[77.934182,30.3949745],[77.9340962,30.3948889],[77.9338105,30.3945546],[77.9333022,30.3940144],[77.9329374,30.3936257],[77.9325243,30.3931497]]}},{"type":"Feature","properties":{"c":"residential"},"geometry":{"type":"LineString","coordinates":[[77.9333825,30.3925717],[77.9337046,30.3929386],[77.9340023,30.3932891],[77.9341391,30.3934568],[77.9341672,30.3935008],[77.9341699,30.3935332],[77.9341444,30.3935864],[77.9340532,30.3936789],[77.9340385,30.3937113],[77.9340385,30.3937448],[77.9340586,30.3938004],[77.9341055,30.3938721],[77.9341708,30.3939416],[77.9342651,30.3940421],[77.9342772,30.394078],[77.9342732,30.3941173],[77.934241,30.394152],[77.9339916,30.3943857],[77.9338105,30.3945546]]}},{"type":"Feature","properties":{"c":"residential"},"geometry":{"type":"LineString","coordinates":[[77.9333205,30.3926114],[77.9330742,30.3923416],[77.9329482,30.3922075],[77.9328985,30.3921438]]}},{"type":"Feature","properties":{"c":"tertiary"},"geometry":{"type":"LineString","coordinates":[[77.9660761,30.3583556],[77.966107,30.3584163]]}},{"type":"Feature","properties":{"c":"tertiary"},"geometry":{"type":"LineString","coordinates":[[77.9533277,30.3440723],[77.953502,30.3446602],[77.9535314,30.3449333],[77.9535574,30.3450573],[77.953587,30.3451386],[77.9536522,30.3452411],[77.953965,30.3456658],[77.9540596,30.3458084],[77.9541271,30.3459102],[77.9544407,30.3464124],[77.9546511,30.3467131],[77.9548001,30.3469262],[77.9552697,30.3474309],[77.9556074,30.3477132],[77.955696,30.3477873],[77.9558896,30.3479056],[77.9560554,30.3480068],[77.9565386,30.3482829],[77.9569566,30.3485217],[77.9578364,30.3490367],[77.9586518,30.3496375],[77.9594296,30.3502408],[77.9602718,30.3507732],[77.9608834,30.3515185],[77.9615915,30.3523471],[77.9622406,30.353023],[77.9629594,30.3536155],[77.9630625,30.3537211],[77.963646,30.3543191],[77.9643327,30.3550968],[77.9648638,30.3557402],[77.965411,30.3565684],[77.9658508,30.3574529],[77.9658964,30.3575663],[77.9660332,30.358219],[77.9660761,30.3583556]]}},{"type":"Feature","properties":{"c":"residential"},"geometry":{"type":"LineString","coordinates":[[77.9412416,30.3998398],[77.9407829,30.3992961],[77.9407011,30.3992152],[77.9406568,30.3992013],[77.9405509,30.3991874]]}},{"type":"Feature","properties":{"c":"residential"},"geometry":{"type":"LineString","coordinates":[[77.9410015,30.4011781],[77.9407024,30.4009445],[77.9404517,30.4007166],[77.9404235,30.4006645],[77.9404262,30.4006137],[77.9404382,30.4005512],[77.9404369,30.4004945],[77.940402,30.4004089],[77.9402223,30.4000954],[77.9401405,30.4000098],[77.9400721,30.3999474],[77.9400346,30.3999254],[77.9399715,30.3999231],[77.9398166,30.3999433]]}},{"type":"Feature","properties":{"c":"residential"},"geometry":{"type":"LineString","coordinates":[[77.9390488,30.3972315],[77.9391722,30.3972545],[77.9392554,30.3972823],[77.9393493,30.3973274],[77.9394378,30.3974037],[77.9395263,30.3974916],[77.9395893,30.3975425],[77.9396725,30.39759],[77.9397757,30.3976316],[77.9399098,30.3976813],[77.9399769,30.3976998],[77.940103,30.3977207],[77.9402424,30.3977392],[77.9403256,30.3977577],[77.9404449,30.3978016],[77.9405844,30.3978606],[77.9407011,30.3979312],[77.940803,30.3980133],[77.9408768,30.3980781],[77.9409304,30.3981406],[77.9409546,30.3981938],[77.940964,30.3982481],[77.9409251,30.3983592],[77.9408017,30.3985859],[77.9407427,30.3986854],[77.9407038,30.3987698],[77.9406729,30.3988207],[77.9406166,30.3989133],[77.9405938,30.3989804],[77.9405777,30.3990764],[77.9405509,30.3991874],[77.9405268,30.3992302],[77.9404677,30.3992846],[77.940288,30.3995101],[77.9401566,30.3996605],[77.9399863,30.3998097],[77.9398743,30.3998901],[77.9398361,30.3999248],[77.9398166,30.3999433],[77.9397066,30.4000237],[77.9396684,30.4000515],[77.9396255,30.4000885],[77.9395799,30.4001799],[77.9395705,30.4002701],[77.9395732,30.4003303],[77.9396081,30.400402],[77.9396778,30.4004899],[77.9397342,30.4005894],[77.9397717,30.4006842],[77.9398173,30.4009017]]}},{"type":"Feature","properties":{"c":"residential"},"geometry":{"type":"LineString","coordinates":[[77.9427329,30.3996085],[77.9413676,30.3989977],[77.9409787,30.3988149],[77.9408567,30.398764],[77.9407816,30.398756],[77.9407038,30.3987698]]}},{"type":"Feature","properties":{"c":"residential"},"geometry":{"type":"LineString","coordinates":[[77.9388893,30.3980527],[77.9391696,30.3979451],[77.9392125,30.3979138],[77.9392447,30.3978815],[77.9392554,30.3978444],[77.9392353,30.3977797],[77.9390008,30.3973043]]}},{"type":"Feature","properties":{"c":"residential"},"geometry":{"type":"LineString","coordinates":[[77.9384811,30.3987647],[77.9391012,30.3983893],[77.9394498,30.3981811]]}},{"type":"Feature","properties":{"c":"residential"},"geometry":{"type":"LineString","coordinates":[[77.9372075,30.3993656],[77.9379478,30.399],[77.9384628,30.3987259]]}},{"type":"Feature","properties":{"c":"residential"},"geometry":{"type":"LineString","coordinates":[[77.9378459,30.3997704],[77.9377118,30.39959]]}},{"type":"Feature","properties":{"c":"residential"},"geometry":{"type":"LineString","coordinates":[[77.9386799,30.3991261],[77.9377118,30.39959],[77.9373872,30.3997542]]}},{"type":"Feature","properties":{"c":"residential"},"geometry":{"type":"LineString","coordinates":[[77.9381892,30.4001139],[77.9383394,30.4005003]]}},{"type":"Feature","properties":{"c":"residential"},"geometry":{"type":"LineString","coordinates":[[77.9377466,30.39993],[77.9378445,30.400247],[77.937948,30.4006021]]}},{"type":"Feature","properties":{"c":"residential"},"geometry":{"type":"LineString","coordinates":[[77.9376487,30.4010405],[77.9380837,30.4007934]]}},{"type":"Feature","properties":{"c":"residential"},"geometry":{"type":"LineString","coordinates":[[77.9383622,30.4011134],[77.9382777,30.4010301],[77.9382133,30.4009607],[77.9381356,30.4008623],[77.9380837,30.4007934],[77.9380041,30.4006877],[77.937948,30.4006021]]}},{"type":"Feature","properties":{"c":"service"},"geometry":{"type":"LineString","coordinates":[[77.9459099,30.3969537],[77.9457758,30.3967351],[77.9457262,30.3966449],[77.9457222,30.3966137],[77.9457155,30.3965732]]}},{"type":"Feature","properties":{"c":"residential"},"geometry":{"type":"LineString","coordinates":[[77.9447123,30.3978676],[77.944829,30.3978282],[77.9448947,30.3978178],[77.9449578,30.3978155],[77.945002,30.3978051],[77.9450624,30.3977831],[77.9451066,30.3977461],[77.9451576,30.3976709],[77.9452166,30.3975969],[77.945285,30.3975518],[77.9456833,30.3973054],[77.9458107,30.3972383],[77.9458268,30.3972024],[77.9458255,30.3971596],[77.9458053,30.3971284],[77.9456176,30.3970255],[77.9455103,30.396963],[77.945462,30.3969352],[77.9454111,30.3969271],[77.9452674,30.3969244]]}},{"type":"Feature","properties":{"c":"residential"},"geometry":{"type":"LineString","coordinates":[[77.9450805,30.3966528],[77.9452674,30.3969244],[77.9454204,30.3971469]]}},{"type":"Feature","properties":{"c":"residential"},"geometry":{"type":"LineString","coordinates":[[77.9450409,30.3973933],[77.9446685,30.3968918],[77.9443596,30.3964425]]}},{"type":"Feature","properties":{"c":"residential"},"geometry":{"type":"LineString","coordinates":[[77.9443181,30.3978109],[77.94393,30.3973229],[77.9436529,30.3969896]]}},{"type":"Feature","properties":{"c":"residential"},"geometry":{"type":"LineString","coordinates":[[77.9433578,30.3972533],[77.9435644,30.3975378],[77.9438969,30.3979613]]}},{"type":"Feature","properties":{"c":"residential"},"geometry":{"type":"LineString","coordinates":[[77.9436851,30.3963418],[77.944196,30.3969792],[77.9443021,30.3971043],[77.944641,30.3975401]]}},{"type":"Feature","properties":{"c":"residential"},"geometry":{"type":"LineString","coordinates":[[77.9426122,30.3969965],[77.942989,30.3967513],[77.9436851,30.3963418],[77.9440311,30.3961243]]}},{"type":"Feature","properties":{"c":"residential"},"geometry":{"type":"LineString","coordinates":[[77.9434919,30.3981186],[77.9432023,30.3977507],[77.9426122,30.3969965],[77.9425196,30.3968716]]}},{"type":"Feature","properties":{"c":"residential"},"geometry":{"type":"LineString","coordinates":[[77.9437977,30.3937113],[77.9441169,30.393554],[77.9441974,30.3935378],[77.944259,30.3935632],[77.9443073,30.3936326],[77.9443502,30.3936396],[77.9444012,30.3936234],[77.9451361,30.3931861],[77.9451844,30.3931699],[77.9452193,30.3931792],[77.9453078,30.3932949],[77.9453373,30.3933134],[77.9453775,30.3933157],[77.9455599,30.3932069],[77.9455921,30.3931907],[77.9456323,30.3932023],[77.9457933,30.3933411],[77.9459032,30.3934394],[77.9460427,30.3935216]]}},{"type":"Feature","properties":{"c":"residential"},"geometry":{"type":"LineString","coordinates":[[77.9425375,30.3932719],[77.9427046,30.3934635],[77.9428227,30.3935991],[77.9432854,30.3940873]]}},{"type":"Feature","properties":{"c":"residential"},"geometry":{"type":"LineString","coordinates":[[77.9421173,30.3934047],[77.9424955,30.3937472]]}},{"type":"Feature","properties":{"c":"residential"},"geometry":{"type":"LineString","coordinates":[[77.9429059,30.3923474],[77.9427731,30.3923868],[77.9427087,30.3924261],[77.9426967,30.3924469],[77.9426967,30.3924909],[77.9427183,30.3925675],[77.9427718,30.3927569],[77.9427744,30.3928125],[77.9427677,30.3928784],[77.9427448,30.3929596],[77.9427396,30.3929779],[77.942643,30.3931769],[77.9426014,30.3932266],[77.9425639,30.3932578],[77.9425375,30.3932719],[77.9424942,30.3932948],[77.942289,30.393355],[77.9421173,30.3934047],[77.9419295,30.3934591]]}},{"type":"Feature","properties":{"c":"residential"},"geometry":{"type":"LineString","coordinates":[[77.9442644,30.3918107],[77.9441088,30.3916334],[77.9439881,30.391496],[77.9435909,30.3910369]]}},{"type":"Feature","properties":{"c":"service"},"geometry":{"type":"LineString","coordinates":[[77.9309513,30.3935829],[77.9310545,30.3935158],[77.9311001,30.3934765],[77.9312203,30.3933744]]}},{"type":"Feature","properties":{"c":"residential"},"geometry":{"type":"LineString","coordinates":[[77.9341708,30.3939416],[77.9347855,30.3935332]]}},{"type":"Feature","properties":{"c":"residential"},"geometry":{"type":"LineString","coordinates":[[77.9356921,30.3931734],[77.9358061,30.3934394],[77.9359669,30.3937898]]}},{"type":"Feature","properties":{"c":"residential"},"geometry":{"type":"LineString","coordinates":[[77.9361024,30.394786],[77.9359048,30.394486]]}},{"type":"Feature","properties":{"c":"residential"},"geometry":{"type":"LineString","coordinates":[[77.9362374,30.3943269],[77.9359048,30.394486],[77.9357202,30.3945743],[77.9355875,30.3946448]]}},{"type":"Feature","properties":{"c":"residential"},"geometry":{"type":"LineString","coordinates":[[77.9370198,30.3937962],[77.9361883,30.3941694],[77.9361735,30.3942018],[77.9361735,30.3942272],[77.9362374,30.3943269],[77.9364766,30.3947004]]}},{"type":"Feature","properties":{"c":"residential"},"geometry":{"type":"LineString","coordinates":[[77.9355231,30.3939473],[77.9359669,30.3937898],[77.9361293,30.3937321],[77.9362741,30.3936812],[77.9367705,30.3934446]]}},{"type":"Feature","properties":{"c":"residential"},"geometry":{"type":"LineString","coordinates":[[77.9361293,30.3932648],[77.9364885,30.3930786]]}},{"type":"Feature","properties":{"c":"residential"},"geometry":{"type":"LineString","coordinates":[[77.9354078,30.393001],[77.9357377,30.3929154],[77.9358798,30.392853],[77.9362088,30.3926728]]}},{"type":"Feature","properties":{"c":"residential"},"geometry":{"type":"LineString","coordinates":[[77.9375669,30.3929895],[77.9374436,30.3928021],[77.937288,30.3925568],[77.9372397,30.392536],[77.9371861,30.3925406],[77.9369929,30.3926216],[77.9363848,30.3929344]]}},{"type":"Feature","properties":{"c":"residential"},"geometry":{"type":"LineString","coordinates":[[77.9384789,30.3924111],[77.9374436,30.3928021]]}},{"type":"Feature","properties":{"c":"residential"},"geometry":{"type":"LineString","coordinates":[[77.937343,30.394292],[77.9375938,30.3941601],[77.9379773,30.3939866],[77.9380068,30.3939565],[77.9380095,30.3939346],[77.9379974,30.3938686],[77.9378714,30.3936581],[77.9378445,30.3936211],[77.9378405,30.3935968],[77.9378459,30.3935748],[77.937917,30.3935366],[77.9385486,30.3932948],[77.9390636,30.3930855],[77.9401231,30.3926725],[77.9401767,30.3926459]]}},{"type":"Feature","properties":{"c":"residential"},"geometry":{"type":"LineString","coordinates":[[77.9374803,30.3944614],[77.9380041,30.3942122]]}},{"type":"Feature","properties":{"c":"residential"},"geometry":{"type":"LineString","coordinates":[[77.937633,30.3946496],[77.9380618,30.3944435],[77.9381154,30.3944274],[77.9381423,30.3944285],[77.9381651,30.3944597],[77.9382254,30.3946286],[77.938263,30.3947617]]}},{"type":"Feature","properties":{"c":"residential"},"geometry":{"type":"LineString","coordinates":[[77.9383329,30.3962005],[77.9390475,30.3956292]]}},{"type":"Feature","properties":{"c":"residential"},"geometry":{"type":"LineString","coordinates":[[77.9392809,30.3962065],[77.9390784,30.3960839],[77.9390261,30.3960677],[77.9389939,30.3960746],[77.9387565,30.3962585],[77.9385354,30.3964209]]}},{"type":"Feature","properties":{"c":"residential"},"geometry":{"type":"LineString","coordinates":[[77.9398468,30.3955251],[77.9395732,30.3958479],[77.9392809,30.3962065],[77.9388925,30.3966905]]}},{"type":"Feature","properties":{"c":"residential"},"geometry":{"type":"LineString","coordinates":[[77.9390246,30.3971781],[77.9391065,30.3971434],[77.9391307,30.3971238],[77.9391924,30.3970301],[77.9392527,30.3968994],[77.9395437,30.3965408],[77.939871,30.3961567],[77.9399045,30.3960954],[77.9399072,30.3960711],[77.9398938,30.3960283],[77.9398374,30.395989],[77.9395732,30.3958479]]}},{"type":"Feature","properties":{"c":"residential"},"geometry":{"type":"LineString","coordinates":[[77.9386004,30.3965544],[77.9387189,30.3966056],[77.9388249,30.3966518],[77.9388925,30.3966905],[77.9389442,30.3967201],[77.9391709,30.39686],[77.9392527,30.3968994]]}},{"type":"Feature","properties":{"c":"service"},"geometry":{"type":"LineString","coordinates":[[77.9391288,30.3999519],[77.9391736,30.3999312],[77.9392111,30.3999023],[77.939242,30.399841],[77.9392782,30.3997218]]}},{"type":"Feature","properties":{"c":"residential"},"geometry":{"type":"LineString","coordinates":[[77.9397066,30.4000237],[77.9397006,30.399989],[77.93971,30.3999462],[77.9397449,30.3998791],[77.9397623,30.3998213],[77.9397596,30.3997854],[77.9397234,30.3997345],[77.9396081,30.3996142]]}},{"type":"Feature","properties":{"c":"residential"},"geometry":{"type":"LineString","coordinates":[[77.9386472,30.399071],[77.9394311,30.3985882]]}},{"type":"Feature","properties":{"c":"residential"},"geometry":{"type":"LineString","coordinates":[[77.9388149,30.3993527],[77.9396483,30.3988358]]}},{"type":"Feature","properties":{"c":"residential"},"geometry":{"type":"LineString","coordinates":[[77.9463,30.3990513],[77.9460477,30.3987054],[77.9459686,30.3986059]]}},{"type":"Feature","properties":{"c":"residential"},"geometry":{"type":"LineString","coordinates":[[77.9468997,30.3987479],[77.9468594,30.3987698],[77.9467884,30.3988068],[77.9466891,30.3988589],[77.9464719,30.3989572],[77.9463,30.3990513],[77.9461889,30.3991122],[77.9460159,30.3992221],[77.9458,30.3994176],[77.9457557,30.3994731],[77.9457544,30.3995101],[77.9457785,30.3995587],[77.9458684,30.3996432],[77.9458778,30.3996836],[77.9458657,30.3997334],[77.9458362,30.3997669],[77.9454486,30.4000318],[77.9450248,30.400365],[77.9449658,30.4004089],[77.9449323,30.4004147],[77.9449014,30.4004043],[77.944825,30.4003453],[77.9447928,30.4003245],[77.9447526,30.4003164],[77.9444294,30.4003927],[77.9443355,30.4004112],[77.9443033,30.400432],[77.9442456,30.4005153],[77.9441249,30.4007328],[77.9440793,30.4007929]]}},{"type":"Feature","properties":{"c":"residential"},"geometry":{"type":"LineString","coordinates":[[77.9459463,30.3965502],[77.9458067,30.3961776],[77.9457369,30.3959393]]}},{"type":"Feature","properties":{"c":"residential"},"geometry":{"type":"LineString","coordinates":[[77.9433162,30.3923706],[77.9434007,30.3924967],[77.9434249,30.392536],[77.9434316,30.3925718],[77.9434195,30.3926008],[77.9433578,30.3926366],[77.9429904,30.3928715],[77.9428978,30.3929143],[77.9427448,30.3929596]]}},{"type":"Feature","properties":{"c":"residential"},"geometry":{"type":"LineString","coordinates":[[77.943736,30.3920682],[77.9436542,30.3920027],[77.943622,30.3919888],[77.9435885,30.3919877],[77.9434356,30.3920721],[77.9432358,30.3922075],[77.9431526,30.3922398],[77.9429046,30.3923048]]}},{"type":"Feature","properties":{"c":"residential"},"geometry":{"type":"LineString","coordinates":[[77.9413837,30.3929085],[77.9420435,30.3927535],[77.9427183,30.3925675]]}},{"type":"Feature","properties":{"c":"residential"},"geometry":{"type":"LineString","coordinates":[[77.9452193,30.3931792],[77.9452609,30.3931144],[77.9452662,30.3930751],[77.9452434,30.3930334],[77.9451576,30.3929663],[77.9451388,30.3929386],[77.9451334,30.3929039],[77.9451978,30.3928009],[77.9452072,30.3927754],[77.9451951,30.3927569],[77.9451214,30.3926991],[77.9450905,30.3926632],[77.9450865,30.3926343],[77.9451281,30.3925961],[77.9453735,30.392374],[77.9455358,30.3922433],[77.9456404,30.3921889],[77.9457396,30.3921612],[77.9458657,30.3921542],[77.9459676,30.3921623],[77.9460454,30.3921994],[77.9461513,30.3922491],[77.946213,30.3922595]]}},{"type":"Feature","properties":{"c":"residential"},"geometry":{"type":"LineString","coordinates":[[77.9451093,30.3916209],[77.9447941,30.3913236],[77.944648,30.3911825],[77.9446332,30.3911663],[77.9446238,30.3911374],[77.9446319,30.3911166],[77.944719,30.3910599],[77.9447231,30.3910379],[77.944711,30.3910032],[77.9445662,30.3907961],[77.9444508,30.3906712],[77.9443142,30.3905693]]}},{"type":"Feature","properties":{"c":"residential"},"geometry":{"type":"LineString","coordinates":[[78.0049991,30.3780687],[78.0050342,30.3784778],[78.0050349,30.3785231],[78.0050245,30.3785882],[78.0049983,30.3786556],[78.0049873,30.3786952],[78.0049843,30.378747],[78.0049926,30.3788193],[78.005075,30.3793115],[78.0050866,30.3794436],[78.0050557,30.379698],[78.0050376,30.3797657],[78.0050151,30.3798247],[78.0049719,30.3799112],[78.0049589,30.3799419],[78.0049447,30.3799806],[78.0049189,30.3801356],[78.0049041,30.3801935],[78.0048837,30.3802476],[78.0048501,30.3803332],[78.0048396,30.3803701],[78.0048374,30.3803983],[78.0048434,30.3804269],[78.0048803,30.3805172],[78.0048877,30.3805436],[78.0048864,30.3805738],[78.0048816,30.3805918],[78.0048676,30.3806138],[78.0046709,30.3807255],[78.004647,30.3807527],[78.0046406,30.3807704],[78.0046423,30.3807918],[78.0048334,30.3811024],[78.004848,30.3811325],[78.0048443,30.3811546],[78.0048359,30.3811717],[78.0048191,30.3811873],[78.0047351,30.3812446],[78.0044877,30.3813755],[78.0041635,30.3815688],[78.0039747,30.3816949],[78.0038312,30.3817931],[78.0036888,30.3819176],[78.0035167,30.382049],[78.0034708,30.3820792],[78.0034018,30.3821152],[78.0031,30.3822659],[78.0027919,30.3824044],[78.002758,30.3824251],[78.002747,30.3824398],[78.0027403,30.3824579],[78.0027404,30.3824838],[78.002746,30.3825262],[78.0027619,30.3825607],[78.0027791,30.3825904],[78.0028123,30.3826277],[78.0028719,30.3826743],[78.002928,30.382713],[78.0029568,30.3827399],[78.002984,30.382783],[78.0031211,30.3830341],[78.0031553,30.3830931],[78.0032017,30.3831924],[78.0032475,30.3833493],[78.0032837,30.3835232],[78.0033307,30.3836426],[78.0034905,30.3839652],[78.0036872,30.3842379],[78.0038799,30.3844744],[78.0042715,30.3849308],[78.0043196,30.3849842],[78.0043385,30.3849973],[78.0043518,30.3850035],[78.0043654,30.3850075],[78.0043876,30.3850078],[78.0044093,30.3850037],[78.0044995,30.3849671],[78.0045319,30.3849595],[78.0045612,30.3849605],[78.0045838,30.3849645],[78.0046052,30.3849735],[78.0047291,30.3850621],[78.0047447,30.3850705],[78.0047623,30.3850763],[78.0047831,30.3850802],[78.0047999,30.3850801],[78.004816,30.3850766],[78.005002,30.3850145],[78.0050193,30.3850112],[78.005037,30.3850112],[78.0050393,30.3850109],[78.0050602,30.385016],[78.0050751,30.385024],[78.0051321,30.3850867],[78.0053593,30.3853648],[78.005443,30.3854651],[78.0054647,30.3854873],[78.0054931,30.3855057],[78.005519,30.3855148],[78.0055482,30.38552],[78.0055752,30.3855187],[78.0056062,30.3855117],[78.0059515,30.3853887],[78.0059832,30.3853843],[78.0060068,30.3853858],[78.0060266,30.38539],[78.0061064,30.3854312],[78.0061306,30.3854381],[78.0061545,30.3854416],[78.0061877,30.3854412],[78.0062154,30.3854338],[78.0063294,30.3853738],[78.0063581,30.3853647],[78.0063803,30.3853649],[78.0063938,30.3853691],[78.0064005,30.3853747],[78.0065888,30.3856291],[78.0066141,30.3856468],[78.0066331,30.3856524],[78.0066526,30.3856542],[78.0067029,30.3856459],[78.0069014,30.3856033],[78.0070957,30.3855497],[78.0071741,30.3855258],[78.0072427,30.3854994],[78.0073017,30.385476],[78.0074982,30.3853897],[78.0075457,30.3853806],[78.0075991,30.3853816],[78.0076407,30.3853898],[78.0076791,30.3854047],[78.0077093,30.3854257],[78.0077436,30.385454],[78.0081103,30.3859454],[78.0081864,30.3860674],[78.0081903,30.3860935],[78.0081872,30.3861089],[78.0081776,30.3861229],[78.0079521,30.386252],[78.0079256,30.3862743],[78.0079178,30.3862889],[78.0079162,30.3863058],[78.0079209,30.386326],[78.0079293,30.3863414],[78.0083008,30.3869421],[78.008309,30.3869636],[78.0083095,30.3869842],[78.0083034,30.3870024],[78.0082921,30.3870155],[78.007746,30.3872714],[78.0077203,30.3872834],[78.007708,30.3872925],[78.0076973,30.3873098],[78.0076973,30.3873444],[78.0078122,30.3876354],[78.0079714,30.3880383],[78.0081052,30.388377],[78.0081121,30.3883951],[78.0082573,30.3887755],[78.0083425,30.3889988],[78.0084173,30.3891948]]}},{"type":"Feature","properties":{"c":"residential"},"geometry":{"type":"LineString","coordinates":[[78.0036872,30.3842379],[78.004336,30.3839467],[78.0044285,30.3839099],[78.0044653,30.3838999],[78.0044974,30.3838951],[78.0045166,30.3838932],[78.0045387,30.3838883],[78.0045749,30.383873],[78.0046119,30.3838532]]}},{"type":"Feature","properties":{"c":"residential"},"geometry":{"type":"LineString","coordinates":[[78.005037,30.3850112],[78.0050788,30.3849713],[78.0051083,30.3849454],[78.0051332,30.3849301],[78.0057554,30.3846454],[78.0057763,30.3846417],[78.0057895,30.3846433],[78.0058017,30.3846498],[78.0058095,30.3846587],[78.0059459,30.3849079],[78.0060728,30.3851408]]}},{"type":"Feature","properties":{"c":"residential"},"geometry":{"type":"LineString","coordinates":[[78.0069014,30.3856033],[78.0070321,30.3858552],[78.0070492,30.3858777],[78.0070718,30.3858992],[78.0070944,30.3859155],[78.0071052,30.3859234],[78.0071136,30.3859328],[78.0071629,30.3860039]]}},{"type":"Feature","properties":{"c":"residential"},"geometry":{"type":"LineString","coordinates":[[78.0041723,30.3853941],[78.0045731,30.3858411],[78.0045998,30.3858551],[78.0046165,30.3858575],[78.0046331,30.3858565],[78.0046599,30.3858429],[78.0046828,30.385826],[78.0053593,30.3853648]]}},{"type":"Feature","properties":{"c":"residential"},"geometry":{"type":"LineString","coordinates":[[78.002413,30.3852162],[78.0026738,30.3854844],[78.0029079,30.3857251],[78.0031494,30.3859735],[78.0033843,30.386215],[78.0035802,30.3864165],[78.0036712,30.3865105],[78.0039742,30.3868236],[78.0042495,30.387108],[78.0045182,30.3873857],[78.0045455,30.3874008],[78.004564,30.3874008],[78.0045871,30.3873956],[78.0046079,30.3873832],[78.0051935,30.3869394],[78.0052068,30.3869323],[78.0052259,30.3869313],[78.0052491,30.3869399],[78.0054643,30.3871629],[78.0057011,30.3874082],[78.0059084,30.3876231],[78.0059413,30.3876572],[78.006179,30.3879031],[78.0064672,30.3882014],[78.0068149,30.3885432],[78.0068749,30.3885828],[78.0069523,30.3886123],[78.007067,30.3886236],[78.0071609,30.3886255],[78.0073112,30.3886217],[78.0073999,30.3886103],[78.0075505,30.3885779],[78.0081121,30.3883951]]}},{"type":"Feature","properties":{"c":"residential"},"geometry":{"type":"LineString","coordinates":[[78.0073767,30.3882275],[78.0079714,30.3880383]]}},{"type":"Feature","properties":{"c":"residential"},"geometry":{"type":"LineString","coordinates":[[78.0077115,30.3889494],[78.0082573,30.3887755]]}},{"type":"Feature","properties":{"c":"residential"},"geometry":{"type":"LineString","coordinates":[[78.0083425,30.3889988],[78.0087932,30.3888806],[78.008847,30.3888663],[78.0088721,30.3888532],[78.0088891,30.3888389],[78.0089805,30.3887063],[78.009161,30.3884255]]}},{"type":"Feature","properties":{"c":"residential"},"geometry":{"type":"LineString","coordinates":[[78.0043643,30.3819466],[78.0043962,30.3819907],[78.0044107,30.3819996],[78.00443,30.3819967],[78.00498,30.3816918],[78.0049947,30.3816798],[78.0049987,30.381672],[78.0049988,30.3816614],[78.0049775,30.381626],[78.0047351,30.3812446]]}},{"type":"Feature","properties":{"c":"residential"},"geometry":{"type":"LineString","coordinates":[[78.0021648,30.3858556],[78.0026738,30.3854844],[78.0029275,30.3853119]]}},{"type":"Feature","properties":{"c":"residential"},"geometry":{"type":"LineString","coordinates":[[78.0026685,30.3863391],[78.0031494,30.3859735],[78.0034727,30.3857403]]}},{"type":"Feature","properties":{"c":"residential"},"geometry":{"type":"LineString","coordinates":[[78.0024136,30.3860922],[78.0029079,30.3857251],[78.0032198,30.3855233]]}},{"type":"Feature","properties":{"c":"residential"},"geometry":{"type":"LineString","coordinates":[[78.0026953,30.3867138],[78.0033843,30.386215],[78.0035685,30.3860848],[78.0037504,30.3859526]]}},{"type":"Feature","properties":{"c":"residential"},"geometry":{"type":"LineString","coordinates":[[78.0032196,30.3868463],[78.0036712,30.3865105],[78.0041155,30.3861982]]}},{"type":"Feature","properties":{"c":"residential"},"geometry":{"type":"LineString","coordinates":[[78.0034976,30.3871665],[78.0039742,30.3868236],[78.004416,30.3865059]]}},{"type":"Feature","properties":{"c":"residential"},"geometry":{"type":"LineString","coordinates":[[78.0042495,30.387108],[78.0047063,30.3867802]]}},{"type":"Feature","properties":{"c":"residential"},"geometry":{"type":"LineString","coordinates":[[78.004738,30.3876884],[78.0054643,30.3871629],[78.0058921,30.3868883]]}},{"type":"Feature","properties":{"c":"residential"},"geometry":{"type":"LineString","coordinates":[[78.0048272,30.3880406],[78.0057011,30.3874082],[78.0061049,30.3871505]]}},{"type":"Feature","properties":{"c":"residential"},"geometry":{"type":"LineString","coordinates":[[78.0054389,30.3880148],[78.0059413,30.3876572],[78.0062853,30.3874318]]}},{"type":"Feature","properties":{"c":"residential"},"geometry":{"type":"LineString","coordinates":[[78.0056686,30.3882497],[78.006179,30.3879031]]}},{"type":"Feature","properties":{"c":"residential"},"geometry":{"type":"LineString","coordinates":[[78.0078122,30.3876354],[78.0085316,30.3873127]]}},{"type":"Feature","properties":{"c":"residential"},"geometry":{"type":"LineString","coordinates":[[78.000591,30.3867034],[78.0005618,30.3864846],[78.0005358,30.3863116],[78.0005405,30.3862711],[78.0005512,30.3862352],[78.000723,30.3859594],[78.0007951,30.3858366],[78.000842,30.3857491],[78.0009746,30.3855858],[78.0010273,30.3855324],[78.0011053,30.3854714],[78.0012516,30.3854159],[78.0020924,30.3851483],[78.002174,30.3851263],[78.0022777,30.3851063],[78.0023664,30.3850968],[78.002424,30.3850962],[78.0032823,30.3851097],[78.0033805,30.3851177],[78.0034257,30.3851328],[78.0034988,30.3851678],[78.0035327,30.3851775],[78.0035763,30.3851823],[78.0036519,30.3851768],[78.0037039,30.3851675],[78.0039475,30.3850578],[78.0039868,30.3850486],[78.0040459,30.3850443],[78.0042519,30.3850338],[78.0043105,30.3850261],[78.0043654,30.3850075]]}},{"type":"Feature","properties":{"c":"residential"},"geometry":{"type":"LineString","coordinates":[[78.0027403,30.3824579],[78.0025703,30.3822537],[78.0024183,30.3820546]]}},{"type":"Feature","properties":{"c":"residential"},"geometry":{"type":"LineString","coordinates":[[78.0036431,30.3772402],[78.003945,30.3770605],[78.0040871,30.3769716],[78.0041518,30.3769368],[78.0042104,30.3769143],[78.0043228,30.3768741],[78.0044901,30.376816],[78.0046518,30.3767513],[78.0047375,30.3767067],[78.004814,30.3766597],[78.0048585,30.3766236],[78.0048897,30.376584],[78.0049347,30.3765163]]}},{"type":"Feature","properties":{"c":"residential"},"geometry":{"type":"LineString","coordinates":[[78.0096889,30.3828623],[78.01012,30.3826806],[78.0101421,30.3826806],[78.0101589,30.3826864],[78.0101824,30.3827067],[78.0103292,30.3829045],[78.0105592,30.3832273],[78.0105894,30.3832562],[78.0106115,30.3832686],[78.0107427,30.3833208]]}},{"type":"Feature","properties":{"c":"service"},"geometry":{"type":"LineString","coordinates":[[78.0079417,30.3820452],[78.0084061,30.3818163],[78.0084346,30.3818024],[78.0084517,30.3817988],[78.0084684,30.3818002],[78.0084869,30.381806],[78.0085896,30.3818503]]}},{"type":"Feature","properties":{"c":"service"},"geometry":{"type":"LineString","coordinates":[[78.0083738,30.3812226],[78.0076048,30.3816706]]}},{"type":"Feature","properties":{"c":"residential"},"geometry":{"type":"LineString","coordinates":[[78.0111788,30.3814982],[78.0118023,30.3815533]]}},{"type":"Feature","properties":{"c":"residential"},"geometry":{"type":"LineString","coordinates":[[78.0161215,30.3773766],[78.0162046,30.3773349],[78.0162408,30.377321],[78.016275,30.3773164],[78.0163391,30.3773152],[78.0169157,30.3773335],[78.0170522,30.3773494],[78.017079,30.3773627],[78.0170985,30.3773794],[78.0171145,30.3774066]]}},{"type":"Feature","properties":{"c":"residential"},"geometry":{"type":"LineString","coordinates":[[77.9974597,30.3730781],[77.9976551,30.3728798],[77.9976659,30.3728642],[77.9976705,30.3728468],[77.9976665,30.3728283],[77.997641,30.3727994]]}},{"type":"Feature","properties":{"c":"service"},"geometry":{"type":"LineString","coordinates":[[78.0102118,30.3873081],[78.0108784,30.3870098]]}},{"type":"Feature","properties":{"c":"residential"},"geometry":{"type":"LineString","coordinates":[[78.0071126,30.3800798],[78.0073848,30.3799236],[78.0074288,30.3799017],[78.0074958,30.3798704],[78.0076444,30.3798064]]}},{"type":"Feature","properties":{"c":"residential"},"geometry":{"type":"LineString","coordinates":[[77.9379357,30.4084616],[77.9381702,30.4082713]]}},{"type":"Feature","properties":{"c":"residential"},"geometry":{"type":"LineString","coordinates":[[77.9382375,30.4083353],[77.9387055,30.4080522],[77.938967,30.4078891]]}},{"type":"Feature","properties":{"c":"residential"},"geometry":{"type":"LineString","coordinates":[[77.9397757,30.4080025],[77.9400131,30.4078509],[77.9407628,30.4074369]]}},{"type":"Feature","properties":{"c":"residential"},"geometry":{"type":"LineString","coordinates":[[77.9400131,30.4078509],[77.9398174,30.4076193]]}},{"type":"Feature","properties":{"c":"residential"},"geometry":{"type":"LineString","coordinates":[[77.9395424,30.4088526],[77.9394445,30.4088156],[77.9393989,30.408789],[77.9393157,30.4086964],[77.9392527,30.4086282],[77.9392232,30.4086074],[77.9391897,30.4085981],[77.9389952,30.4085946],[77.9389603,30.4086004],[77.9388772,30.4086421],[77.9387006,30.4087759]]}},{"type":"Feature","properties":{"c":"residential"},"geometry":{"type":"LineString","coordinates":[[77.9406112,30.4071084],[77.9401526,30.4073952],[77.9398174,30.4076193],[77.939592,30.40777],[77.9390663,30.4081147],[77.9384323,30.4085206]]}},{"type":"Feature","properties":{"c":"residential"},"geometry":{"type":"LineString","coordinates":[[77.9368199,30.4069833],[77.936258,30.4074276],[77.9359026,30.4077006],[77.9355888,30.40794],[77.9355633,30.4079481],[77.9355352,30.4079469],[77.9354949,30.4079307],[77.9351234,30.4076289],[77.9350953,30.4076173],[77.9350577,30.4076208],[77.9350309,30.4076451],[77.9348828,30.4077706],[77.9347922,30.4078475],[77.9344837,30.4081632],[77.9344556,30.4081748],[77.934422,30.4081748],[77.9343872,30.4081632],[77.9341874,30.4080695],[77.9340465,30.407992],[77.9338883,30.4079065]]}},{"type":"Feature","properties":{"c":"residential"},"geometry":{"type":"LineString","coordinates":[[77.9344006,30.40921],[77.9346125,30.4092979],[77.9346782,30.4093187],[77.9347211,30.4093187],[77.934752,30.4093037],[77.9348539,30.4091787],[77.935055,30.4089393],[77.9351317,30.4088499],[77.9351462,30.4088329],[77.9354225,30.4085715],[77.9354449,30.4085514],[77.935676,30.4083437],[77.9357161,30.4083065],[77.9358007,30.408228],[77.9358825,30.4081378],[77.9360099,30.407992],[77.9360703,30.4079388],[77.9363358,30.4077283],[77.9365303,30.4075722],[77.936608,30.4075028],[77.9366536,30.4074565],[77.936722,30.4073721],[77.9367703,30.4073166],[77.9368186,30.407283],[77.9370103,30.4071722]]}},{"type":"Feature","properties":{"c":"residential"},"geometry":{"type":"LineString","coordinates":[[77.937456,30.4076067],[77.9373604,30.4076844],[77.9370801,30.4079203]]}},{"type":"Feature","properties":{"c":"residential"},"geometry":{"type":"LineString","coordinates":[[77.9373604,30.4076844],[77.9370488,30.4074568]]}},{"type":"Feature","properties":{"c":"residential"},"geometry":{"type":"LineString","coordinates":[[77.9362473,30.4081748],[77.9364163,30.407999],[77.9365544,30.4078799],[77.9367234,30.4077249],[77.9369058,30.4075595],[77.937009,30.4074878],[77.9370488,30.4074568],[77.937188,30.4073484]]}},{"type":"Feature","properties":{"c":"residential"},"geometry":{"type":"LineString","coordinates":[[77.9375517,30.4071282],[77.93763,30.4071755],[77.9377292,30.4072171],[77.9377882,30.4072217],[77.9378445,30.4072102],[77.9380591,30.407113]]}},{"type":"Feature","properties":{"c":"residential"},"geometry":{"type":"LineString","coordinates":[[77.9395223,30.406271],[77.9389751,30.406552],[77.9386036,30.4067105],[77.9382978,30.4068458],[77.9381369,30.4069037],[77.9376461,30.4070922],[77.9375517,30.4071282],[77.9375187,30.4071408],[77.9374248,30.4071917],[77.937188,30.4073484]]}},{"type":"Feature","properties":{"c":"residential"},"geometry":{"type":"LineString","coordinates":[[77.9402411,30.4067001],[77.9398026,30.4069002],[77.9391132,30.4072402],[77.9385634,30.4075225],[77.938267,30.4076717],[77.9381879,30.4077191],[77.9380243,30.4078336],[77.9378481,30.4079694]]}},{"type":"Feature","properties":{"c":"residential"},"geometry":{"type":"LineString","coordinates":[[77.9375052,30.4082789],[77.9378481,30.4079694]]}},{"type":"Feature","properties":{"c":"residential"},"geometry":{"type":"LineString","coordinates":[[77.9376125,30.4083633],[77.9379463,30.4080602]]}},{"type":"Feature","properties":{"c":"residential"},"geometry":{"type":"LineString","coordinates":[[77.9392689,30.4093211],[77.9397342,30.4089625]]}},{"type":"Feature","properties":{"c":"residential"},"geometry":{"type":"LineString","coordinates":[[77.9402689,30.410046],[77.940048,30.4102382],[77.9399326,30.4103839],[77.9397503,30.4106407]]}},{"type":"Feature","properties":{"c":"residential"},"geometry":{"type":"LineString","coordinates":[[77.9408969,30.4084339],[77.9411022,30.4082718]]}},{"type":"Feature","properties":{"c":"residential"},"geometry":{"type":"LineString","coordinates":[[77.9417069,30.4088283],[77.9419845,30.4086143],[77.9420221,30.4085715],[77.9420274,30.4085484],[77.9420127,30.4085264],[77.9417941,30.4083205],[77.9413167,30.4078845],[77.9412483,30.4078162],[77.9412275,30.4078047],[77.9412027,30.4078064],[77.9411349,30.4078504],[77.9410377,30.4078972]]}},{"type":"Feature","properties":{"c":"residential"},"geometry":{"type":"LineString","coordinates":[[77.9404204,30.4101392],[77.9408312,30.4098982],[77.9410243,30.4098033],[77.9411262,30.4097385],[77.9412255,30.4096668],[77.9413462,30.4095558],[77.9413918,30.4094933],[77.941432,30.4094101],[77.9414602,30.4093673],[77.9415245,30.4092956],[77.9415339,30.4092713],[77.9415299,30.4092331],[77.9415299,30.4092007],[77.9415447,30.4091695],[77.9415822,30.4091359],[77.941774,30.4089833],[77.9417887,30.408952],[77.9417887,30.4089231],[77.9417069,30.4088283],[77.9411022,30.4082718],[77.9409076,30.4080927],[77.9408821,30.4080626],[77.9408862,30.408036],[77.9410377,30.4078972]]}},{"type":"Feature","properties":{"c":"residential"},"geometry":{"type":"LineString","coordinates":[[77.9388235,30.4048471],[77.9386935,30.4049501],[77.9386801,30.4049882],[77.9386894,30.4050172],[77.9387927,30.405134],[77.9387981,30.4051664],[77.9387806,30.4052045],[77.9387471,30.4052311],[77.9383019,30.4055111],[77.9379559,30.4057135],[77.9378995,30.4057505],[77.9378794,30.4057782],[77.9378781,30.4058176],[77.9379196,30.4059783]]}},{"type":"Feature","properties":{"c":"residential"},"geometry":{"type":"LineString","coordinates":[[77.9394132,30.4056543],[77.9393426,30.4054706],[77.939301,30.4053931],[77.9392406,30.4053167],[77.9391548,30.4052589],[77.9391173,30.4052473],[77.939069,30.4052242],[77.9390287,30.4051872],[77.9389858,30.4051548],[77.9389523,30.4051444],[77.9387927,30.405134]]}},{"type":"Feature","properties":{"c":"residential"},"geometry":{"type":"LineString","coordinates":[[77.9366832,30.4068493],[77.9368856,30.4067118],[77.937054,30.4065862],[77.9373851,30.4063556],[77.9376729,30.4061426],[77.9378714,30.4059957],[77.9379196,30.4059783],[77.9379532,30.4059853],[77.9379854,30.4060061],[77.9380685,30.4061114],[77.9381087,30.4061437],[77.9381369,30.4061542],[77.9381771,30.4061588],[77.9382172,30.4061527],[77.9382992,30.4061183],[77.9388008,30.4059078],[77.9392607,30.4057193],[77.9393734,30.4056684],[77.9394132,30.4056543],[77.9394257,30.4056499],[77.9394659,30.4056232],[77.9395464,30.4055203],[77.9397368,30.4052496]]}},{"type":"Feature","properties":{"c":"residential"},"geometry":{"type":"LineString","coordinates":[[77.9391038,30.4067359],[77.9395705,30.4065139],[77.9396,30.4064792],[77.9396054,30.406426],[77.9395223,30.406271],[77.9393023,30.4057967],[77.9392782,30.405754],[77.9392607,30.4057193]]}},{"type":"Feature","properties":{"c":"residential"},"geometry":{"type":"LineString","coordinates":[[77.9356338,30.4058434],[77.9362392,30.4054174],[77.9367059,30.405112],[77.9369044,30.4049871]]}},{"type":"Feature","properties":{"c":"residential"},"geometry":{"type":"LineString","coordinates":[[77.9332522,30.4070077],[77.9338843,30.4065208],[77.9341096,30.4063473],[77.9341632,30.4063126],[77.9342249,30.4062814],[77.9343161,30.4062236],[77.9344797,30.4061137],[77.9346326,30.4060049],[77.9346769,30.4059598],[77.9347225,30.4059032],[77.9347493,30.4058777],[77.9347533,30.4058453],[77.9347292,30.4058153],[77.9346326,30.4057181],[77.9346246,30.4056961],[77.9346326,30.4056741],[77.9347466,30.4056001],[77.9351073,30.4053409]]}},{"type":"Feature","properties":{"c":"residential"},"geometry":{"type":"LineString","coordinates":[[77.9305747,30.4071956],[77.9309055,30.4069296]]}},{"type":"Feature","properties":{"c":"residential"},"geometry":{"type":"LineString","coordinates":[[77.9314225,30.4074049],[77.9309055,30.4069296],[77.930612,30.4066596],[77.9298447,30.4059567],[77.9297858,30.4059032],[77.9297617,30.4058673],[77.9297389,30.4058338],[77.9296906,30.4057887],[77.9295914,30.4056996],[77.9293339,30.4054532],[77.9292561,30.4053699],[77.9292347,30.405326],[77.929236,30.4052982],[77.9293151,30.4052126],[77.9293916,30.4051409],[77.929417,30.4051051],[77.9294184,30.4050738],[77.9294184,30.405053],[77.9293849,30.4050125],[77.9291837,30.404868],[77.9291609,30.4048448],[77.9291596,30.4048171],[77.9291743,30.404787],[77.9292498,30.4047114]]}},{"type":"Feature","properties":{"c":"residential"},"geometry":{"type":"LineString","coordinates":[[77.9317446,30.4071392],[77.9308185,30.406301],[77.9301721,30.4056953]]}},{"type":"Feature","properties":{"c":"residential"},"geometry":{"type":"LineString","coordinates":[[77.9320791,30.4068632],[77.931371,30.4062363],[77.9304975,30.4054338]]}},{"type":"Feature","properties":{"c":"residential"},"geometry":{"type":"LineString","coordinates":[[77.9323955,30.4066173],[77.9315025,30.4057898],[77.9308421,30.405158]]}},{"type":"Feature","properties":{"c":"residential"},"geometry":{"type":"LineString","coordinates":[[77.9327417,30.4063477],[77.9318646,30.4055747],[77.9311699,30.4048957]]}},{"type":"Feature","properties":{"c":"residential"},"geometry":{"type":"LineString","coordinates":[[77.9335189,30.4038612],[77.9329669,30.4042676],[77.9324654,30.4046008],[77.9323152,30.4046945],[77.9322602,30.404728],[77.9322508,30.4047523],[77.9322562,30.4047847],[77.9323205,30.404883],[77.9324372,30.4050345],[77.9324748,30.4050519],[77.932515,30.4050507],[77.9326572,30.4049501]]}},{"type":"Feature","properties":{"c":"residential"},"geometry":{"type":"LineString","coordinates":[[77.9344186,30.404707],[77.9343255,30.4048043],[77.9342866,30.404868],[77.9342544,30.4050125],[77.9342397,30.405134],[77.9342249,30.4051722],[77.9341914,30.4052011],[77.9340573,30.4052936],[77.9338226,30.4054729],[77.9335088,30.4056741],[77.9333854,30.4058129],[77.9332539,30.4059355],[77.9330474,30.4060859],[77.9328865,30.4062039],[77.9327417,30.4063477],[77.9327095,30.4063797],[77.9324868,30.4065463],[77.9323955,30.4066173],[77.9320791,30.4068632],[77.9317446,30.4071392],[77.9314225,30.4074049],[77.9312758,30.4075259],[77.9311135,30.4076451],[77.9310867,30.4076451],[77.9310465,30.4076312],[77.9305747,30.4071956],[77.9302847,30.4069279],[77.9295659,30.4062594],[77.9295538,30.406234],[77.9295552,30.4062074],[77.9295766,30.4061669],[77.9298447,30.4059567],[77.9299307,30.4058893],[77.9301721,30.4056953],[77.9303333,30.4055658],[77.9304975,30.4054338],[77.9305395,30.4054],[77.9308421,30.405158],[77.9311699,30.4048957],[77.9315065,30.4046262],[77.9317278,30.404462],[77.931937,30.404307],[77.9323474,30.4040479],[77.9325995,30.4038582],[77.9330904,30.4034765]]}},{"type":"Feature","properties":{"c":"residential"},"geometry":{"type":"LineString","coordinates":[[77.9327856,30.4068061],[77.9325271,30.4065821],[77.9324868,30.4065463]]}},{"type":"Feature","properties":{"c":"residential"},"geometry":{"type":"LineString","coordinates":[[77.9342812,30.4071813],[77.9339071,30.4074959],[77.9338722,30.4075097],[77.933832,30.4075097],[77.9337904,30.4074993],[77.9337206,30.4074311],[77.9333116,30.4070656],[77.9332522,30.4070077],[77.9330447,30.4068053],[77.932983,30.4067637],[77.9329428,30.4067498],[77.9329039,30.4067498],[77.9328167,30.4067776],[77.9327856,30.4068061],[77.9327336,30.4068539],[77.9325865,30.4069931],[77.9322615,30.4072703],[77.9319397,30.4075336],[77.9316875,30.4077399],[77.9316393,30.40777],[77.9315977,30.4077804],[77.9315601,30.4077711],[77.9315186,30.4077526],[77.9312758,30.4075259]]}},{"type":"Feature","properties":{"c":"residential"},"geometry":{"type":"LineString","coordinates":[[77.9325324,30.4080545],[77.9319397,30.4075336]]}},{"type":"Feature","properties":{"c":"residential"},"geometry":{"type":"LineString","coordinates":[[77.933439,30.4077815],[77.9325865,30.4069931]]}},{"type":"Feature","properties":{"c":"residential"},"geometry":{"type":"LineString","coordinates":[[77.9332191,30.4081332],[77.9326397,30.4076173],[77.9322615,30.4072703]]}},{"type":"Feature","properties":{"c":"residential"},"geometry":{"type":"LineString","coordinates":[[77.9354449,30.4085514],[77.9349732,30.4081979]]}},{"type":"Feature","properties":{"c":"residential"},"geometry":{"type":"LineString","coordinates":[[77.9324198,30.4089729],[77.9327081,30.4086617],[77.932975,30.408339]]}},{"type":"Feature","properties":{"c":"residential"},"geometry":{"type":"LineString","coordinates":[[77.9321489,30.4087577],[77.932401,30.4084616],[77.9325968,30.4082303]]}},{"type":"Feature","properties":{"c":"residential"},"geometry":{"type":"LineString","coordinates":[[77.9348828,30.4077706],[77.9346138,30.4075803]]}},{"type":"Feature","properties":{"c":"residential"},"geometry":{"type":"LineString","coordinates":[[77.9376179,30.4077564],[77.9372236,30.40811],[77.9368776,30.4083899],[77.9366094,30.4086536],[77.9365611,30.4087253],[77.9365611,30.4087855],[77.9365799,30.4088341],[77.9367274,30.4089567],[77.9367918,30.4089567],[77.9368293,30.4089428],[77.9369152,30.408878]]}},{"type":"Feature","properties":{"c":"residential"},"geometry":{"type":"LineString","coordinates":[[77.9362433,30.4087323],[77.9357161,30.4083065]]}},{"type":"Feature","properties":{"c":"residential"},"geometry":{"type":"LineString","coordinates":[[77.9352562,30.4099155],[77.9355164,30.4095847],[77.9355204,30.4095616],[77.935503,30.4095269],[77.9354748,30.4094783],[77.9354507,30.4094297],[77.9354386,30.4093858],[77.9354426,30.4093337],[77.9354681,30.4092285],[77.9354762,30.4091614],[77.9354654,30.4091174],[77.9354332,30.4090839],[77.9352911,30.4089763],[77.9351317,30.4088499],[77.9349225,30.4086839],[77.934895,30.4086786],[77.9348512,30.4086814],[77.9348029,30.4087219],[77.9347332,30.4087959],[77.9346903,30.4088052],[77.9346594,30.4088017],[77.9346098,30.4087751],[77.9344301,30.4086213],[77.9343443,30.40856],[77.9343107,30.408538],[77.9342759,30.4085414],[77.9342504,30.4085611],[77.9339862,30.4088156],[77.9339567,30.4088364],[77.9339325,30.4088364],[77.9339004,30.408826],[77.9337287,30.4086976],[77.9336978,30.4086849],[77.9336657,30.4086999],[77.9336187,30.4087427],[77.9334404,30.4089648],[77.9333948,30.4090249],[77.9333666,30.4090434],[77.9333304,30.4090434],[77.9332995,30.4090295],[77.9329133,30.4087878],[77.9327081,30.4086617],[77.932401,30.4084616]]}},{"type":"Feature","properties":{"c":"residential"},"geometry":{"type":"LineString","coordinates":[[78.0151847,30.3997784],[78.0154842,30.399647],[78.0155643,30.3996058],[78.0159029,30.3994193],[78.0159337,30.3994089],[78.0159646,30.3994037],[78.0162395,30.3994003],[78.0162852,30.3993986],[78.0163396,30.3993947],[78.0167533,30.3993434],[78.0167988,30.3993393],[78.0168414,30.3993398],[78.016889,30.3993408],[78.0171941,30.3993474],[78.017275,30.3993387],[78.0173328,30.3993241],[78.0174083,30.3992982],[78.0174715,30.3992654],[78.0178134,30.3990112],[78.0178636,30.3989659],[78.0178978,30.3989243],[78.0180202,30.3987241],[78.0180436,30.3986978],[78.0180715,30.3986745],[78.018099,30.3986587],[78.0181477,30.3986355],[78.0184193,30.398569],[78.0184851,30.3985515],[78.0185222,30.3985423],[78.0185625,30.3985286],[78.0186275,30.3984973],[78.0186996,30.3984557],[78.0189941,30.398258],[78.019036,30.3982252],[78.0190701,30.3981941],[78.0191067,30.3981516],[78.0192358,30.3979982],[78.0192703,30.3979684],[78.0193199,30.3979318],[78.0194628,30.3978215],[78.0194937,30.3977979],[78.0195389,30.3977589],[78.0195568,30.3977451],[78.0199155,30.3974685],[78.0199417,30.3974559],[78.019964,30.3974496],[78.0200014,30.3974453],[78.0201834,30.3974308],[78.0202264,30.397422],[78.0202582,30.3974102],[78.0203179,30.3973793],[78.0204251,30.3973193],[78.0204613,30.3972896],[78.0204858,30.3972609],[78.0205024,30.3972304],[78.0205276,30.39714],[78.020536,30.3970923],[78.0205378,30.3970488],[78.0205316,30.3969969],[78.0204534,30.3966679],[78.0203954,30.3965513],[78.0203073,30.3964241],[78.0202843,30.396399],[78.0202547,30.3963745],[78.0199134,30.396166],[78.0198817,30.3961402],[78.0198685,30.3961158],[78.0198677,30.3961018],[78.0198711,30.3960861],[78.0198858,30.3960695],[78.0200543,30.3959624],[78.0200905,30.3959474],[78.0201193,30.3959404],[78.0206426,30.3959019],[78.0207127,30.3959012],[78.0207913,30.3959105],[78.0211918,30.3960334],[78.021258,30.3960374],[78.0213335,30.3960281],[78.0213828,30.3960148],[78.0217239,30.3958968],[78.0221903,30.3957263],[78.022244,30.395703],[78.0222977,30.3956758],[78.0227081,30.3954286],[78.0227697,30.3953963],[78.0228373,30.3953673],[78.0230918,30.3952767],[78.023125,30.3952553],[78.0231459,30.3952292],[78.0231518,30.3952058],[78.023151,30.3951664],[78.0230969,30.394768],[78.0230546,30.3945452],[78.0230117,30.3943783],[78.0229653,30.3942544],[78.0228893,30.3941196],[78.0227575,30.3939046],[78.0227351,30.3938529],[78.0226434,30.393628],[78.0226327,30.393614],[78.0226198,30.3936059],[78.022605,30.3936032],[78.0225819,30.3936046],[78.022187,30.3936961],[78.0218513,30.3937807],[78.0215114,30.3938664],[78.021237,30.3939335],[78.0212003,30.3939382],[78.0211635,30.3939276],[78.0211431,30.3939095],[78.0211285,30.3938833],[78.0211145,30.3938496],[78.0209541,30.3933244],[78.0209363,30.3932622],[78.0209351,30.3932529],[78.0209363,30.3932428],[78.0209388,30.3932371],[78.020944,30.3932331],[78.0212724,30.3931578]]}},{"type":"Feature","properties":{"c":"residential"},"geometry":{"type":"LineString","coordinates":[[77.9161388,30.3451386],[77.9156101,30.344941],[77.9155434,30.3449257],[77.9154857,30.3449295],[77.9154495,30.3449443],[77.9150337,30.3454253],[77.9149403,30.3455216],[77.9149157,30.3455364],[77.9148906,30.3455446],[77.9148577,30.3455519],[77.9146675,30.3455779],[77.9146101,30.3455821],[77.9145529,30.3455818],[77.9145402,30.3455789],[77.9145142,30.3455622],[77.9144848,30.3455444],[77.914449,30.3455197],[77.9143399,30.3454393],[77.9143203,30.345412],[77.9143149,30.3453902],[77.9143258,30.3453621],[77.9143907,30.3453092],[77.9146307,30.3451208],[77.9146704,30.3450834],[77.9146848,30.3450585],[77.9146848,30.345032],[77.9146866,30.3450009],[77.9147012,30.3449704],[77.9147267,30.3449462],[77.9148709,30.3448629],[77.9149142,30.3448318],[77.9149593,30.344796]]}},{"type":"Feature","properties":{"c":"residential"},"geometry":{"type":"LineString","coordinates":[[77.9178807,30.3457709],[77.9185146,30.3457507],[77.9186842,30.3457398],[77.9188286,30.3457324]]}},{"type":"Feature","properties":{"c":"residential"},"geometry":{"type":"LineString","coordinates":[[77.9139217,30.3433938],[77.9141421,30.343013],[77.9142194,30.3428946],[77.914312,30.3428027],[77.9145401,30.3426158],[77.9145654,30.3426006],[77.9146458,30.3425522],[77.9147163,30.3425127],[77.9148934,30.3424276],[77.9149188,30.3424041],[77.914929,30.3423689],[77.9149188,30.3423204],[77.9148573,30.3422202],[77.9148066,30.3421376],[77.9147504,30.3420297],[77.914656,30.3418513],[77.914582,30.3416511],[77.9145169,30.3413979],[77.914499,30.3413715],[77.9144709,30.3413582],[77.9144301,30.3413604],[77.9143357,30.3413891],[77.9140167,30.3415234],[77.9136289,30.3416754]]}},{"type":"Feature","properties":{"c":"residential"},"geometry":{"type":"LineString","coordinates":[[77.914582,30.3416511],[77.9143816,30.3417106],[77.9141673,30.3417921],[77.9139427,30.3418758],[77.9134196,30.342085]]}},{"type":"Feature","properties":{"c":"residential"},"geometry":{"type":"LineString","coordinates":[[77.9144709,30.3413582],[77.9148651,30.3412744],[77.9151655,30.3412058],[77.9152033,30.341192],[77.915229,30.341168],[77.9152655,30.341118],[77.915287,30.3410957],[77.915317,30.3410791],[77.9153664,30.3410661],[77.9154264,30.341055],[77.9155445,30.3410494],[77.9157934,30.3410476],[77.9158749,30.3410531],[77.9159457,30.3410531],[77.9159886,30.3410513],[77.9162096,30.3410309]]}},{"type":"Feature","properties":{"c":"residential"},"geometry":{"type":"LineString","coordinates":[[77.914582,30.3416511],[77.9152234,30.341509]]}},{"type":"Feature","properties":{"c":"residential"},"geometry":{"type":"LineString","coordinates":[[77.9145654,30.3426006],[77.9144851,30.3424475],[77.9144743,30.3424142],[77.9144851,30.3423883],[77.914513,30.3423605],[77.9145602,30.3423383],[77.9148573,30.3422202]]}},{"type":"Feature","properties":{"c":"residential"},"geometry":{"type":"LineString","coordinates":[[77.9460829,30.4021096],[77.9453748,30.402565]]}},{"type":"Feature","properties":{"c":"residential"},"geometry":{"type":"LineString","coordinates":[[77.9459475,30.4019462],[77.9460829,30.4021096],[77.9463431,30.4024239]]}},{"type":"Feature","properties":{"c":"residential"},"geometry":{"type":"LineString","coordinates":[[77.9451844,30.402292],[77.9458174,30.4018571]]}},{"type":"Feature","properties":{"c":"residential"},"geometry":{"type":"LineString","coordinates":[[77.9450583,30.4021139],[77.9456925,30.4016968]]}},{"type":"Feature","properties":{"c":"residential"},"geometry":{"type":"LineString","coordinates":[[77.9470644,30.401221],[77.9467535,30.4013991],[77.9464437,30.4016084],[77.9459958,30.4019161],[77.9459475,30.4019462],[77.9459153,30.4019462],[77.9458818,30.4019242],[77.9458174,30.4018571],[77.9456925,30.4016968],[77.9456471,30.4016385],[77.9455465,30.4015194],[77.9454607,30.4014476],[77.9454124,30.4014361],[77.9453588,30.4014546],[77.9449725,30.4017206],[77.9448129,30.4018328],[77.9447821,30.4018409],[77.9447566,30.4018398],[77.9447445,30.4018305],[77.944703,30.4017773],[77.9446493,30.4016975],[77.9446118,30.4016674],[77.9445554,30.4016593],[77.9442778,30.4016697],[77.9442148,30.4016697],[77.9441424,30.4016616],[77.9440378,30.4016258],[77.943968,30.4016107],[77.9437548,30.401583],[77.9436073,30.4015645],[77.9435724,30.4015506],[77.9435308,30.4015275],[77.943445,30.4014488],[77.9433323,30.4013378],[77.9432653,30.4012915],[77.9431379,30.4012325],[77.9429112,30.4011561],[77.9428107,30.4011284],[77.9427516,30.4011018],[77.9426806,30.4010636],[77.9426108,30.4010335],[77.9425263,30.4010139],[77.9424177,30.4009902],[77.9422568,30.4009375],[77.9421515,30.4009063],[77.9420529,30.4008889],[77.9419148,30.4008751],[77.9418813,30.4008635],[77.9418303,30.400823],[77.9417679,30.4007611],[77.9417223,30.4007386],[77.9416754,30.4007212],[77.9416519,30.4007195],[77.9416198,30.4007345],[77.9415607,30.4007935],[77.9415292,30.4008138],[77.9415011,30.4008236],[77.9414588,30.4008282],[77.9414112,30.400823],[77.9413307,30.40079],[77.9412483,30.4007594],[77.9411262,30.4007409],[77.9409586,30.4007235],[77.9408687,30.4006981],[77.9407293,30.4006414],[77.9405871,30.4005593],[77.9404972,30.4005107],[77.9404369,30.4004945]]}},{"type":"Feature","properties":{"c":"residential"},"geometry":{"type":"LineString","coordinates":[[77.9469027,30.4021592],[77.9473168,30.4018756]]}},{"type":"Feature","properties":{"c":"residential"},"geometry":{"type":"LineString","coordinates":[[77.9467856,30.4020147],[77.9468742,30.4021278],[77.9469027,30.4021592],[77.9470351,30.4023048]]}},{"type":"Feature","properties":{"c":"residential"},"geometry":{"type":"LineString","coordinates":[[77.947205,30.4017106],[77.9469158,30.4019196],[77.9468045,30.4020029],[77.9467856,30.4020147],[77.9467401,30.4020433],[77.9466408,30.4020942],[77.946606,30.4020931],[77.9465845,30.4020827],[77.9464866,30.4019624]]}},{"type":"Feature","properties":{"c":"residential"},"geometry":{"type":"LineString","coordinates":[[77.9292574,30.3948704],[77.9288861,30.3943516]]}},{"type":"Feature","properties":{"c":"residential"},"geometry":{"type":"LineString","coordinates":[[77.9390019,30.4003106],[77.939069,30.4003858],[77.9390797,30.4004112],[77.9390717,30.4004436],[77.9389966,30.4005338],[77.9387069,30.4008057],[77.9386412,30.4008577],[77.9386117,30.4008635],[77.9385875,30.4008589],[77.9385754,30.4008438],[77.9384601,30.400668],[77.9383394,30.4005003]]}},{"type":"Feature","properties":{"c":"residential"},"geometry":{"type":"LineString","coordinates":[[77.9339392,30.4035216],[77.9340117,30.4035713],[77.9340251,30.4035945],[77.9340197,30.4036199],[77.9339741,30.4036627],[77.9336457,30.4039668]]}},{"type":"Feature","properties":{"c":"residential"},"geometry":{"type":"LineString","coordinates":[[77.9346997,30.4032336],[77.9344234,30.4034904],[77.9341686,30.4037448],[77.933785,30.4040829]]}},{"type":"Feature","properties":{"c":"residential"},"geometry":{"type":"LineString","coordinates":[[77.9317889,30.4028807],[77.9318351,30.4029479],[77.9318391,30.4029733],[77.931819,30.4030022],[77.9317439,30.4030497],[77.9315346,30.4031607],[77.9314716,30.4032012],[77.9314327,30.4032035],[77.9314086,30.4031954],[77.9313791,30.403163],[77.9313603,30.4031144]]}},{"type":"Feature","properties":{"c":"residential"},"geometry":{"type":"LineString","coordinates":[[77.9316527,30.3996594],[77.9313295,30.3998086],[77.9311417,30.3999092],[77.9310599,30.3999555],[77.930893,30.4000844]]}},{"type":"Feature","properties":{"c":"residential"},"geometry":{"type":"LineString","coordinates":[[77.9315963,30.4004598],[77.9317211,30.4005547],[77.9317626,30.4005951],[77.931768,30.4006322],[77.9317546,30.4006541],[77.9316299,30.4007316],[77.9314944,30.4008485],[77.9314354,30.400897],[77.931426,30.4009179],[77.93143,30.4009352],[77.9314944,30.4009988],[77.9315051,30.4010185],[77.9315045,30.4010312],[77.9314964,30.4010468],[77.9314515,30.401085],[77.9311658,30.4013042],[77.9307427,30.401647]]}},{"type":"Feature","properties":{"c":"residential"},"geometry":{"type":"LineString","coordinates":[[77.9303333,30.4055658],[77.9299562,30.4052485],[77.9298985,30.405208],[77.9298677,30.4051941],[77.9297952,30.4052057],[77.9296343,30.4052589],[77.9295833,30.4052589],[77.9295538,30.4052508],[77.9295216,30.4052254],[77.929417,30.4051051]]}},{"type":"Feature","properties":{"c":"residential"},"geometry":{"type":"LineString","coordinates":[[77.9301922,30.4032868],[77.9301386,30.4034244],[77.9301184,30.4034649],[77.9301037,30.4034834],[77.9300152,30.4035551],[77.9298475,30.4036847],[77.9297523,30.403761],[77.9296222,30.4038848],[77.9294358,30.4040583],[77.9293674,30.4041207],[77.9292883,30.404189],[77.929185,30.4042561],[77.9290241,30.404359],[77.9289785,30.4044053],[77.9289785,30.4044307],[77.929,30.4044631],[77.9292011,30.404669],[77.9292498,30.4047114],[77.9293312,30.4047824],[77.9293661,30.4047916],[77.9293983,30.4047858],[77.92946,30.4047477],[77.9297335,30.4045429]]}},{"type":"Feature","properties":{"c":"residential"},"geometry":{"type":"LineString","coordinates":[[77.9304868,30.4031751],[77.9302185,30.402809]]}},{"type":"Feature","properties":{"c":"residential"},"geometry":{"type":"LineString","coordinates":[[77.9311928,30.4020444],[77.9310036,30.4021717],[77.9308963,30.40224],[77.9308668,30.4022677],[77.9308252,30.4023244],[77.9307662,30.4024146],[77.9306951,30.4024898],[77.9305597,30.4025951],[77.9303625,30.4027188],[77.9302185,30.402809],[77.9301815,30.4028322],[77.9299884,30.4029386],[77.9299374,30.4029745],[77.9299159,30.402993],[77.9298965,30.4030259]]}},{"type":"Feature","properties":{"c":"residential"},"geometry":{"type":"LineString","coordinates":[[77.9294029,30.4031487],[77.9291743,30.4029051],[77.9291609,30.4028785],[77.9291716,30.4028438],[77.9292561,30.4027721],[77.9293942,30.4026599]]}},{"type":"Feature","properties":{"c":"residential"},"geometry":{"type":"LineString","coordinates":[[77.9291765,30.4032992],[77.9285131,30.4026981]]}},{"type":"Feature","properties":{"c":"residential"},"geometry":{"type":"LineString","coordinates":[[77.9320094,30.4027373],[77.9318109,30.4028681],[77.9317889,30.4028807],[77.9315279,30.4030312],[77.9313952,30.4031063],[77.9313603,30.4031144],[77.9313134,30.4031133],[77.9312396,30.403089],[77.9311149,30.4030254],[77.9310358,30.4029988],[77.9309714,30.4029884],[77.9308896,30.4029941],[77.9307769,30.4030312],[77.9304868,30.4031751],[77.9304296,30.4032035],[77.930278,30.4032775],[77.9302378,30.4032868],[77.9301922,30.4032868],[77.9301493,30.403281],[77.9301158,30.403259],[77.9300228,30.4031561],[77.9299213,30.4030439],[77.9298965,30.4030259],[77.929867,30.403015],[77.9297926,30.4030086],[77.9297282,30.4030022],[77.9296719,30.4030126],[77.9294452,30.4031237],[77.9294029,30.4031487],[77.9293473,30.4031815],[77.9291765,30.4032992],[77.9290871,30.4033608],[77.9288162,30.4035563],[77.9285802,30.4036847],[77.9285467,30.4036893],[77.9284863,30.403702],[77.9284434,30.4037321],[77.9281631,30.4039125]]}},{"type":"Feature","properties":{"c":"residential"},"geometry":{"type":"LineString","coordinates":[[77.9328838,30.4023198],[77.9324654,30.4026228],[77.9324305,30.4026599],[77.9324278,30.4026899],[77.9324399,30.4027362],[77.9324412,30.4027674],[77.9324292,30.4027987],[77.932302,30.4029307]]}},{"type":"Feature","properties":{"c":"residential"},"geometry":{"type":"LineString","coordinates":[[77.9336616,30.40179],[77.9332928,30.4014407],[77.9332633,30.401421],[77.9332311,30.4014141],[77.9331923,30.4014268],[77.9328905,30.401635],[77.9328597,30.4016431],[77.9328369,30.401642],[77.9327966,30.4016211],[77.9327054,30.4015321],[77.9324225,30.4012371],[77.9323339,30.401155],[77.9322951,30.4011342],[77.9322669,30.4011353],[77.9322106,30.4011619],[77.931713,30.4014673],[77.931194,30.4018039],[77.9310344,30.4019045]]}},{"type":"Feature","properties":{"c":"residential"},"geometry":{"type":"LineString","coordinates":[[77.9347707,30.404145],[77.9346769,30.4040641],[77.9346353,30.4040513],[77.934595,30.4040664],[77.9343791,30.404248],[77.9341307,30.404432]]}},{"type":"Feature","properties":{"c":"residential"},"geometry":{"type":"LineString","coordinates":[[77.9342664,30.4045616],[77.9346916,30.4041994],[77.9347707,30.404145],[77.9348861,30.4040548]]}},{"type":"Feature","properties":{"c":"residential"},"geometry":{"type":"LineString","coordinates":[[77.9341307,30.404432],[77.9340023,30.4045533],[77.9338655,30.4047072],[77.9338038,30.4047777],[77.9337756,30.4047997],[77.9337408,30.4048066],[77.9336871,30.404809],[77.9336536,30.4048124],[77.9336254,30.4048205],[77.9335329,30.4048922]]}},{"type":"Feature","properties":{"c":"residential"},"geometry":{"type":"LineString","coordinates":[[77.9337461,30.4050646],[77.9339768,30.4048876],[77.9340559,30.4048194],[77.9341981,30.4046921],[77.9343059,30.4045993]]}},{"type":"Feature","properties":{"c":"residential"},"geometry":{"type":"LineString","coordinates":[[77.9360774,30.4016564],[77.9357779,30.4012788],[77.9357135,30.4011897],[77.9356666,30.4011573],[77.9356009,30.4011365],[77.9354654,30.4011828],[77.9353943,30.4012117],[77.9353434,30.401229],[77.9352669,30.401229],[77.9351851,30.4012198],[77.9351328,30.4012128],[77.9350966,30.4012094],[77.935051,30.4012186],[77.9349786,30.4012614],[77.9346371,30.401481]]}},{"type":"Feature","properties":{"c":"residential"},"geometry":{"type":"LineString","coordinates":[[77.9366657,30.4004367],[77.9362661,30.4006912],[77.936199,30.4007363],[77.9361749,30.4007687],[77.9361682,30.4008022],[77.9361762,30.4008913],[77.9361749,30.4009468],[77.9361641,30.4010439],[77.9361695,30.401081],[77.9361936,30.401133],[77.9362795,30.4012487],[77.9363103,30.4013077],[77.9363412,30.4013886],[77.9363799,30.4015037]]}},{"type":"Feature","properties":{"c":"residential"},"geometry":{"type":"LineString","coordinates":[[77.9369637,30.4033978],[77.9368253,30.403458],[77.9368065,30.4034799],[77.9368106,30.4035042],[77.9369165,30.4036454],[77.9370504,30.4038065]]}},{"type":"Feature","properties":{"c":"residential"},"geometry":{"type":"LineString","coordinates":[[77.9349035,30.4025696],[77.9347155,30.4022998]]}},{"type":"Feature","properties":{"c":"residential"},"geometry":{"type":"LineString","coordinates":[[77.9357336,30.4024557],[77.9357142,30.4024222],[77.9357115,30.402399],[77.9357276,30.4023794],[77.9357437,30.4023551],[77.9357464,30.4023423],[77.9357383,30.4023279],[77.9356076,30.4021931],[77.9355653,30.4021538],[77.9355271,30.4021133],[77.9354499,30.4019981]]}},{"type":"Feature","properties":{"c":"residential"},"geometry":{"type":"LineString","coordinates":[[77.9363345,30.4037506],[77.9359978,30.4039565],[77.9359616,30.4039611],[77.9359134,30.4039484],[77.9358865,30.403938],[77.935857,30.4039449],[77.935625,30.404086],[77.9353555,30.4042734],[77.9351476,30.4044249],[77.935047,30.4045163],[77.9348257,30.4047211],[77.9346224,30.404896]]}},{"type":"Feature","properties":{"c":"residential"},"geometry":{"type":"LineString","coordinates":[[77.9349802,30.4052243],[77.9352911,30.4049605],[77.9354963,30.4047847],[77.9358329,30.4045302],[77.9360327,30.4043914],[77.9362527,30.4042561],[77.9366872,30.4040016],[77.9368588,30.4038998],[77.9370104,30.4038293],[77.9370504,30.4038065],[77.9371203,30.4037668],[77.9371606,30.4037414],[77.93717,30.4037205],[77.9371633,30.4036881],[77.937119,30.4036257],[77.9370251,30.4035031],[77.9369822,30.4034337],[77.9369637,30.4033978],[77.9369393,30.4033504],[77.9368401,30.4031364],[77.9367757,30.4030242],[77.9366577,30.4028588],[77.9365799,30.4027327],[77.9364659,30.4025696],[77.9363546,30.4024378],[77.9361695,30.4022608],[77.9360206,30.4021012],[77.9359214,30.4019635],[77.935807,30.4018329]]}},{"type":"Feature","properties":{"c":"residential"},"geometry":{"type":"LineString","coordinates":[[77.9349437,30.4061299],[77.9352012,30.4059702],[77.9353112,30.4059008],[77.9355364,30.4057485]]}},{"type":"Feature","properties":{"c":"residential"},"geometry":{"type":"LineString","coordinates":[[77.9433109,30.3876458],[77.9438528,30.3873328],[77.9440802,30.3872015],[77.9442586,30.3871294],[77.9443659,30.3871276],[77.9445959,30.3871965],[77.9447879,30.3873163],[77.9449747,30.3873807],[77.9451568,30.3873968],[77.9454183,30.3875056],[77.9455818,30.3876144],[77.9457032,30.3877836],[77.9459133,30.3882226],[77.9460527,30.3884747],[77.9461461,30.3885513],[77.9462675,30.3886036],[77.946431,30.3886681],[77.9465617,30.3887768],[77.9466831,30.3889662],[77.9467765,30.3892723],[77.9468839,30.3895624],[77.9470381,30.3898041],[77.9471875,30.390078]]}},{"type":"Feature","properties":{"c":"residential"},"geometry":{"type":"LineString","coordinates":[[77.9471875,30.390078],[77.9472031,30.3901558],[77.9472277,30.3902249],[77.9472647,30.3902834],[77.9473664,30.3903924],[77.9474218,30.3904588],[77.9474557,30.3905252],[77.9475019,30.3906369]]}},{"type":"Feature","properties":{"c":"residential"},"geometry":{"type":"LineString","coordinates":[[77.9475019,30.3906369],[77.9475389,30.390682],[77.9475913,30.3907193],[77.9476591,30.3907272],[77.9478932,30.3906874],[77.9481455,30.3906246],[77.9484188,30.3906028],[77.9488111,30.3906431],[77.9492827,30.3908888],[77.9493995,30.391054],[77.9496003,30.3915414],[77.9497497,30.3918637],[77.9500112,30.3925122],[77.9501712,30.3927757],[77.9502729,30.3928739],[77.9503664,30.3929721],[77.9503664,30.3930247],[77.9502973,30.3931124],[77.9500411,30.3932246],[77.9498623,30.3933298],[77.9498013,30.3934104],[77.9498175,30.3935297],[77.949846,30.3937576],[77.9498785,30.393982],[77.9499095,30.3940487],[77.9499639,30.3941188],[77.9501631,30.3942836],[77.9502011,30.3943398],[77.9502082,30.3944284],[77.950187,30.3945047],[77.9501764,30.3946054],[77.9501905,30.3946726],[77.9501976,30.394752],[77.9501905,30.3948802],[77.9502093,30.3949712],[77.9502164,30.3950903],[77.9502058,30.39542],[77.9501952,30.3955787],[77.9502023,30.3956978],[77.9502376,30.3957894],[77.9503367,30.3959298],[77.9504146,30.3960244],[77.950496,30.3960794],[77.9505668,30.3961496],[77.9507508,30.3964701],[77.9508393,30.3966228],[77.9509207,30.3967113],[77.9510127,30.3967907],[77.9510941,30.3968884],[77.9511336,30.396932],[77.9511798,30.3969532],[77.9512291,30.3969559],[77.9512907,30.396932],[77.951605,30.396738],[77.9518237,30.3965998],[77.9520055,30.3965147],[77.9524091,30.3963632]]}},{"type":"Feature","properties":{"c":"service"},"geometry":{"type":"LineString","coordinates":[[77.9169963,30.3421412],[77.9171788,30.3417316],[77.9172257,30.3416194]]}},{"type":"Feature","properties":{"c":"residential"},"geometry":{"type":"LineString","coordinates":[[77.9209753,30.3407134],[77.9215632,30.3406912],[77.9217032,30.3406829],[77.9218946,30.3406673]]}},{"type":"Feature","properties":{"c":"residential"},"geometry":{"type":"LineString","coordinates":[[77.9235877,30.3442577],[77.9236,30.3443419],[77.9235679,30.3452027],[77.9235357,30.3455313]]}},{"type":"Feature","properties":{"c":"residential"},"geometry":{"type":"LineString","coordinates":[[77.9491833,30.4079168],[77.9505754,30.4072251]]}},{"type":"Feature","properties":{"c":"residential"},"geometry":{"type":"LineString","coordinates":[[77.952037,30.4089945],[77.9517414,30.409071],[77.9516073,30.4091236],[77.9513389,30.4092533],[77.9507413,30.409625],[77.9501681,30.4099756],[77.9496518,30.4102947]]}},{"type":"Feature","properties":{"c":"residential"},"geometry":{"type":"LineString","coordinates":[[77.9506842,30.4099513],[77.9521591,30.4091502]]}},{"type":"Feature","properties":{"c":"residential"},"geometry":{"type":"LineString","coordinates":[[77.9482114,30.4091594],[77.948383,30.4093907]]}},{"type":"Feature","properties":{"c":"residential"},"geometry":{"type":"LineString","coordinates":[[77.9483964,30.4088795],[77.9486727,30.4091987]]}},{"type":"Feature","properties":{"c":"residential"},"geometry":{"type":"LineString","coordinates":[[77.9489007,30.4091432],[77.9488363,30.4091201],[77.9487693,30.4091409],[77.9486727,30.4091987],[77.948383,30.4093907],[77.948096,30.4095526],[77.9480687,30.4095893],[77.9480687,30.4096276],[77.948092,30.4096759],[77.9482781,30.4099324],[77.9483419,30.4100202],[77.948503,30.4102337]]}},{"type":"Feature","properties":{"c":"residential"},"geometry":{"type":"LineString","coordinates":[[77.9482781,30.4099324],[77.9491214,30.4094534]]}},{"type":"Feature","properties":{"c":"residential"},"geometry":{"type":"LineString","coordinates":[[77.948503,30.4102337],[77.9485357,30.4102478],[77.9485777,30.4102478],[77.9486267,30.4102236],[77.9492965,30.4098328],[77.9493186,30.4098084],[77.9493218,30.409777],[77.9492354,30.4096244],[77.9491214,30.4094534],[77.9489624,30.4092149],[77.9489007,30.4091432]]}},{"type":"Feature","properties":{"c":"service"},"geometry":{"type":"LineString","coordinates":[[77.9482524,30.4060337],[77.9486102,30.406514],[77.9486711,30.4065596],[77.9487403,30.4065631],[77.94885,30.4065035],[77.9491102,30.4063527],[77.9491427,30.4063037],[77.9491346,30.4062511],[77.9490248,30.4060828],[77.9490248,30.4060337],[77.9490655,30.4059671],[77.9493501,30.4058219]]}},{"type":"Feature","properties":{"c":"residential"},"geometry":{"type":"LineString","coordinates":[[77.9235149,30.3431638],[77.9238745,30.34312],[77.9240685,30.3431068],[77.9242956,30.3430958],[77.924686,30.343109]]}},{"type":"Feature","properties":{"c":"residential"},"geometry":{"type":"LineString","coordinates":[[77.924094,30.343827],[77.9245288,30.343858]]}},{"type":"Feature","properties":{"c":"residential"},"geometry":{"type":"LineString","coordinates":[[77.9249165,30.3425497],[77.9251694,30.3425523],[77.9252273,30.3425523],[77.9252595,30.3425505],[77.9252938,30.3425412],[77.925311,30.3425227],[77.9253174,30.3424986],[77.9252938,30.3421875],[77.9252923,30.3420636],[77.9252874,30.3416523]]}},{"type":"Feature","properties":{"c":"residential"},"geometry":{"type":"LineString","coordinates":[[77.9249718,30.3420617],[77.9252923,30.3420636]]}},{"type":"Feature","properties":{"c":"residential"},"geometry":{"type":"LineString","coordinates":[[77.926168,30.3444129],[77.926165,30.344116],[77.9261667,30.3440457],[77.9261637,30.3440149],[77.9261562,30.3439965],[77.9261349,30.3439821],[77.9260985,30.3439782],[77.9260166,30.3439782]]}},{"type":"Feature","properties":{"c":"residential"},"geometry":{"type":"LineString","coordinates":[[77.9264986,30.344434],[77.9264835,30.3439872],[77.9264873,30.3439212],[77.9264937,30.3438992],[77.9265103,30.3438782],[77.9265473,30.3438463],[77.926583,30.3438023],[77.9265983,30.3437692],[77.9266098,30.3437208],[77.9266238,30.343625],[77.92662,30.343331],[77.9266127,30.3431917],[77.9266046,30.3431148],[77.9265898,30.3429737],[77.9265643,30.3428424],[77.9265571,30.3427972],[77.9265138,30.3426586],[77.9264903,30.3425823],[77.9264831,30.3425419],[77.9264759,30.3424889],[77.9264705,30.3424142],[77.9264725,30.342355],[77.9264741,30.3423098],[77.9264687,30.3422834],[77.9264525,30.3422631],[77.9264164,30.3422507],[77.9263568,30.3422429],[77.9263316,30.3422335],[77.9263153,30.3422164],[77.9263099,30.3421868],[77.9263081,30.3421385],[77.9263279,30.3420108],[77.9263279,30.3419735],[77.9263225,30.3419096],[77.9263081,30.3418536],[77.9261333,30.3413667]]}},{"type":"Feature","properties":{"c":"service"},"geometry":{"type":"LineString","coordinates":[[77.9266247,30.3417417],[77.9264429,30.3412979]]}},{"type":"Feature","properties":{"c":"residential"},"geometry":{"type":"LineString","coordinates":[[77.9258863,30.341395],[77.9259564,30.3417269],[77.9259625,30.3417466],[77.9259776,30.3417688],[77.9260004,30.3417741],[77.9260474,30.3417728],[77.9261263,30.3417623]]}},{"type":"Feature","properties":{"c":"residential"},"geometry":{"type":"LineString","coordinates":[[77.9259425,30.3435299],[77.9259588,30.3433025],[77.9259624,30.343262],[77.9259714,30.3432325],[77.9259858,30.3432091],[77.9260075,30.3431966],[77.9260544,30.3431826],[77.9262114,30.3431639],[77.9266046,30.3431148]]}},{"type":"Feature","properties":{"c":"residential"},"geometry":{"type":"LineString","coordinates":[[77.9268039,30.3444536],[77.9268148,30.3442056],[77.9268117,30.3441611],[77.9267966,30.3440118],[77.9267966,30.343983],[77.9267996,30.343962],[77.9268102,30.3439411],[77.9268315,30.3439254],[77.9268573,30.3439136],[77.9268724,30.3438966],[77.9268831,30.343873],[77.9268891,30.3438023],[77.9268922,30.343784],[77.9269134,30.3437709],[77.9269422,30.3437643],[77.9269741,30.3437643],[77.9275249,30.3437918]]}},{"type":"Feature","properties":{"c":"service"},"geometry":{"type":"LineString","coordinates":[[77.9277864,30.3426523],[77.9279214,30.342664],[77.9279791,30.3426706],[77.9280215,30.3426811],[77.9281353,30.3427243],[77.9282112,30.3427557]]}},{"type":"Feature","properties":{"c":"residential"},"geometry":{"type":"LineString","coordinates":[[77.92841,30.3426614],[77.9284601,30.3424644],[77.9284708,30.3424144],[77.9284751,30.342381],[77.9284687,30.3423458],[77.9284451,30.3422958],[77.928205,30.3419016]]}},{"type":"Feature","properties":{"c":"service"},"geometry":{"type":"LineString","coordinates":[[77.9264725,30.342355],[77.9269356,30.3423163]]}},{"type":"Feature","properties":{"c":"residential"},"geometry":{"type":"LineString","coordinates":[[77.9280626,30.3438243],[77.9280798,30.3436595],[77.928085,30.3435862],[77.9281143,30.3434408]]}},{"type":"Feature","properties":{"c":"residential"},"geometry":{"type":"LineString","coordinates":[[77.9284666,30.3435106],[77.9284995,30.343502],[77.928532,30.343502],[77.9285915,30.3435129],[77.9290606,30.3436515]]}},{"type":"Feature","properties":{"c":"residential"},"geometry":{"type":"LineString","coordinates":[[77.9251084,30.3443451],[77.9250971,30.343932],[77.9250941,30.3437893],[77.9250986,30.343771],[77.9251077,30.3437553],[77.9251289,30.3437409],[77.925176,30.3437291],[77.9252154,30.3437225],[77.9252412,30.3437147],[77.9252579,30.343699],[77.9252701,30.3436689],[77.9253125,30.3434973],[77.9253277,30.3434803],[77.9253611,30.3434646],[77.9253914,30.3434606],[77.9254385,30.3434685],[77.9254612,30.3434737],[77.925481,30.3434724],[77.9255052,30.3434633],[77.9255234,30.3434436],[77.9255371,30.3434161],[77.9255872,30.3430613],[77.9256251,30.3427627]]}},{"type":"Feature","properties":{"c":"residential"},"geometry":{"type":"LineString","coordinates":[[77.9264898,30.3404533],[77.9275344,30.3401192],[77.9276028,30.3400983],[77.9276223,30.3400924],[77.9282706,30.3398949],[77.9286308,30.3397692]]}},{"type":"Feature","properties":{"c":"residential"},"geometry":{"type":"LineString","coordinates":[[77.9276028,30.3400983],[77.9276899,30.3403276],[77.9277134,30.3403681],[77.9277422,30.3403915],[77.9277765,30.3404055],[77.927809,30.3404117],[77.9278559,30.3404071],[77.92815,30.3403167],[77.9286552,30.3401408],[77.9286967,30.3401252],[77.9287328,30.3401065],[77.9287671,30.3400769],[77.928814,30.3400193],[77.9288357,30.339996],[77.9288645,30.3399757],[77.9289656,30.3399321],[77.9292268,30.3398181]]}},{"type":"Feature","properties":{"c":"service"},"geometry":{"type":"LineString","coordinates":[[77.9276223,30.3400924],[77.9274686,30.3397473]]}},{"type":"Feature","properties":{"c":"service"},"geometry":{"type":"LineString","coordinates":[[77.9231239,30.3413707],[77.9233547,30.3412932],[77.9234564,30.3412631],[77.9236217,30.3412251],[77.9237128,30.3412028],[77.9237553,30.3411897],[77.923816,30.3411714],[77.9238615,30.3411636],[77.9239055,30.3411622],[77.9239677,30.3411636],[77.9240117,30.341174],[77.924124,30.3412251],[77.924171,30.3412447],[77.9242499,30.3412631],[77.9242802,30.3412762],[77.9243015,30.3412893],[77.9243182,30.3413037],[77.9243379,30.3413155],[77.9243607,30.341322],[77.9244001,30.3413246],[77.9244866,30.341322]]}},{"type":"Feature","properties":{"c":"residential"},"geometry":{"type":"LineString","coordinates":[[77.9220538,30.3422967],[77.9225044,30.34218],[77.9226782,30.3421467],[77.9227469,30.3421411],[77.9228263,30.3421467],[77.9230795,30.3421671],[77.9234301,30.3421936]]}},{"type":"Feature","properties":{"c":"residential"},"geometry":{"type":"LineString","coordinates":[[77.922807,30.3424171],[77.9233979,30.3423749]]}},{"type":"Feature","properties":{"c":"residential"},"geometry":{"type":"LineString","coordinates":[[77.9191818,30.3432602],[77.9193972,30.3432903],[77.9194569,30.3432961],[77.919517,30.3432975],[77.9195641,30.3432838],[77.919639,30.3432462],[77.9197788,30.3431915],[77.9198893,30.3431605],[77.9199741,30.3431443],[77.9201253,30.3431249],[77.9202091,30.3431252],[77.9204997,30.3431341],[77.9206928,30.3431295],[77.920738,30.3431313],[77.9208075,30.3431489],[77.920843,30.3431526],[77.9208859,30.3431433],[77.9209595,30.343101],[77.9209855,30.3430943],[77.9210307,30.3431017],[77.921068,30.3431177],[77.9211115,30.3431521],[77.9211273,30.3431665],[77.9211372,30.3431895],[77.9211345,30.3432249],[77.9210308,30.3436152],[77.9210275,30.3436513],[77.9210282,30.3436929],[77.9210285,30.3437131],[77.9210951,30.3442121]]}},{"type":"Feature","properties":{"c":"service"},"geometry":{"type":"LineString","coordinates":[[77.9192606,30.3428224],[77.9195356,30.3428939]]}},{"type":"Feature","properties":{"c":"service"},"geometry":{"type":"LineString","coordinates":[[77.9191993,30.3423669],[77.9193356,30.3424139],[77.91943,30.3424416],[77.9195115,30.3424583],[77.9197948,30.3425194]]}},{"type":"Feature","properties":{"c":"residential"},"geometry":{"type":"LineString","coordinates":[[77.9205217,30.3436053],[77.9206768,30.3436349],[77.9207382,30.3436412],[77.9207833,30.3436412],[77.9210275,30.3436513]]}},{"type":"Feature","properties":{"c":"residential"},"geometry":{"type":"LineString","coordinates":[[77.9210282,30.3436929],[77.9212326,30.3437271],[77.9213282,30.3437505],[77.921561,30.3438283]]}},{"type":"Feature","properties":{"c":"residential"},"geometry":{"type":"LineString","coordinates":[[77.9201077,30.3449085],[77.9201438,30.3446764],[77.9201474,30.3446282],[77.9201402,30.344446],[77.9201312,30.3442082]]}},{"type":"Feature","properties":{"c":"residential"},"geometry":{"type":"LineString","coordinates":[[77.9207163,30.3453152],[77.9205613,30.3453314],[77.9201924,30.345368],[77.9198839,30.3453983]]}},{"type":"Feature","properties":{"c":"service"},"geometry":{"type":"LineString","coordinates":[[77.9210748,30.3452886],[77.9210492,30.3455916]]}},{"type":"Feature","properties":{"c":"service"},"geometry":{"type":"LineString","coordinates":[[77.9210748,30.3452886],[77.9210911,30.3449125]]}},{"type":"Feature","properties":{"c":"residential"},"geometry":{"type":"LineString","coordinates":[[77.9214687,30.3452671],[77.9214837,30.3452259],[77.9214875,30.3452138],[77.9214907,30.3451868],[77.9214857,30.3448608]]}},{"type":"Feature","properties":{"c":"residential"},"geometry":{"type":"LineString","coordinates":[[77.9178874,30.3454782],[77.9184314,30.3454598],[77.9187044,30.3454507]]}},{"type":"Feature","properties":{"c":"service"},"geometry":{"type":"LineString","coordinates":[[77.9184314,30.3454598],[77.9184518,30.3451031]]}},{"type":"Feature","properties":{"c":"service"},"geometry":{"type":"LineString","coordinates":[[77.9178874,30.3454782],[77.917536,30.3454888]]}},{"type":"Feature","properties":{"c":"service"},"geometry":{"type":"LineString","coordinates":[[77.9173568,30.3447618],[77.9174849,30.3442159]]}},{"type":"Feature","properties":{"c":"service"},"geometry":{"type":"LineString","coordinates":[[77.9155086,30.3445712],[77.9155158,30.3442376]]}},{"type":"Feature","properties":{"c":"residential"},"geometry":{"type":"LineString","coordinates":[[77.9154223,30.3927826],[77.9151504,30.3925718],[77.9151168,30.3925568],[77.9150605,30.3925637],[77.9150055,30.39261],[77.9149653,30.3926413],[77.9149304,30.3926563],[77.914905,30.392654],[77.9148513,30.3926251]]}},{"type":"Feature","properties":{"c":"residential"},"geometry":{"type":"LineString","coordinates":[[77.9159881,30.3922563],[77.9156962,30.392499],[77.9154521,30.3927512],[77.9154223,30.3927826],[77.915318,30.3928923],[77.9152027,30.3929871],[77.9150659,30.3931098],[77.9149961,30.3931907],[77.914921,30.3932763],[77.9148298,30.3934429],[77.9147655,30.3935864],[77.9147091,30.3936488],[77.914634,30.3937044],[77.91452,30.3937368],[77.914508,30.3937553],[77.9145053,30.3937865],[77.9145549,30.3938524],[77.9146488,30.393945],[77.9148231,30.3941092],[77.9148594,30.3941555],[77.9148661,30.3941821],[77.9148661,30.3942203],[77.9148526,30.3942608],[77.9148097,30.394351],[77.9147601,30.3944146],[77.9146676,30.3945014],[77.9146005,30.3945731],[77.9145415,30.3946263],[77.9143685,30.3947513],[77.9141432,30.3949028],[77.9138897,30.3950856],[77.9137543,30.3951897],[77.9135752,30.3953316]]}},{"type":"Feature","properties":{"c":"residential"},"geometry":{"type":"LineString","coordinates":[[77.9139554,30.3925522],[77.9140884,30.3923932],[77.9141325,30.3923405],[77.9143886,30.3920513],[77.9144865,30.3919553],[77.9146206,30.3918361],[77.9151056,30.3914525]]}},{"type":"Feature","properties":{"c":"residential"},"geometry":{"type":"LineString","coordinates":[[77.9194236,30.3963384],[77.9193789,30.396247],[77.9192609,30.3960665],[77.9191831,30.3959555],[77.9191428,30.3958583],[77.9191377,30.3958358],[77.919116,30.3957403],[77.9190811,30.3956408],[77.9190034,30.3955043],[77.9189149,30.3953979],[77.9187781,30.395301],[77.9187646,30.3952915],[77.918699,30.3952537],[77.9185595,30.3951735],[77.9185165,30.3951365],[77.9185072,30.3950937],[77.9185233,30.3950485],[77.9186493,30.3949282],[77.9187244,30.3948565],[77.9187419,30.3948079],[77.9187351,30.3947628],[77.9186775,30.3946934],[77.9184602,30.3945072],[77.9182041,30.3942781],[77.9181363,30.3942046],[77.917913,30.3939623],[77.9178929,30.3939427],[77.9177508,30.3938038],[77.9175868,30.3936333],[77.9174571,30.3934984],[77.9174121,30.3934532],[77.9173821,30.393423],[77.9171687,30.3932081],[77.9171543,30.393194],[77.9171361,30.3931763],[77.9169492,30.392994],[77.9169327,30.3929779],[77.9165992,30.39274],[77.9163663,30.392574],[77.9163131,30.392536],[77.9160207,30.3922838],[77.9159881,30.3922563],[77.9158667,30.3921543],[77.915605,30.3919344],[77.9151732,30.3915134],[77.9151533,30.3914955],[77.9151056,30.3914525],[77.9150465,30.3913993]]}},{"type":"Feature","properties":{"c":"residential"},"geometry":{"type":"LineString","coordinates":[[77.9099418,30.337512],[77.9107594,30.3374901],[77.9119066,30.3375217],[77.9130762,30.3375606],[77.9135634,30.3376021],[77.9143784,30.3376579],[77.9149303,30.337719]]}},{"type":"Feature","properties":{"c":"residential"},"geometry":{"type":"LineString","coordinates":[[77.9158972,30.3375397],[77.9159008,30.3370851],[77.9159053,30.3370403],[77.9159195,30.3370117],[77.9159432,30.3369953],[77.9159859,30.3369851],[77.9168036,30.3369626],[77.9176994,30.3369401],[77.9183086,30.3369381],[77.9184982,30.3369299],[77.9185693,30.3369278],[77.9186048,30.3369156],[77.9186333,30.3368951],[77.9186475,30.3368603],[77.9186688,30.3368072],[77.9186949,30.3367785],[77.9187399,30.3367519],[77.9187972,30.3367321],[77.9188565,30.3367219],[77.9188931,30.3367235],[77.9189636,30.3367268]]}},{"type":"Feature","properties":{"c":"service"},"geometry":{"type":"LineString","coordinates":[[77.9188931,30.3367235],[77.9188197,30.336588],[77.9187794,30.3365123],[77.9187178,30.3363691],[77.91854,30.3359804],[77.9185139,30.3359313],[77.9184973,30.3359109],[77.9184642,30.3358925],[77.918431,30.3358823],[77.9183646,30.3358802],[77.9181561,30.3358802]]}},{"type":"Feature","properties":{"c":"service"},"geometry":{"type":"LineString","coordinates":[[77.9144085,30.3344608],[77.9146188,30.3347258],[77.9146939,30.3348166],[77.9147583,30.3348944],[77.9147982,30.3349477],[77.9148281,30.335001],[77.914844,30.3350509],[77.914864,30.3352212],[77.9148819,30.3354035]]}},{"type":"Feature","properties":{"c":"service"},"geometry":{"type":"LineString","coordinates":[[77.9189752,30.3366311],[77.9198397,30.3366261],[77.9204001,30.3366229],[77.9208328,30.3366299],[77.9216503,30.3366432],[77.9217762,30.3366436],[77.9226256,30.3366461],[77.9226893,30.3366519],[77.9227262,30.3366721],[77.922753,30.3367097],[77.9227664,30.336756],[77.9227396,30.337135],[77.9227224,30.3372849],[77.9227116,30.3374313],[77.9227084,30.337498],[77.9227042,30.3375293],[77.9226975,30.3375538],[77.9226824,30.3375654],[77.9226405,30.3375712],[77.9221846,30.3376319],[77.9218431,30.3376801],[77.9217539,30.3376927],[77.9214791,30.3377303],[77.9214456,30.3377317],[77.9213553,30.3377311]]}},{"type":"Feature","properties":{"c":"service"},"geometry":{"type":"LineString","coordinates":[[77.9217762,30.3366436],[77.9217904,30.3369951],[77.9218022,30.3372864],[77.9218431,30.3376801]]}},{"type":"Feature","properties":{"c":"service"},"geometry":{"type":"LineString","coordinates":[[77.9217904,30.3369951],[77.9216645,30.3369981],[77.9216171,30.3369981],[77.9215875,30.3369991],[77.9215662,30.3370022],[77.9215496,30.3370145],[77.9215401,30.3370298],[77.9215152,30.3371239],[77.9214251,30.337441],[77.9213623,30.3376762],[77.9213588,30.3377038],[77.9213553,30.3377311],[77.9213529,30.3377509],[77.9213529,30.3377959],[77.9213611,30.3378153],[77.9213825,30.3378337],[77.9214145,30.3378439],[77.921456,30.3378501],[77.9214868,30.3378531],[77.9215294,30.3378501],[77.9218683,30.3377969],[77.9222831,30.3377335],[77.922705,30.3376731],[77.9227784,30.3376629],[77.9228063,30.3376549],[77.9228288,30.3376427],[77.9228387,30.337622],[77.9228514,30.3375831],[77.9229047,30.3373662],[77.9229059,30.3373488],[77.9229,30.3373304],[77.922887,30.3373151],[77.9228585,30.3372987],[77.9228325,30.3372895],[77.9228016,30.3372885],[77.9227224,30.3372849]]}},{"type":"Feature","properties":{"c":"residential"},"geometry":{"type":"LineString","coordinates":[[77.9781474,30.3732778],[77.9783835,30.373185],[77.9783992,30.3731835],[77.9784089,30.3731873],[77.9784183,30.3731951],[77.9785229,30.3733577],[77.9786637,30.3736007],[77.9787462,30.3737684],[77.9787804,30.3738257],[77.9788931,30.3739778]]}},{"type":"Feature","properties":{"c":"residential"},"geometry":{"type":"LineString","coordinates":[[77.9765689,30.372907],[77.9769914,30.3727664],[77.9770806,30.3727271],[77.977147,30.3726802],[77.9774078,30.3724731],[77.9775137,30.3724124],[77.9780354,30.3721196],[77.9780887,30.3721026],[77.9781303,30.3721],[77.9781598,30.3721101],[77.9783037,30.3722209],[77.9783187,30.3722252],[77.9783328,30.3722223],[77.9785719,30.3720982]]}},{"type":"Feature","properties":{"c":"residential"},"geometry":{"type":"LineString","coordinates":[[77.9785149,30.3768877],[77.9782882,30.376558],[77.9780595,30.3762421],[77.9776281,30.3756312],[77.9773843,30.3753054]]}},{"type":"Feature","properties":{"c":"residential"},"geometry":{"type":"LineString","coordinates":[[77.9797437,30.3745538],[77.9796122,30.3745989],[77.9795619,30.3746165],[77.9792927,30.3747395],[77.9792605,30.3747533],[77.9792381,30.3747747],[77.979226,30.3747923],[77.9791646,30.3748815],[77.9789789,30.3750903],[77.9789652,30.3751033],[77.978938,30.3751291],[77.9788756,30.3751638],[77.978352,30.3753827],[77.9782889,30.3754091],[77.9782507,30.3754195],[77.9780073,30.375464],[77.9779583,30.3754803],[77.9776281,30.3756312]]}},{"type":"Feature","properties":{"c":"residential"},"geometry":{"type":"LineString","coordinates":[[77.9809899,30.3735954],[77.980947,30.3735307],[77.9808792,30.3734635],[77.9806399,30.3732582],[77.9805721,30.3732003],[77.9804695,30.3730574],[77.9803837,30.3729278],[77.980292,30.3728114]]}},{"type":"Feature","properties":{"c":"residential"},"geometry":{"type":"LineString","coordinates":[[77.9805721,30.3732003],[77.9805322,30.3733004],[77.9804119,30.3736088],[77.9803602,30.3737522],[77.9802275,30.3740114],[77.980141,30.3741445],[77.980087,30.3742096],[77.9800317,30.3742764],[77.9799391,30.3743712],[77.9797581,30.3745341],[77.9797437,30.3745538],[77.979746,30.3745798],[77.9798687,30.3748578],[77.97997,30.3750423],[77.9800116,30.375103],[77.980221,30.3753884],[77.9804628,30.375718],[77.9805607,30.3758568],[77.9805802,30.3759014],[77.9805788,30.3759425],[77.9805534,30.3760535],[77.9805252,30.3761068],[77.9804863,30.3761438],[77.9803683,30.3762514],[77.9802542,30.376341],[77.9801859,30.3764249],[77.9801269,30.3765545],[77.9800344,30.3769005],[77.9799606,30.3771897],[77.9799338,30.3773609],[77.9799271,30.3774651],[77.9799559,30.3777381],[77.9799727,30.3778613]]}},{"type":"Feature","properties":{"c":"residential"},"geometry":{"type":"LineString","coordinates":[[77.9785229,30.3801192],[77.9787435,30.3800237],[77.978773,30.3800064],[77.9787851,30.3799809],[77.9787794,30.3799445],[77.9785994,30.3795754],[77.9785873,30.3795492],[77.978478,30.3793114],[77.9781474,30.378592],[77.9780106,30.3783357],[77.9779838,30.3782969],[77.9779429,30.3782651],[77.977737,30.3781593],[77.9776693,30.3781196],[77.9776424,30.3780947],[77.977621,30.3780618],[77.9776127,30.3780396],[77.9775084,30.3777618]]}},{"type":"Feature","properties":{"c":"residential"},"geometry":{"type":"LineString","coordinates":[[77.9808263,30.3723719],[77.9809128,30.372443],[77.9809906,30.3725107],[77.9810804,30.3726079],[77.9811888,30.3727702],[77.9813768,30.3730592]]}},{"type":"Feature","properties":{"c":"residential"},"geometry":{"type":"LineString","coordinates":[[77.9780595,30.3762421],[77.9778296,30.3763931],[77.9777572,30.3764544],[77.9777472,30.3764736],[77.9777404,30.3764868],[77.9777344,30.3765146],[77.9777377,30.3765643],[77.9778725,30.3768195],[77.9781367,30.3773592],[77.9781454,30.3773864],[77.9781474,30.3774356],[77.9781394,30.3776699]]}},{"type":"Feature","properties":{"c":"residential"},"geometry":{"type":"LineString","coordinates":[[77.9816718,30.3749532],[77.9815974,30.3749914],[77.9815122,30.3750481],[77.9814506,30.3751071],[77.9813949,30.3751476],[77.9813017,30.3752159],[77.9811555,30.3753142],[77.9811274,30.3753258],[77.9810657,30.3753385],[77.9810221,30.3753547],[77.9808618,30.3754525],[77.9804628,30.375718]]}},{"type":"Feature","properties":{"c":"service"},"geometry":{"type":"LineString","coordinates":[[77.9254353,30.3370373],[77.9248667,30.3371438],[77.9243566,30.3372309],[77.9241977,30.3372506],[77.9240566,30.3372596],[77.9231822,30.3373244]]}},{"type":"Feature","properties":{"c":"service"},"geometry":{"type":"LineString","coordinates":[[77.9238196,30.3360612],[77.9245113,30.3362634]]}},{"type":"Feature","properties":{"c":"service"},"geometry":{"type":"LineString","coordinates":[[77.9267193,30.336248],[77.9268402,30.3355566]]}},{"type":"Feature","properties":{"c":"service"},"geometry":{"type":"LineString","coordinates":[[77.9208328,30.3366299],[77.9208111,30.3368614],[77.9208026,30.3368947],[77.9207854,30.3369188],[77.9207575,30.3369391],[77.9206953,30.3369577],[77.9206502,30.3369743],[77.920618,30.3369929],[77.9205815,30.337028],[77.9205622,30.3370651],[77.9205429,30.3371336],[77.9205401,30.3371589],[77.9205322,30.3372299],[77.9205365,30.3372669],[77.9205472,30.3372873],[77.9205708,30.3373058],[77.9206674,30.3373466]]}},{"type":"Feature","properties":{"c":"service"},"geometry":{"type":"LineString","coordinates":[[77.9185081,30.3355921],[77.9186931,30.335555],[77.9187703,30.3355476],[77.9189849,30.3355328],[77.9191694,30.3355124],[77.919266,30.3354958],[77.9193497,30.3354773],[77.9194054,30.3354643],[77.9194612,30.3354569],[77.9196951,30.3354384]]}},{"type":"Feature","properties":{"c":"residential"},"geometry":{"type":"LineString","coordinates":[[77.9149448,30.3948076],[77.9151276,30.3949583],[77.9151759,30.3949803],[77.9152107,30.3949803],[77.9152322,30.3949641],[77.9154776,30.3947501],[77.9155058,30.394742],[77.915546,30.3947605],[77.9156084,30.3948172]]}},{"type":"Feature","properties":{"c":"residential"},"geometry":{"type":"LineString","coordinates":[[77.9142166,30.3961862],[77.9147279,30.3957542],[77.914921,30.3956073],[77.9150216,30.3955436],[77.9151101,30.3954846],[77.9151799,30.3954291],[77.9153636,30.3952579],[77.9158008,30.3948264]]}},{"type":"Feature","properties":{"c":"residential"},"geometry":{"type":"LineString","coordinates":[[77.9174121,30.3934532],[77.9171097,30.3937067],[77.9170762,30.3937333],[77.9170373,30.3937344],[77.9169863,30.393709],[77.9169568,30.3937055],[77.9169273,30.3937275],[77.9168858,30.3937657],[77.9166256,30.3940421],[77.9165545,30.3941347],[77.9165237,30.3941474],[77.9164767,30.3941451],[77.9163453,30.3940387],[77.9163131,30.3940097],[77.9162903,30.3940005],[77.9162501,30.3940063],[77.9161736,30.3940537],[77.9160265,30.3941666]]}},{"type":"Feature","properties":{"c":"residential"},"geometry":{"type":"LineString","coordinates":[[77.9167168,30.3937911],[77.9165446,30.3936666]]}},{"type":"Feature","properties":{"c":"residential"},"geometry":{"type":"LineString","coordinates":[[77.9138669,30.3957137],[77.9142988,30.395362],[77.9146273,30.3950832],[77.9149448,30.3948076],[77.9150444,30.3947212],[77.9153918,30.3944169],[77.915727,30.3941081],[77.9158303,30.3940236],[77.9158531,30.3940225],[77.9159041,30.394056],[77.9159242,30.3940742],[77.9160265,30.3941666],[77.9160476,30.3941856],[77.9161428,30.3942793]]}},{"type":"Feature","properties":{"c":"residential"},"geometry":{"type":"LineString","coordinates":[[77.9171361,30.3931763],[77.9167932,30.3934475],[77.9166242,30.393584],[77.9165446,30.3936666],[77.9163909,30.3938258],[77.9163654,30.3938501],[77.9163386,30.3938571],[77.9163051,30.3938501],[77.9162635,30.3938131],[77.9162447,30.3938085],[77.9162166,30.3938131],[77.9159242,30.3940742]]}},{"type":"Feature","properties":{"c":"residential"},"geometry":{"type":"LineString","coordinates":[[77.9176515,30.3928784],[77.9176073,30.3928472],[77.9175818,30.3928449],[77.9175268,30.3928761],[77.9173323,30.3930623],[77.9171543,30.393194]]}},{"type":"Feature","properties":{"c":"residential"},"geometry":{"type":"LineString","coordinates":[[77.9162876,30.393045],[77.9165992,30.39274]]}},{"type":"Feature","properties":{"c":"residential"},"geometry":{"type":"LineString","coordinates":[[77.9151533,30.3914955],[77.9154602,30.3912866],[77.9155165,30.3911617],[77.9155192,30.3910622],[77.9154709,30.3909442],[77.9154494,30.3908887]]}},{"type":"Feature","properties":{"c":"residential"},"geometry":{"type":"LineString","coordinates":[[77.9164526,30.3917019],[77.9161897,30.391887],[77.9158667,30.3921543]]}},{"type":"Feature","properties":{"c":"residential"},"geometry":{"type":"LineString","coordinates":[[77.9160207,30.3922838],[77.9162246,30.3920814],[77.9163292,30.3919923],[77.916403,30.391946],[77.9164432,30.3919298]]}},{"type":"Feature","properties":{"c":"service"},"geometry":{"type":"LineString","coordinates":[[77.9163663,30.392574],[77.916643,30.3923185]]}},{"type":"Feature","properties":{"c":"residential"},"geometry":{"type":"LineString","coordinates":[[77.9186332,30.3916811],[77.9184964,30.391806],[77.9181048,30.3920952],[77.9178165,30.3923081],[77.9177883,30.3923243],[77.9177508,30.3923486],[77.917727,30.3923686],[77.9173712,30.392669],[77.9170601,30.392905],[77.9169492,30.392994]]}},{"type":"Feature","properties":{"c":"service"},"geometry":{"type":"LineString","coordinates":[[77.917727,30.3923686],[77.9175442,30.3922179]]}},{"type":"Feature","properties":{"c":"residential"},"geometry":{"type":"LineString","coordinates":[[77.9186895,30.3922225],[77.9183811,30.3924018],[77.9181156,30.3925314],[77.9180713,30.3925383],[77.9180378,30.3925337],[77.9179895,30.3925036],[77.9178728,30.3923798],[77.9178473,30.392344],[77.9178346,30.392326],[77.9178165,30.3923081]]}},{"type":"Feature","properties":{"c":"residential"},"geometry":{"type":"LineString","coordinates":[[77.9186095,30.392696],[77.9185688,30.3926898],[77.9185233,30.3926922],[77.9182751,30.3928217]]}},{"type":"Feature","properties":{"c":"residential"},"geometry":{"type":"LineString","coordinates":[[77.9178701,30.3930554],[77.9173821,30.393423]]}},{"type":"Feature","properties":{"c":"residential"},"geometry":{"type":"LineString","coordinates":[[77.9191509,30.3923671],[77.9188022,30.3925753],[77.9186212,30.3926783],[77.9186095,30.392696],[77.9185984,30.392713],[77.9185836,30.3927465],[77.9185514,30.3927835],[77.9184844,30.3928206],[77.9181477,30.3930091],[77.9178366,30.3931919],[77.9176797,30.3932995],[77.9175818,30.3933828],[77.9174571,30.3934984]]}},{"type":"Feature","properties":{"c":"residential"},"geometry":{"type":"LineString","coordinates":[[77.9194406,30.3925244],[77.9191214,30.3926956],[77.9188344,30.392853],[77.9184213,30.3930704],[77.918027,30.3933064],[77.9175868,30.3936333]]}},{"type":"Feature","properties":{"c":"residential"},"geometry":{"type":"LineString","coordinates":[[77.9181363,30.3942046],[77.9186439,30.3938015],[77.9191643,30.3934105],[77.9193118,30.3932995],[77.9194084,30.3932347],[77.9197276,30.3930565]]}},{"type":"Feature","properties":{"c":"residential"},"geometry":{"type":"LineString","coordinates":[[77.9196364,30.3927905],[77.9191107,30.3930889],[77.9183757,30.3935517],[77.9181504,30.3937367],[77.9178929,30.3939427]]}},{"type":"Feature","properties":{"c":"residential"},"geometry":{"type":"LineString","coordinates":[[77.9742293,30.376855],[77.9739068,30.3770844]]}},{"type":"Feature","properties":{"c":"residential"},"geometry":{"type":"LineString","coordinates":[[77.9760877,30.3759508],[77.9757643,30.3760778],[77.975366,30.3762294],[77.9752024,30.3762849],[77.9747732,30.3764284],[77.9746565,30.3764828],[77.9741965,30.37675],[77.9741751,30.3767732],[77.9741791,30.3767998],[77.9742073,30.3768276],[77.9742293,30.376855],[77.9743025,30.3769456],[77.9743427,30.3769953],[77.9743521,30.3770335],[77.9743521,30.3770995],[77.9743709,30.3771353],[77.9744124,30.3771909],[77.9747179,30.3774836]]}},{"type":"Feature","properties":{"c":"residential"},"geometry":{"type":"LineString","coordinates":[[77.9759856,30.3757967],[77.9760877,30.3759508],[77.9762202,30.3761507],[77.9762645,30.3762016],[77.9763289,30.3762572],[77.976382,30.3762845]]}},{"type":"Feature","properties":{"c":"residential"},"geometry":{"type":"LineString","coordinates":[[77.9777472,30.3764736],[77.9776525,30.3764602],[77.9775956,30.3764591],[77.9775446,30.3764695],[77.9772858,30.3765817],[77.9767366,30.3768403]]}},{"type":"Feature","properties":{"c":"residential"},"geometry":{"type":"LineString","coordinates":[[77.9776127,30.3780396],[77.9775426,30.37808],[77.9775318,30.3780927],[77.9775312,30.3781089],[77.9777437,30.3785364],[77.9777437,30.3785466],[77.9777367,30.3785587],[77.9777193,30.3785688],[77.9773944,30.3787123],[77.9769934,30.37892],[77.9769845,30.3789288],[77.9769797,30.3789418],[77.9769838,30.3789564],[77.9770279,30.3790085],[77.9770303,30.3790183],[77.9770281,30.3790261],[77.9770185,30.3790391],[77.9768204,30.3791519],[77.976281,30.3794353]]}},{"type":"Feature","properties":{"c":"residential"},"geometry":{"type":"LineString","coordinates":[[77.9773414,30.3782645],[77.9768908,30.3785816],[77.9763597,30.3789622],[77.9761319,30.3791212]]}},{"type":"Feature","properties":{"c":"service"},"geometry":{"type":"LineString","coordinates":[[77.9785873,30.3795492],[77.9782708,30.379676],[77.9779221,30.3797941]]}},{"type":"Feature","properties":{"c":"residential"},"geometry":{"type":"LineString","coordinates":[[77.978944,30.3782547],[77.9790848,30.378467],[77.9791318,30.378559],[77.97922,30.3787753],[77.9792186,30.3787924],[77.9792106,30.3788031],[77.9791717,30.3788349],[77.979163,30.3788505],[77.9791616,30.3788682],[77.9792019,30.3789966],[77.9791985,30.3790174],[77.9791901,30.3790296],[77.9791623,30.3790432],[77.978877,30.3791543],[77.978478,30.3793114]]}},{"type":"Feature","properties":{"c":"residential"},"geometry":{"type":"LineString","coordinates":[[77.9782889,30.3754091],[77.9783412,30.3754924],[77.9783546,30.3755074],[77.9783975,30.3755375],[77.9784398,30.3755751],[77.9785216,30.3756983],[77.9786155,30.3758545],[77.9786765,30.3759669],[77.9787791,30.3761883]]}},{"type":"Feature","properties":{"c":"residential"},"geometry":{"type":"LineString","coordinates":[[77.9793859,30.3753854],[77.9793216,30.3753009],[77.9793068,30.3752945],[77.9792833,30.375294],[77.9791405,30.3753252],[77.979117,30.3753258],[77.9791023,30.37532],[77.9790218,30.3751696],[77.9789652,30.3751033]]}},{"type":"Feature","properties":{"c":"service"},"geometry":{"type":"LineString","coordinates":[[77.9205401,30.3371589],[77.9204316,30.3370547],[77.9203774,30.3370111],[77.9203233,30.33698],[77.9202475,30.3369566],[77.9201862,30.3369426],[77.9201411,30.3369379],[77.9200689,30.3369457],[77.9200464,30.3369527],[77.9200238,30.3369597],[77.9199714,30.3369909],[77.9199426,30.3370189],[77.9199065,30.3370781],[77.9199029,30.3371015],[77.9198975,30.3371404],[77.9199047,30.3371793],[77.9199245,30.3372245],[77.9199588,30.3372712],[77.9199985,30.3373117],[77.9200277,30.337332],[77.9200544,30.3373506],[77.9201032,30.337374],[77.9201753,30.3373958],[77.9202349,30.3374067],[77.9203197,30.3374114],[77.920372,30.3374036],[77.9204207,30.3373864],[77.9204568,30.3373678],[77.9204983,30.3373366],[77.9205472,30.3372873]]}},{"type":"Feature","properties":{"c":"service"},"geometry":{"type":"LineString","coordinates":[[77.9200464,30.3369527],[77.9198397,30.3366261]]}},{"type":"Feature","properties":{"c":"service"},"geometry":{"type":"LineString","coordinates":[[77.9202349,30.3374067],[77.9202446,30.3375706],[77.9202587,30.3378104],[77.920263,30.337872]]}},{"type":"Feature","properties":{"c":"service"},"geometry":{"type":"LineString","coordinates":[[77.9205859,30.3377696],[77.9205516,30.3377618],[77.9205281,30.3377541],[77.9205056,30.3377432],[77.9204839,30.3377315],[77.9204686,30.3377151],[77.9204253,30.3376591],[77.9204027,30.3376357],[77.920363,30.3376085],[77.9203278,30.3375913],[77.920299,30.3375804],[77.9202764,30.3375742],[77.9202446,30.3375706],[77.920173,30.3375693],[77.9201365,30.3375733],[77.9201047,30.3375851],[77.9200683,30.3376008],[77.9200425,30.3376152],[77.920003,30.3376532],[77.9199681,30.3377016],[77.9199105,30.3377893],[77.9198847,30.3378155],[77.9198467,30.3378443],[77.919824,30.3378561],[77.9197967,30.3378614],[77.9197633,30.3378574],[77.919733,30.337847],[77.9197132,30.3378312],[77.9197042,30.3378096],[77.9197041,30.3377893],[77.9197087,30.3377658],[77.9197193,30.3377474],[77.9197421,30.3377357],[77.9197709,30.3377343],[77.9197982,30.3377474],[77.9198149,30.3377514],[77.9198331,30.3377461],[77.9198452,30.3377317],[77.9198543,30.3377068],[77.9198571,30.3376788],[77.919856,30.3376547],[77.9198485,30.3376334],[77.9198442,30.3376204],[77.9198378,30.3376065],[77.9198367,30.337589],[77.9198432,30.3375751],[77.9198668,30.3375399],[77.9200277,30.337332]]}},{"type":"Feature","properties":{"c":"service"},"geometry":{"type":"LineString","coordinates":[[77.9197967,30.3378614],[77.9198109,30.3378981],[77.919819,30.337916],[77.9198289,30.3379246],[77.9198443,30.3379293],[77.9198686,30.3379308],[77.9199444,30.3379145],[77.9200373,30.337895],[77.9200824,30.3378888],[77.9202015,30.3378771],[77.920263,30.337872],[77.9203811,30.3378623],[77.9204596,30.3378568],[77.920511,30.3378537],[77.9205705,30.3378553],[77.9206341,30.3378623],[77.9206919,30.3378716],[77.9207749,30.3378997]]}},{"type":"Feature","properties":{"c":"service"},"geometry":{"type":"LineString","coordinates":[[77.9230134,30.3354119],[77.9229136,30.3360894],[77.922873,30.3363648]]}},{"type":"Feature","properties":{"c":"service"},"geometry":{"type":"LineString","coordinates":[[77.9229136,30.3360894],[77.9233655,30.336171]]}},{"type":"Feature","properties":{"c":"service"},"geometry":{"type":"LineString","coordinates":[[77.9794121,30.3727641],[77.979783,30.3732204]]}},{"type":"Feature","properties":{"c":"residential"},"geometry":{"type":"LineString","coordinates":[[77.9805353,30.3746669],[77.9804652,30.3745402],[77.9804528,30.3745257],[77.980426,30.3745147],[77.9803542,30.3745104],[77.9803371,30.3745054],[77.9803201,30.3744933],[77.980087,30.3742096]]}},{"type":"Feature","properties":{"c":"residential"},"geometry":{"type":"LineString","coordinates":[[77.9781139,30.3791103],[77.9776733,30.379248],[77.9776579,30.3792474],[77.9776284,30.3792347],[77.9776029,30.379219],[77.9775842,30.3792156],[77.9775627,30.3792208],[77.9769297,30.3795384],[77.9764375,30.3798149]]}},{"type":"Feature","properties":{"c":"service"},"geometry":{"type":"LineString","coordinates":[[77.9835668,30.3799352],[77.9835159,30.3807497],[77.9835239,30.3808029],[77.9835547,30.3808608],[77.9836459,30.3809418],[77.9836661,30.380973],[77.9836687,30.3809973],[77.9836151,30.3813617],[77.9836231,30.3814045],[77.9836557,30.3814737]]}},{"type":"Feature","properties":{"c":"service"},"geometry":{"type":"LineString","coordinates":[[77.9833254,30.3818997],[77.9833117,30.3815859],[77.9833127,30.3815717],[77.983318,30.3815627],[77.9833294,30.381557],[77.9834582,30.3815179],[77.9836557,30.3814737],[77.9836754,30.3814693],[77.9838136,30.3814404],[77.983945,30.3814358],[77.9840443,30.3814601],[77.9841462,30.3814959],[77.9841945,30.3815052],[77.98446,30.3815225],[77.9845545,30.3815399],[77.9846089,30.3815619],[77.9846431,30.3815839],[77.9848596,30.3818257],[77.9850328,30.3820841],[77.9851681,30.3822861],[77.9854913,30.382779],[77.9855067,30.3828357],[77.9854873,30.3828854],[77.9854544,30.3829097],[77.9853974,30.3829346],[77.9852352,30.382956],[77.9849689,30.3829903]]}},{"type":"Feature","properties":{"c":"residential"},"geometry":{"type":"LineString","coordinates":[[77.979226,30.3747923],[77.9791854,30.3747646],[77.9791398,30.3747264],[77.9790835,30.3746478],[77.9789695,30.3744684],[77.9789045,30.3744123],[77.9787831,30.3743498],[77.9787462,30.3743215],[77.9786203,30.3741961]]}},{"type":"Feature","properties":{"c":"service"},"geometry":{"type":"LineString","coordinates":[[77.9751815,30.3750753],[77.9749666,30.3748542],[77.9749311,30.3748243],[77.9748999,30.3747975],[77.9748577,30.3747542],[77.9745915,30.3743991],[77.974568,30.3743678],[77.9745345,30.37434],[77.9745023,30.3743354],[77.9742663,30.3743932],[77.9742233,30.3743944],[77.9741912,30.3743805],[77.973895,30.3740485]]}},{"type":"Feature","properties":{"c":"service"},"geometry":{"type":"LineString","coordinates":[[77.9819966,30.3845853],[77.9822612,30.3844585],[77.9826367,30.3843567],[77.982801,30.3843431],[77.9829673,30.3843501],[77.9830518,30.3843639],[77.9831229,30.3844067],[77.9837733,30.3848857],[77.983827,30.3849609],[77.9838463,30.385043]]}},{"type":"Feature","properties":{"c":"residential"},"geometry":{"type":"LineString","coordinates":[[77.9221833,30.3999838],[77.9223105,30.3992638]]}},{"type":"Feature","properties":{"c":"residential"},"geometry":{"type":"LineString","coordinates":[[77.9237026,30.4007471],[77.9242417,30.4008346],[77.9248238,30.4009341],[77.925151,30.4010035],[77.9252395,30.4009942],[77.9252824,30.4009456],[77.9253146,30.4008531],[77.9254246,30.4003048],[77.9255322,30.3997358],[77.9256073,30.3993331]]}},{"type":"Feature","properties":{"c":"residential"},"geometry":{"type":"LineString","coordinates":[[77.9269006,30.3998849],[77.9270075,30.3994543]]}},{"type":"Feature","properties":{"c":"residential"},"geometry":{"type":"LineString","coordinates":[[77.927396,30.400129],[77.9273048,30.3999879],[77.9272324,30.3999509],[77.9271358,30.3999208],[77.9269937,30.3998953],[77.9269006,30.3998849],[77.9261273,30.3997982],[77.9255322,30.3997358],[77.9254648,30.3997288],[77.9250115,30.3996594],[77.9249284,30.3996617],[77.9248115,30.3996649],[77.9247552,30.3996665],[77.9246923,30.3996628],[77.9246481,30.399642],[77.9245778,30.3996089],[77.9244402,30.3995645],[77.9238772,30.3994558],[77.923319,30.3993586],[77.9223105,30.3992638],[77.9220875,30.3992366]]}},{"type":"Feature","properties":{"c":"residential"},"geometry":{"type":"LineString","coordinates":[[77.9236892,30.4008651],[77.9227465,30.4008249]]}},{"type":"Feature","properties":{"c":"residential"},"geometry":{"type":"LineString","coordinates":[[77.9239333,30.3991404],[77.9238772,30.3994558],[77.9238018,30.3998791],[77.9237706,30.4001509],[77.9237026,30.4007471],[77.9236892,30.4008651],[77.9236785,30.4009595],[77.9235974,30.4017203]]}},{"type":"Feature","properties":{"c":"residential"},"geometry":{"type":"LineString","coordinates":[[77.9219298,30.3999615],[77.9221833,30.3999838],[77.9230455,30.4000596],[77.9237706,30.4001509],[77.9242578,30.4002123]]}},{"type":"Feature","properties":{"c":"residential"},"geometry":{"type":"LineString","coordinates":[[77.9216883,30.4034904],[77.9221845,30.4029884],[77.9226592,30.4025743],[77.9226875,30.4025519],[77.9227306,30.4025178],[77.9228845,30.4023961],[77.9231267,30.4022635],[77.9231635,30.4022434],[77.9233399,30.4021546],[77.9234666,30.4020908],[77.9236516,30.4020098],[77.9237267,30.4019589],[77.9237428,30.4019126],[77.9237214,30.4018502],[77.9235974,30.4017203],[77.9232556,30.4013622],[77.9232091,30.4013135],[77.9227465,30.4008249],[77.9225339,30.4006004],[77.9222891,30.4003418],[77.9219298,30.3999615],[77.9217231,30.3997426],[77.9216346,30.3996316],[77.9216158,30.399583],[77.9216026,30.3994588]]}},{"type":"Feature","properties":{"c":"service"},"geometry":{"type":"LineString","coordinates":[[77.984755,30.3835911],[77.9845083,30.383524],[77.9843138,30.3835009],[77.9841757,30.3835171],[77.9840268,30.3835541],[77.983894,30.3836339],[77.9837519,30.3837797],[77.9836151,30.3839451],[77.9835252,30.3840192],[77.9834193,30.3840701],[77.9832852,30.3841025],[77.9831913,30.3841418],[77.9830948,30.3842112],[77.9829673,30.3843501]]}},{"type":"Feature","properties":{"c":"service"},"geometry":{"type":"LineString","coordinates":[[77.974358,30.3735946],[77.9746887,30.3742891],[77.9749341,30.3747259],[77.9749717,30.3747854],[77.9749895,30.3748164],[77.9749907,30.3748318],[77.9749848,30.3748417],[77.9749666,30.3748542]]}},{"type":"Feature","properties":{"c":"service"},"geometry":{"type":"LineString","coordinates":[[77.9752547,30.3737268],[77.9750193,30.3732761],[77.9749998,30.3732634],[77.974961,30.3732587],[77.9747491,30.3733045],[77.974733,30.3733045],[77.9747155,30.3732987],[77.9747028,30.3732877],[77.9745921,30.3730545],[77.974515,30.3729514]]}},{"type":"Feature","properties":{"c":"residential"},"geometry":{"type":"LineString","coordinates":[[77.9182717,30.3999912],[77.9181129,30.3999185],[77.9180284,30.3998895],[77.9179506,30.3998803],[77.9178983,30.3999023],[77.9177079,30.4000411],[77.9176435,30.4000758],[77.9175872,30.4000781],[77.9175228,30.4000573],[77.9172868,30.399937],[77.9170132,30.399782],[77.9169877,30.3997654],[77.9169032,30.3997103],[77.9168026,30.3996329],[77.9167839,30.3996177],[77.9167503,30.399605],[77.9166993,30.3995946],[77.9165572,30.3995772],[77.9164432,30.3995576],[77.9162528,30.3994835],[77.9158545,30.399251],[77.9157566,30.3991743],[77.9155862,30.3990405],[77.9155558,30.3990147],[77.9151785,30.3986935],[77.915088,30.3986066]]}},{"type":"Feature","properties":{"c":"residential"},"geometry":{"type":"LineString","coordinates":[[77.9198429,30.4013875],[77.919428,30.401098],[77.9193091,30.401015],[77.9191093,30.4008855],[77.9190731,30.4008785],[77.9190369,30.4008785],[77.9189993,30.4008635],[77.9189229,30.4008149],[77.9186915,30.4006392],[77.9184522,30.4004575],[77.9181303,30.4002042],[77.9181182,30.4001822],[77.9181196,30.4001625],[77.9181518,30.400122],[77.9182717,30.3999912],[77.9182886,30.3999728],[77.9185997,30.3996952],[77.9187164,30.3995599],[77.9188263,30.3994708],[77.9189484,30.3993864],[77.9191308,30.3992695],[77.9191791,30.3992279],[77.9193856,30.3990428],[77.9196224,30.3987772]]}},{"type":"Feature","properties":{"c":"residential"},"geometry":{"type":"LineString","coordinates":[[77.9211076,30.4016223],[77.9209305,30.4014789],[77.9208782,30.4014546],[77.920834,30.4014488],[77.9207978,30.4014557],[77.9205738,30.4016639],[77.9202613,30.4019415],[77.9201715,30.4020121],[77.920152,30.4020225],[77.9201292,30.4020283],[77.9201098,30.402026],[77.9200669,30.4020144],[77.9200508,30.4020144],[77.920026,30.4020271],[77.9199354,30.4021156],[77.9198657,30.4021937],[77.9198213,30.4022379]]}},{"type":"Feature","properties":{"c":"residential"},"geometry":{"type":"LineString","coordinates":[[77.9212564,30.4014939],[77.9211076,30.4016223],[77.9208595,30.4018363],[77.9203981,30.4022689],[77.9201615,30.4024841]]}},{"type":"Feature","properties":{"c":"residential"},"geometry":{"type":"LineString","coordinates":[[77.9221228,30.4020977],[77.922096,30.4020642],[77.922096,30.4020491],[77.9221107,30.4020144],[77.9222797,30.4018745],[77.9222877,30.4018536],[77.922277,30.4018351],[77.9221107,30.4016952]]}},{"type":"Feature","properties":{"c":"residential"},"geometry":{"type":"LineString","coordinates":[[77.9220815,30.4021088],[77.9219082,30.4019763],[77.9218371,30.4019254],[77.9217969,30.4019034],[77.9217634,30.4019011],[77.921707,30.4019265],[77.9215568,30.4020861]]}},{"type":"Feature","properties":{"c":"residential"},"geometry":{"type":"LineString","coordinates":[[77.9204691,30.4027283],[77.9208997,30.4023591],[77.9212242,30.4020885],[77.9214831,30.4018756],[77.9216574,30.4016998]]}},{"type":"Feature","properties":{"c":"residential"},"geometry":{"type":"LineString","coordinates":[[77.9226875,30.4025519],[77.9223816,30.4023094],[77.9222696,30.4022116],[77.9221737,30.4021278],[77.9221228,30.4020977],[77.9220933,30.4021012],[77.9220815,30.4021088],[77.9220289,30.4021428],[77.9218586,30.4023024],[77.9216842,30.402447],[77.9214549,30.4026379],[77.9211639,30.4029537],[77.9210968,30.4030589],[77.9210445,30.4031283],[77.9210016,30.4031538],[77.9209775,30.4031538],[77.920948,30.4031353],[77.9206851,30.4029109],[77.9204691,30.4027283],[77.9203221,30.4026039],[77.9202788,30.4025673],[77.9201615,30.4024841],[77.9198672,30.4022754],[77.9198483,30.402262],[77.9198213,30.4022379],[77.9197329,30.402159],[77.9195443,30.4019907],[77.9194392,30.4018652],[77.9193453,30.4017495],[77.919293,30.4016998],[77.9192099,30.4016408],[77.9190516,30.4015541],[77.9189846,30.4014997],[77.9189792,30.4014742],[77.9189886,30.4014511],[77.9192649,30.4011862],[77.9193574,30.4011342],[77.919428,30.401098]]}},{"type":"Feature","properties":{"c":"residential"},"geometry":{"type":"LineString","coordinates":[[77.9300228,30.4031561],[77.9298556,30.4032266],[77.9297134,30.4033099],[77.9294559,30.4035366],[77.9292199,30.4037263],[77.9290187,30.4038674],[77.9288095,30.4039854],[77.9287014,30.404042],[77.9285842,30.4041034],[77.9284528,30.4041913],[77.9282691,30.4043532],[77.928037,30.4045568],[77.9279298,30.4046262],[77.9277366,30.4047234],[77.9276186,30.4047789],[77.9274684,30.4048159],[77.9272163,30.4048691],[77.9271251,30.4048599],[77.9270285,30.4048205],[77.9269881,30.4047993],[77.9269382,30.4047731],[77.9268435,30.4047234],[77.9265806,30.4045973],[77.9262024,30.4044018],[77.9261541,30.404381],[77.9257974,30.4041936],[77.9257047,30.4041523],[77.9256754,30.4041393],[77.9253428,30.4040386],[77.9251175,30.4039692],[77.9249793,30.403916],[77.9249218,30.4038846],[77.9247996,30.4038177],[77.9247111,30.4037795],[77.9246177,30.403743],[77.9242055,30.4035817],[77.9240575,30.4035314],[77.9239333,30.4034892],[77.9238568,30.4034672],[77.9237911,30.403458],[77.9237039,30.4034557],[77.923661,30.4034464],[77.9235993,30.4034152],[77.9234304,30.4032995],[77.9232909,30.4031896],[77.9231742,30.4030659],[77.9230916,30.4029587],[77.9230307,30.4028796],[77.9229636,30.4027732],[77.9229453,30.4027533],[77.9228671,30.402668],[77.9227306,30.4025178]]}},{"type":"Feature","properties":{"c":"residential"},"geometry":{"type":"LineString","coordinates":[[77.9258674,30.4027972],[77.9258242,30.402827],[77.9257987,30.4028357],[77.9257572,30.4028409],[77.925733,30.4028553],[77.9253401,30.4032498],[77.9249699,30.403628],[77.9248318,30.4037876],[77.9247996,30.4038177]]}},{"type":"Feature","properties":{"c":"residential"},"geometry":{"type":"LineString","coordinates":[[77.9250437,30.404455],[77.9246561,30.4042572]]}},{"type":"Feature","properties":{"c":"residential"},"geometry":{"type":"LineString","coordinates":[[77.9269382,30.4047731],[77.9268998,30.404868],[77.9268977,30.4049041],[77.9268958,30.4049374],[77.9269092,30.405127],[77.9269078,30.4052219],[77.9268904,30.405282],[77.9268381,30.4053433],[77.926789,30.4053983],[77.926704,30.4054937],[77.9264706,30.4057193],[77.9262914,30.405905],[77.9262775,30.4059194],[77.9260302,30.406099],[77.9258859,30.4062039],[77.9256995,30.4063138],[77.9256681,30.4063261],[77.9256164,30.4063462],[77.9255654,30.4063485],[77.925501,30.4063381],[77.9252569,30.4062502],[77.9251228,30.406205],[77.9250438,30.4061894],[77.9249418,30.4061692],[77.92489,30.406164],[77.9248492,30.4061599],[77.9246977,30.4061588],[77.9245783,30.4061449],[77.9244845,30.406109],[77.9242712,30.405976],[77.9241852,30.4059211],[77.9240875,30.405858],[77.9239091,30.4057435],[77.9238876,30.4057308],[77.9236194,30.4055515],[77.9235256,30.4055215],[77.9234397,30.4055145],[77.9232439,30.4055724],[77.9230937,30.4056047],[77.9229945,30.4055955],[77.9229033,30.4055585],[77.922855,30.4055006],[77.9228362,30.405422],[77.9228175,30.4053572],[77.922737,30.4052392],[77.9227021,30.4051883],[77.9227102,30.4051375],[77.9231983,30.4044735],[77.923311,30.4043394],[77.9233298,30.4042885],[77.9233298,30.4042538],[77.9232922,30.4042237],[77.9228041,30.4040363]]}},{"type":"Feature","properties":{"c":"residential"},"geometry":{"type":"LineString","coordinates":[[77.9788756,30.3734687],[77.9791352,30.3737835]]}},{"type":"Feature","properties":{"c":"residential"},"geometry":{"type":"LineString","coordinates":[[77.9786651,30.3722758],[77.9786084,30.3722108],[77.9785937,30.3722032],[77.9785796,30.3722053],[77.9784378,30.3722718],[77.9784069,30.3722712],[77.9783835,30.372262],[77.9783328,30.3722223]]}},{"type":"Feature","properties":{"c":"residential"},"geometry":{"type":"LineString","coordinates":[[77.9188961,30.4041126],[77.9187244,30.404034],[77.9186708,30.4040062],[77.9185796,30.403938],[77.918365,30.4037622],[77.9182765,30.4037182],[77.9182242,30.403724],[77.9181209,30.4037772],[77.9180123,30.403835],[77.917956,30.4038408],[77.9178768,30.4038327],[77.91774,30.4037865],[77.9174423,30.4036754],[77.9171982,30.4035713],[77.9170534,30.4034985],[77.916871,30.4033874],[77.9166792,30.4032706],[77.9166336,30.4032359],[77.9166055,30.4031896],[77.9165867,30.4031156],[77.9165438,30.4030624],[77.9164848,30.4030369],[77.916415,30.4030323],[77.9162756,30.4030138],[77.9161227,30.402986],[77.915888,30.4029317],[77.9155903,30.402853],[77.9155004,30.4028137],[77.9154173,30.4027663],[77.9153581,30.4027024],[77.9153033,30.4026668],[77.9151651,30.402602],[77.9150673,30.4025562],[77.9149358,30.4024979],[77.9148781,30.402484],[77.9148231,30.402484],[77.9147494,30.4024979],[77.9146815,30.4025107],[77.9146367,30.4025095],[77.9145746,30.4024763],[77.9145107,30.4024389],[77.9143444,30.4023209],[77.9142143,30.4022515],[77.914088,30.4021842],[77.914048,30.4021521],[77.9140373,30.402122],[77.9140413,30.4020804],[77.9140373,30.4020295],[77.9140171,30.4019647],[77.9139394,30.4018698],[77.9137838,30.4017576],[77.9135132,30.4015384]]}},{"type":"Feature","properties":{"c":"residential"},"geometry":{"type":"LineString","coordinates":[[77.9162233,30.401771],[77.9159832,30.4015899]]}},{"type":"Feature","properties":{"c":"residential"},"geometry":{"type":"LineString","coordinates":[[77.9164613,30.4015088],[77.9158966,30.4011557]]}},{"type":"Feature","properties":{"c":"residential"},"geometry":{"type":"LineString","coordinates":[[77.9153581,30.4027024],[77.9154803,30.4026009],[77.9155689,30.4025272],[77.9156694,30.4024112],[77.9158907,30.4021555],[77.9160985,30.4019115],[77.9162233,30.401771],[77.9163668,30.4016096],[77.9164613,30.4015088],[77.9165599,30.4014037],[77.9166806,30.4012487],[77.9169166,30.4009132],[77.9170306,30.4007386],[77.9173136,30.4003973],[77.9175872,30.4000781]]}},{"type":"Feature","properties":{"c":"residential"},"geometry":{"type":"LineString","coordinates":[[77.9154575,30.4015945],[77.9157646,30.4012799],[77.9158966,30.4011557],[77.9159269,30.4011272],[77.91636,30.4006912],[77.9165237,30.4005362],[77.91658,30.4005003],[77.9166377,30.400498],[77.9166806,30.4005176],[77.9170306,30.4007386]]}},{"type":"Feature","properties":{"c":"residential"},"geometry":{"type":"LineString","coordinates":[[77.9148634,30.4018201],[77.9149975,30.4016258],[77.915027,30.4015587],[77.9150645,30.4014997],[77.9151142,30.4014453],[77.9151732,30.4013979],[77.9151812,30.4013771],[77.9151678,30.401347],[77.9150176,30.4012394],[77.9148752,30.4011354]]}},{"type":"Feature","properties":{"c":"residential"},"geometry":{"type":"LineString","coordinates":[[77.9145107,30.4024389],[77.9145402,30.4023996],[77.9148071,30.4021162],[77.9149573,30.4019462],[77.9149845,30.4019154]]}},{"type":"Feature","properties":{"c":"residential"},"geometry":{"type":"LineString","coordinates":[[77.9153176,30.400196],[77.9154427,30.400033],[77.915495,30.3999809],[77.9155219,30.3999798],[77.9155567,30.4000029],[77.9158759,30.4002076],[77.9159068,30.4002111],[77.9159336,30.4002076],[77.9159631,30.400181],[77.9161039,30.4000237],[77.9162166,30.3999011],[77.9162756,30.399856],[77.9163332,30.3998398],[77.9164445,30.3998352],[77.9165532,30.3998398],[77.9166122,30.3998294],[77.9166765,30.3997959],[77.9167087,30.3997588],[77.9168026,30.3996329]]}},{"type":"Feature","properties":{"c":"residential"},"geometry":{"type":"LineString","coordinates":[[77.9140413,30.4020804],[77.9142243,30.401875],[77.9145066,30.4015542],[77.914748,30.4012799],[77.9148752,30.4011354],[77.915086,30.4008959],[77.915203,30.4007726],[77.9154722,30.4004887],[77.9155353,30.4004089],[77.9155406,30.4003754],[77.9155299,30.400343],[77.9154132,30.4002701],[77.9153176,30.400196],[77.9150425,30.3999827]]}},{"type":"Feature","properties":{"c":"residential"},"geometry":{"type":"LineString","coordinates":[[77.9157566,30.3991743],[77.9154012,30.3995159],[77.9152778,30.3996524],[77.9151732,30.399812],[77.9151566,30.3998346],[77.9150578,30.3999694],[77.9150425,30.3999827],[77.9147252,30.4002585],[77.914288,30.400668],[77.9140332,30.4009202],[77.9136765,30.4013343],[77.9135132,30.4015384],[77.9133359,30.4017599],[77.9129469,30.4022342],[77.9128745,30.4023036],[77.9128128,30.4023221],[77.9127109,30.4023221],[77.9126304,30.4023013],[77.9125231,30.4022434],[77.9124078,30.402137],[77.91233,30.4020792],[77.9122147,30.4020445],[77.9120001,30.4019867],[77.9118982,30.4019427],[77.9117963,30.401871],[77.9117534,30.4017877],[77.9117238,30.4016605],[77.9116969,30.4012777]]}},{"type":"Feature","properties":{"c":"service"},"geometry":{"type":"LineString","coordinates":[[77.9816611,30.3796032],[77.9812304,30.3792188]]}},{"type":"Feature","properties":{"c":"service"},"geometry":{"type":"LineString","coordinates":[[77.9810167,30.3787777],[77.9809061,30.3789411],[77.9808987,30.3789564],[77.9809014,30.3789662],[77.9809088,30.3789767],[77.9812172,30.3791907],[77.9812299,30.3792057],[77.9812304,30.3792188],[77.9812249,30.3792338],[77.9812105,30.3792578],[77.9809248,30.3795291],[77.9807847,30.3797142],[77.9807022,30.3798774]]}},{"type":"Feature","properties":{"c":"residential"},"geometry":{"type":"LineString","coordinates":[[77.9758179,30.3699339],[77.9762088,30.3706842],[77.9766382,30.3713412],[77.9768212,30.3716591],[77.9769909,30.3719537],[77.977024,30.3719892],[77.9770623,30.3719947],[77.9771133,30.3719825],[77.977923,30.3715621],[77.9780513,30.3714954],[77.9787152,30.3711566],[77.9787408,30.3711435],[77.9789168,30.3710257],[77.9791385,30.3708677],[77.9792103,30.3708259],[77.9794746,30.3706993],[77.9797441,30.3705701],[77.979772,30.3705614],[77.9797918,30.3705614],[77.9798225,30.3705755],[77.9802337,30.3711687]]}},{"type":"Feature","properties":{"c":"residential"},"geometry":{"type":"LineString","coordinates":[[77.9789762,30.3714636],[77.9785427,30.3716977]]}},{"type":"Feature","properties":{"c":"residential"},"geometry":{"type":"LineString","coordinates":[[77.9807366,30.3711554],[77.9806216,30.3709828],[77.9806189,30.3709794],[77.9806127,30.3709756],[77.9806077,30.3709746],[77.9805988,30.3709766],[77.9803924,30.3710947],[77.9802337,30.3711687],[77.9798817,30.3713329],[77.979555,30.371479],[77.979311,30.3715881],[77.9791967,30.3716308],[77.9791573,30.3716321],[77.9791254,30.3716203],[77.9789762,30.3714636],[77.9787152,30.3711566]]}},{"type":"Feature","properties":{"c":"residential"},"geometry":{"type":"LineString","coordinates":[[77.979555,30.371479],[77.9791385,30.3708677],[77.9789977,30.3706722],[77.9789963,30.3706479],[77.9790151,30.3706074],[77.979109,30.370546],[77.9792185,30.3704765],[77.9792967,30.3704269],[77.9799633,30.3700601],[77.9799981,30.3700346],[77.9800089,30.3700092],[77.9799968,30.3699791],[77.9798171,30.3697199]]}},{"type":"Feature","properties":{"c":"residential"},"geometry":{"type":"LineString","coordinates":[[77.9798817,30.3713329],[77.9794746,30.3706993]]}},{"type":"Feature","properties":{"c":"residential"},"geometry":{"type":"LineString","coordinates":[[77.9781572,30.3718309],[77.977923,30.3715621]]}},{"type":"Feature","properties":{"c":"residential"},"geometry":{"type":"LineString","coordinates":[[77.9802579,30.3728391],[77.9802318,30.3727486],[77.9802368,30.3725871],[77.98019,30.3723745],[77.9801185,30.3722087],[77.9800199,30.3719366],[77.9799731,30.3718431],[77.9800052,30.3717665],[77.9802827,30.3716175],[77.9807884,30.3713428],[77.9808792,30.3712935],[77.9811411,30.3711608]]}},{"type":"Feature","properties":{"c":"residential"},"geometry":{"type":"LineString","coordinates":[[77.9810219,30.3710118],[77.9811411,30.3711608],[77.9813328,30.3714006],[77.9814707,30.371577]]}},{"type":"Feature","properties":{"c":"residential"},"geometry":{"type":"LineString","coordinates":[[77.9809982,30.3716463],[77.9807884,30.3713428]]}},{"type":"Feature","properties":{"c":"residential"},"geometry":{"type":"LineString","coordinates":[[77.9758179,30.3699339],[77.9756945,30.3700427],[77.9756422,30.3700925],[77.9755336,30.3701445],[77.9749086,30.3703742],[77.9748845,30.3703945],[77.9748644,30.3704251],[77.9748107,30.370656],[77.9747993,30.3706756],[77.9747698,30.3706993],[77.9743521,30.3707867]]}},{"type":"Feature","properties":{"c":"residential"},"geometry":{"type":"LineString","coordinates":[[77.9194751,30.3963325],[77.9197279,30.3966392],[77.9198147,30.3967444],[77.920264,30.3972325],[77.9206476,30.397561],[77.9208139,30.3976328],[77.9209211,30.3976582],[77.9210445,30.3976374],[77.9212055,30.3975541],[77.9217499,30.3971909],[77.9217875,30.3971215],[77.9217848,30.3970544],[77.9217419,30.3969595],[77.9212216,30.3964135],[77.9208822,30.3960132]]}},{"type":"Feature","properties":{"c":"residential"},"geometry":{"type":"LineString","coordinates":[[77.9220155,30.3980238],[77.9217634,30.3977854],[77.9217204,30.3977322],[77.9217258,30.3976906],[77.9218277,30.3975981],[77.9221871,30.3973112]]}},{"type":"Feature","properties":{"c":"residential"},"geometry":{"type":"LineString","coordinates":[[77.9208202,30.3991868],[77.9213181,30.3986692],[77.9218438,30.3981695],[77.9220155,30.3980238],[77.9225036,30.3976096]]}},{"type":"Feature","properties":{"c":"residential"},"geometry":{"type":"LineString","coordinates":[[77.9213181,30.3986692],[77.921007,30.3984425],[77.9207224,30.3982439],[77.9205421,30.3981461],[77.9202332,30.397952],[77.9199086,30.3977646],[77.9195398,30.3975425],[77.9193413,30.3974407],[77.9192743,30.3973945],[77.9191361,30.3972707],[77.9189014,30.3970845],[77.9188558,30.397022],[77.9188317,30.3969722],[77.9188317,30.3969306],[77.9188344,30.3968716],[77.9188062,30.3968103],[77.9186468,30.396583]]}},{"type":"Feature","properties":{"c":"residential"},"geometry":{"type":"LineString","coordinates":[[77.9189014,30.3970845],[77.9188022,30.3971955],[77.9186466,30.3973447],[77.9185112,30.3974732],[77.9184737,30.3975055],[77.9184321,30.3975449]]}},{"type":"Feature","properties":{"c":"residential"},"geometry":{"type":"LineString","coordinates":[[77.9174611,30.3979913],[77.9175429,30.3978236],[77.9175858,30.3977704],[77.917732,30.3976397],[77.9178728,30.397509],[77.9181303,30.3972765]]}},{"type":"Feature","properties":{"c":"residential"},"geometry":{"type":"LineString","coordinates":[[77.9171011,30.3978718],[77.9169944,30.3979948],[77.9168428,30.3981209],[77.9167584,30.3982227]]}},{"type":"Feature","properties":{"c":"residential"},"geometry":{"type":"LineString","coordinates":[[77.9171961,30.3959994],[77.9171513,30.3959057],[77.9171205,30.3958502],[77.9170467,30.395753],[77.916985,30.3957091],[77.916922,30.3956674],[77.9168804,30.3956362],[77.9168656,30.3956084],[77.9168549,30.3955888]]}},{"type":"Feature","properties":{"c":"residential"},"geometry":{"type":"LineString","coordinates":[[77.9205818,30.3940792],[77.9204343,30.3942099],[77.920268,30.3943672],[77.9199529,30.3946668],[77.9196297,30.3949525],[77.9193373,30.3952036],[77.9190034,30.3955043]]}},{"type":"Feature","properties":{"c":"residential"},"geometry":{"type":"LineString","coordinates":[[77.918699,30.3952537],[77.9191133,30.3948866],[77.9197061,30.394373],[77.9200843,30.3940352],[77.9201312,30.3940074],[77.9201742,30.3940063],[77.9204343,30.3942099]]}},{"type":"Feature","properties":{"c":"service"},"geometry":{"type":"LineString","coordinates":[[77.9182698,30.3958421],[77.9184884,30.3955969],[77.9187781,30.395301]]}},{"type":"Feature","properties":{"c":"residential"},"geometry":{"type":"LineString","coordinates":[[77.9178286,30.3953805],[77.9174691,30.3957322],[77.9171961,30.3959994],[77.9171205,30.3960734],[77.9167852,30.396402],[77.9166189,30.3965801],[77.9164392,30.3967559],[77.9163547,30.3968184],[77.9162581,30.3968843],[77.916238,30.3969167],[77.916242,30.3969387],[77.9163131,30.3969965],[77.9163869,30.3970509],[77.9163963,30.397074],[77.9163869,30.3970891],[77.9162219,30.3972314]]}},{"type":"Feature","properties":{"c":"residential"},"geometry":{"type":"LineString","coordinates":[[77.9182041,30.3942781],[77.9180083,30.3944586],[77.9178902,30.3945696],[77.9177669,30.3947015],[77.9175577,30.3949398],[77.9173028,30.3952105],[77.9170293,30.3954604],[77.9168978,30.3955633],[77.9168549,30.3955888],[77.9168053,30.3955992],[77.9167436,30.3955957],[77.9166873,30.3955807],[77.9166202,30.3955714],[77.9165733,30.3955807],[77.9165062,30.3956258],[77.9161803,30.3959127],[77.9157861,30.3962921],[77.9152925,30.3967305],[77.9150529,30.39695]]}},{"type":"Feature","properties":{"c":"residential"},"geometry":{"type":"LineString","coordinates":[[77.9154081,30.3956688],[77.9155111,30.3957692],[77.9155272,30.3958051],[77.9155192,30.3958456],[77.9153971,30.3959497],[77.9148969,30.3963823],[77.9146408,30.3966181]]}},{"type":"Feature","properties":{"c":"residential"},"geometry":{"type":"LineString","coordinates":[[77.914494,30.3964782],[77.9147413,30.3962585],[77.9150511,30.3959786],[77.9154081,30.3956688],[77.9155058,30.3955841],[77.9156627,30.3954465]]}},{"type":"Feature","properties":{"c":"residential"},"geometry":{"type":"LineString","coordinates":[[77.9786765,30.3759669],[77.9782345,30.3761461],[77.9780595,30.3762421]]}},{"type":"Feature","properties":{"c":"service"},"geometry":{"type":"LineString","coordinates":[[77.9285254,30.3996258],[77.9282744,30.3998618]]}},{"type":"Feature","properties":{"c":"residential"},"geometry":{"type":"LineString","coordinates":[[77.9280974,30.400269],[77.9285909,30.399871],[77.9287688,30.3997257]]}},{"type":"Feature","properties":{"c":"residential"},"geometry":{"type":"LineString","coordinates":[[77.9287014,30.404042],[77.9286633,30.4039496],[77.9286432,30.4038605],[77.9286392,30.4038108],[77.9286244,30.4037495],[77.9285802,30.4036847]]}},{"type":"Feature","properties":{"c":"residential"},"geometry":{"type":"LineString","coordinates":[[77.9250374,30.4020933],[77.9248466,30.4021787],[77.9246816,30.4022562],[77.924573,30.4023221],[77.9244563,30.4024389],[77.9243745,30.4025349],[77.924345,30.4025858],[77.924345,30.4026078],[77.9243571,30.4026437],[77.9245502,30.4028218],[77.9245864,30.4028322],[77.9246213,30.4028299],[77.9246923,30.4027859],[77.9250249,30.4025488],[77.9252851,30.4023603],[77.9253374,30.402299]]}},{"type":"Feature","properties":{"c":"residential"},"geometry":{"type":"LineString","coordinates":[[77.9241626,30.4021255],[77.9239052,30.4018642]]}},{"type":"Feature","properties":{"c":"residential"},"geometry":{"type":"LineString","coordinates":[[77.922163,30.4051236],[77.9225291,30.4044712],[77.9228041,30.4040363],[77.9228765,30.4038304],[77.9228845,30.4037934],[77.9228725,30.4037761],[77.9228282,30.4037622],[77.9226445,30.4037136],[77.9225841,30.403687],[77.9225694,30.4036673],[77.9225694,30.4036477],[77.9225935,30.4035945],[77.9226968,30.4034291],[77.9230916,30.4029587]]}},{"type":"Feature","properties":{"c":"residential"},"geometry":{"type":"LineString","coordinates":[[77.9240575,30.4035314],[77.9238287,30.4039183],[77.9237482,30.4040872],[77.9236597,30.4042306],[77.9233378,30.4046609]]}},{"type":"Feature","properties":{"c":"residential"},"geometry":{"type":"LineString","coordinates":[[77.9246177,30.403743],[77.9244107,30.4040502],[77.9242122,30.4043093],[77.923885,30.4047349]]}},{"type":"Feature","properties":{"c":"residential"},"geometry":{"type":"LineString","coordinates":[[77.9249218,30.4038846],[77.9246561,30.4042572],[77.9244228,30.4045626],[77.9241961,30.4048437]]}},{"type":"Feature","properties":{"c":"service"},"geometry":{"type":"LineString","coordinates":[[77.9262105,30.406271],[77.9260302,30.406099]]}},{"type":"Feature","properties":{"c":"service"},"geometry":{"type":"LineString","coordinates":[[77.9266222,30.4062328],[77.9264773,30.4060732],[77.9264277,30.4060223],[77.9262914,30.405905]]}},{"type":"Feature","properties":{"c":"residential"},"geometry":{"type":"LineString","coordinates":[[77.926789,30.4053983],[77.9268166,30.4055018],[77.9268515,30.405629],[77.926873,30.4056741],[77.9269199,30.4057146],[77.9270098,30.4057806],[77.9270674,30.4058407],[77.9270875,30.4058731],[77.9271077,30.4059182],[77.9271439,30.4059621],[77.9271975,30.405998],[77.9272793,30.4060501],[77.9273021,30.4060732],[77.9273021,30.4060986],[77.927278,30.4061437],[77.9271506,30.4062964],[77.9269078,30.4065358]]}},{"type":"Feature","properties":{"c":"residential"},"geometry":{"type":"LineString","coordinates":[[77.9269881,30.4047993],[77.9269695,30.4049061],[77.9269749,30.4050287],[77.9270098,30.4051328],[77.9270875,30.4052763],[77.9272002,30.4053942],[77.9273289,30.4054636],[77.9275703,30.4055909],[77.9277474,30.4056765],[77.9278278,30.4057389],[77.9280156,30.4058939],[77.9281658,30.4061183],[77.9282945,30.406264],[77.9284045,30.4063658],[77.9284273,30.4063728],[77.9284716,30.40636],[77.9285239,30.4063427],[77.9285869,30.4063427]]}},{"type":"Feature","properties":{"c":"residential"},"geometry":{"type":"LineString","coordinates":[[77.9232556,30.4013622],[77.9226994,30.4018016],[77.922509,30.4019705],[77.9222696,30.4022116]]}},{"type":"Feature","properties":{"c":"residential"},"geometry":{"type":"LineString","coordinates":[[77.9234926,30.4023312],[77.9233399,30.4021546]]}},{"type":"Feature","properties":{"c":"residential"},"geometry":{"type":"LineString","coordinates":[[77.9233103,30.402465],[77.9231267,30.4022635]]}},{"type":"Feature","properties":{"c":"residential"},"geometry":{"type":"LineString","coordinates":[[77.9238179,30.4021174],[77.9234926,30.4023312],[77.923378,30.4024065],[77.9233103,30.402465],[77.9232225,30.4025407],[77.923134,30.4026147],[77.9229453,30.4027533]]}},{"type":"Feature","properties":{"c":"residential"},"geometry":{"type":"LineString","coordinates":[[77.9257047,30.4041523],[77.9257371,30.4041219],[77.9260455,30.4038061],[77.9263446,30.4034927],[77.9265431,30.4032914],[77.9265511,30.403266],[77.926535,30.4032301],[77.9264961,30.4031931],[77.9264554,30.4031725],[77.9262695,30.4030786],[77.9261541,30.4030069],[77.9259194,30.402831],[77.9258674,30.4027972],[77.9257987,30.4027524],[77.9257344,30.402698],[77.9256982,30.4026541],[77.9256633,30.4025905],[77.9256418,30.4025523],[77.9256043,30.4025199],[77.9254608,30.4024019],[77.9253374,30.402299],[77.9251161,30.4021486],[77.9250374,30.4020933],[77.9249793,30.4020526],[77.9249042,30.4019566],[77.924864,30.4019092],[77.9248224,30.4018907],[77.9246789,30.4018849],[77.9245475,30.4018976],[77.9244992,30.401893],[77.9244576,30.4018733],[77.9243544,30.4017414],[77.9243128,30.4016859],[77.924286,30.4016651],[77.9242484,30.401657],[77.9242055,30.4016744],[77.9239306,30.4018513],[77.9239052,30.4018642],[77.9238689,30.4018826],[77.9238233,30.4018976],[77.9237428,30.4019126]]}},{"type":"Feature","properties":{"c":"residential"},"geometry":{"type":"LineString","coordinates":[[77.9281357,30.3995808],[77.9280236,30.3997056],[77.9278895,30.3998074],[77.9275784,30.4000226],[77.927396,30.400129],[77.9270768,30.4002678],[77.926932,30.4003557],[77.9266879,30.4005362],[77.9265135,30.4006796],[77.9264197,30.4007767],[77.9264036,30.4008207],[77.9264116,30.4008623],[77.9265296,30.4009896],[77.9266503,30.4011099],[77.9266772,30.4011654],[77.9266718,30.4012047],[77.9266182,30.4012533],[77.9263902,30.4013875],[77.9261783,30.4015379],[77.9258376,30.4017576],[77.9254219,30.4020329],[77.9253656,30.4020931],[77.9253575,30.4021417],[77.9253575,30.4022434],[77.9253374,30.402299]]}},{"type":"Feature","properties":{"c":"residential"},"geometry":{"type":"LineString","coordinates":[[77.921589,30.4013435],[77.9223374,30.4007629],[77.9225339,30.4006004]]}},{"type":"Feature","properties":{"c":"residential"},"geometry":{"type":"LineString","coordinates":[[77.9182135,30.4011145],[77.9186915,30.4006392]]}},{"type":"Feature","properties":{"c":"residential"},"geometry":{"type":"LineString","coordinates":[[77.9185737,30.3976642],[77.9184321,30.3975449],[77.9183905,30.397509],[77.9181303,30.3972765],[77.9178528,30.3970054]]}},{"type":"Feature","properties":{"c":"residential"},"geometry":{"type":"LineString","coordinates":[[77.9188317,30.3973945],[77.918656,30.3975714],[77.9185737,30.3976642],[77.918542,30.3976998],[77.9184937,30.3977392],[77.9183248,30.3978629],[77.9181263,30.3980099],[77.9179467,30.3981588]]}},{"type":"Feature","properties":{"c":"residential"},"geometry":{"type":"LineString","coordinates":[[77.9154588,30.4011839],[77.915542,30.4010867],[77.9155527,30.4010636],[77.9155514,30.4010428],[77.9155044,30.4009954],[77.915203,30.4007726]]}},{"type":"Feature","properties":{"c":"residential"},"geometry":{"type":"LineString","coordinates":[[77.9155615,30.3983],[77.9152751,30.3980307]]}},{"type":"Feature","properties":{"c":"residential"},"geometry":{"type":"LineString","coordinates":[[77.9146408,30.4000353],[77.9148942,30.3997854],[77.914968,30.3997345],[77.9150015,30.3997253],[77.915031,30.3997322],[77.9151566,30.3998346]]}},{"type":"Feature","properties":{"c":"residential"},"geometry":{"type":"LineString","coordinates":[[77.9155558,30.3990147],[77.915723,30.3988843],[77.9157445,30.3988462],[77.9157525,30.3987756],[77.9157458,30.3986877],[77.9156962,30.398616],[77.9154662,30.3983704]]}},{"type":"Feature","properties":{"c":"residential"},"geometry":{"type":"LineString","coordinates":[[77.9168165,30.3994479],[77.9165572,30.3992707],[77.9163882,30.3991458]]}},{"type":"Feature","properties":{"c":"residential"},"geometry":{"type":"LineString","coordinates":[[77.917091,30.4000654],[77.9169662,30.3999925],[77.9169247,30.3999647],[77.9169112,30.3999451],[77.9169139,30.3999173],[77.9170132,30.399782]]}},{"type":"Feature","properties":{"c":"residential"},"geometry":{"type":"LineString","coordinates":[[77.9169877,30.3997654],[77.9172237,30.3995622],[77.9175402,30.3993447],[77.9177186,30.3991863],[77.9177347,30.3991492],[77.917732,30.3991203],[77.9177105,30.3990683]]}},{"type":"Feature","properties":{"c":"residential"},"geometry":{"type":"LineString","coordinates":[[77.9171902,30.3990683],[77.916934,30.3988658]]}},{"type":"Feature","properties":{"c":"residential"},"geometry":{"type":"LineString","coordinates":[[77.9181006,30.3982194],[77.9179654,30.3983349],[77.9178607,30.3984193],[77.9178151,30.398439],[77.9177521,30.398439],[77.9177052,30.3984344],[77.9176757,30.3984436],[77.9175831,30.3985015],[77.9175563,30.3985431],[77.9175456,30.3985824],[77.9175469,30.3986171],[77.9175885,30.3986889],[77.9176207,30.398756],[77.9176193,30.3987768],[77.9176086,30.3988068],[77.9175912,30.3988207],[77.9171902,30.3990683],[77.9169635,30.3992314],[77.9169139,30.3992846],[77.9168165,30.3994479],[77.9167946,30.3994847],[77.9167503,30.399605]]}},{"type":"Feature","properties":{"c":"service"},"geometry":{"type":"LineString","coordinates":[[77.9264554,30.4031725],[77.9269427,30.4027408]]}},{"type":"Feature","properties":{"c":"residential"},"geometry":{"type":"LineString","coordinates":[[77.9238876,30.4057308],[77.9239118,30.4057042],[77.9240446,30.4055562],[77.9241317,30.4054544],[77.9241841,30.405422],[77.9242511,30.4053884],[77.9242887,30.4053537],[77.9243611,30.4052716],[77.9245864,30.4049952]]}},{"type":"Feature","properties":{"c":"residential"},"geometry":{"type":"LineString","coordinates":[[77.9253092,30.3977184],[77.9260839,30.3972815]]}},{"type":"Feature","properties":{"c":"residential"},"geometry":{"type":"LineString","coordinates":[[77.9258407,30.3970444],[77.9260839,30.3972815],[77.9262011,30.3973956],[77.9262869,30.3975263],[77.9262882,30.3975587],[77.9262708,30.3975807],[77.9261729,30.3976351],[77.9256619,30.3978838],[77.9254675,30.3979925],[77.9250464,30.3982366],[77.9248425,30.3983407],[77.924585,30.3985003],[77.924227,30.3987236],[77.9241519,30.3987768],[77.9240674,30.3988612],[77.9240111,30.3989295],[77.9239628,30.3989908],[77.9239373,30.3990428],[77.9239333,30.3991404]]}},{"type":"Feature","properties":{"c":"residential"},"geometry":{"type":"LineString","coordinates":[[77.9246493,30.3981064],[77.9250276,30.3978896]]}},{"type":"Feature","properties":{"c":"residential"},"geometry":{"type":"LineString","coordinates":[[77.9248425,30.3983407],[77.9246493,30.3981064],[77.9244494,30.397864]]}},{"type":"Feature","properties":{"c":"service"},"geometry":{"type":"LineString","coordinates":[[77.9231045,30.3926401],[77.9237516,30.3922206]]}},{"type":"Feature","properties":{"c":"service"},"geometry":{"type":"LineString","coordinates":[[77.9228657,30.3923763],[77.9235365,30.3919204]]}},{"type":"Feature","properties":{"c":"service"},"geometry":{"type":"LineString","coordinates":[[77.9248533,30.3924018],[77.9241461,30.3927738]]}},{"type":"Feature","properties":{"c":"service"},"geometry":{"type":"LineString","coordinates":[[77.9243506,30.3930669],[77.9250437,30.3926725]]}},{"type":"Feature","properties":{"c":"service"},"geometry":{"type":"LineString","coordinates":[[77.9245446,30.3933449],[77.9252395,30.3929548]]}},{"type":"Feature","properties":{"c":"service"},"geometry":{"type":"LineString","coordinates":[[77.9231612,30.3942076],[77.9229422,30.3939635]]}},{"type":"Feature","properties":{"c":"service"},"geometry":{"type":"LineString","coordinates":[[77.9234747,30.3940041],[77.9230763,30.3935355],[77.9230401,30.3935077],[77.9230106,30.3935089],[77.9227652,30.3936662]]}},{"type":"Feature","properties":{"c":"service"},"geometry":{"type":"LineString","coordinates":[[77.9230186,30.3943001],[77.9231612,30.3942076],[77.9234747,30.3940041],[77.9235873,30.3939311],[77.9238495,30.3937633]]}},{"type":"Feature","properties":{"c":"service"},"geometry":{"type":"LineString","coordinates":[[77.9233137,30.393156],[77.923834,30.393746],[77.9238495,30.3937633],[77.9239187,30.3938406],[77.923952,30.3938779],[77.9241237,30.3940514],[77.9241827,30.3940699],[77.9242578,30.3940583],[77.9244268,30.3939681]]}},{"type":"Feature","properties":{"c":"service"},"geometry":{"type":"LineString","coordinates":[[77.9246209,30.3934544],[77.924121,30.3937414],[77.9239187,30.3938406]]}},{"type":"Feature","properties":{"c":"residential"},"geometry":{"type":"LineString","coordinates":[[77.9238725,30.3950513],[77.9235256,30.3945951]]}},{"type":"Feature","properties":{"c":"service"},"geometry":{"type":"LineString","coordinates":[[77.921927,30.3960572],[77.9217357,30.3957334]]}},{"type":"Feature","properties":{"c":"residential"},"geometry":{"type":"LineString","coordinates":[[77.9231259,30.3964448],[77.9228859,30.3962817],[77.9228564,30.3962446],[77.9228456,30.3962192],[77.922851,30.3961914],[77.9229623,30.3960596],[77.9230776,30.3959335],[77.9231581,30.3958606],[77.9233938,30.3956659]]}},{"type":"Feature","properties":{"c":"service"},"geometry":{"type":"LineString","coordinates":[[77.9232936,30.3970544],[77.9235309,30.3968924],[77.9235578,30.3968647],[77.9235859,30.3967652],[77.9236221,30.3966854],[77.9236468,30.3966468],[77.9239297,30.3964443],[77.9240276,30.3963711]]}},{"type":"Feature","properties":{"c":"residential"},"geometry":{"type":"LineString","coordinates":[[77.9243104,30.3979498],[77.9240955,30.3977554],[77.9240325,30.3976952],[77.9240271,30.3976767],[77.9240338,30.3976385],[77.9240392,30.3976015],[77.9240231,30.3975668],[77.923775,30.3972904],[77.9237629,30.3972649],[77.923767,30.3972476],[77.9240258,30.3970949]]}},{"type":"Feature","properties":{"c":"residential"},"geometry":{"type":"LineString","coordinates":[[77.9235417,30.3984286],[77.9233606,30.398203],[77.9232319,30.3980573],[77.9232265,30.3980284],[77.9232413,30.3979971],[77.9233499,30.3979034],[77.9234344,30.3978259]]}},{"type":"Feature","properties":{"c":"residential"},"geometry":{"type":"LineString","coordinates":[[77.9224837,30.3989669],[77.9222126,30.3987016],[77.9221174,30.3986056],[77.9220745,30.398579],[77.9220477,30.398579],[77.9220249,30.3985882],[77.9219109,30.3986889],[77.9216534,30.3989133]]}},{"type":"Feature","properties":{"c":"residential"},"geometry":{"type":"LineString","coordinates":[[77.922726,30.3989442],[77.9226901,30.3988624],[77.9226445,30.3987941],[77.9224701,30.3986195]]}},{"type":"Feature","properties":{"c":"residential"},"geometry":{"type":"LineString","coordinates":[[77.9261139,30.3968381],[77.9260294,30.3969364],[77.925961,30.3969896],[77.9258407,30.3970444],[77.9257706,30.3970764],[77.9253736,30.3973251],[77.9246253,30.3977554],[77.9244494,30.397864],[77.9243104,30.3979498],[77.9242095,30.3980122],[77.9238689,30.3982343],[77.9235417,30.3984286],[77.9230884,30.3986877],[77.9229301,30.3987941],[77.922859,30.3988323],[77.9228,30.3988809],[77.9227594,30.398946]]}},{"type":"Feature","properties":{"c":"track"},"geometry":{"type":"LineString","coordinates":[[77.9250438,30.4061894],[77.9249391,30.4062432],[77.9247929,30.4062779],[77.9246789,30.4062941],[77.9245783,30.4062918],[77.9244697,30.4062721],[77.9242645,30.4062212],[77.9240204,30.4061449],[77.9239842,30.406138],[77.9239628,30.4061484],[77.9239561,30.4061715],[77.9239829,30.4062143],[77.9241492,30.4063519],[77.9242243,30.4064422],[77.9243396,30.4065914],[77.9244603,30.4067811],[77.924573,30.406995],[77.9245931,30.4070436],[77.9245998,30.4070945],[77.9245944,30.4071431],[77.9245555,30.4072032],[77.9244496,30.407283],[77.924345,30.4073351],[77.9243021,30.407379],[77.9241908,30.4074947]]}},{"type":"Feature","properties":{"c":"service"},"geometry":{"type":"LineString","coordinates":[[77.9262668,30.4068932],[77.9261287,30.4068111],[77.9260388,30.4067787],[77.9259972,30.4067764],[77.9258966,30.4067811],[77.9258135,30.4067787],[77.9257438,30.4067614],[77.9256928,30.4067394],[77.9256687,30.4067221],[77.9256566,30.4066908],[77.9256566,30.4066353],[77.9256526,30.4065995],[77.9256378,30.4065347],[77.9256365,30.4065],[77.9256485,30.4064329],[77.9256681,30.4063261]]}},{"type":"Feature","properties":{"c":"residential"},"geometry":{"type":"LineString","coordinates":[[77.9245864,30.4049952],[77.9249136,30.4045927],[77.9250437,30.404455],[77.9250759,30.404418],[77.9251268,30.4043278],[77.9251631,30.4042457],[77.9251979,30.4042318],[77.9252288,30.4042306],[77.925434,30.4043208],[77.9257062,30.4044157],[77.9258296,30.4044851],[77.9259717,30.4045799],[77.9261542,30.4046703],[77.9261796,30.4046829],[77.9262842,30.4047164],[77.9265887,30.4048668],[77.9266517,30.4048876],[77.9267845,30.4049003],[77.9268977,30.4049041]]}},{"type":"Feature","properties":{"c":"residential"},"geometry":{"type":"LineString","coordinates":[[77.9240875,30.405858],[77.9243825,30.4055469],[77.9244013,30.4055041],[77.9243933,30.405474],[77.9242887,30.4053537]]}},{"type":"Feature","properties":{"c":"residential"},"geometry":{"type":"LineString","coordinates":[[77.9241852,30.4059211],[77.924471,30.4055978]]}},{"type":"Feature","properties":{"c":"residential"},"geometry":{"type":"LineString","coordinates":[[77.9253227,30.4054821],[77.9257706,30.4050611],[77.9261542,30.4046703]]}},{"type":"Feature","properties":{"c":"residential"},"geometry":{"type":"LineString","coordinates":[[77.92489,30.406164],[77.925265,30.4057817],[77.9255359,30.4055307]]}},{"type":"Feature","properties":{"c":"residential"},"geometry":{"type":"LineString","coordinates":[[77.9199998,30.4029409],[77.9200789,30.4030196],[77.9200923,30.403045],[77.9200883,30.4030624],[77.9200307,30.4031214],[77.9199569,30.4032128],[77.9199153,30.4032741],[77.9198791,30.4033088],[77.9198308,30.4033296],[77.9197571,30.4033423],[77.9196846,30.4033597],[77.9196149,30.4033747],[77.9195479,30.4033909],[77.9194741,30.4034383],[77.9194204,30.4034626],[77.9193802,30.4034626],[77.9193333,30.4034522],[77.9192641,30.4034152],[77.9190516,30.4032717],[77.9190195,30.4032324],[77.9190047,30.4031885],[77.9190034,30.4031538],[77.9190423,30.4031063],[77.9190785,30.4030647],[77.9190972,30.4030207],[77.919108,30.4029872],[77.9191281,30.4029652],[77.9193566,30.4027644]]}},{"type":"Feature","properties":{"c":"residential"},"geometry":{"type":"LineString","coordinates":[[77.9194231,30.402314],[77.9191147,30.4025696],[77.9188317,30.4028114]]}},{"type":"Feature","properties":{"c":"residential"},"geometry":{"type":"LineString","coordinates":[[77.9198672,30.4022754],[77.9197852,30.4023857],[77.9196283,30.4026529],[77.919517,30.4028149],[77.9194808,30.4028345],[77.9194526,30.402831],[77.9194191,30.4028149],[77.9193566,30.4027644],[77.9192059,30.4026425],[77.9191147,30.4025696]]}},{"type":"Feature","properties":{"c":"residential"},"geometry":{"type":"LineString","coordinates":[[77.9187244,30.404034],[77.9190972,30.4035991],[77.9192641,30.4034152],[77.91958,30.403067],[77.9196672,30.4029779],[77.9197021,30.4029698],[77.9197316,30.402971],[77.9198281,30.4030254],[77.9198751,30.4030288],[77.9199019,30.4030173],[77.9199274,30.4029895],[77.9199998,30.4029409],[77.9200695,30.4028808],[77.9203221,30.4026039]]}},{"type":"Feature","properties":{"c":"service"},"geometry":{"type":"LineString","coordinates":[[77.915837,30.4045989],[77.9160342,30.4042688],[77.9160757,30.4041763],[77.9161307,30.4040826],[77.9161763,30.404056],[77.9162393,30.4040513],[77.9163077,30.4040409],[77.9163574,30.4040201],[77.9164204,30.4039403],[77.9164942,30.4038258],[77.9165022,30.4037761],[77.9164928,30.4037495],[77.9164499,30.4037136],[77.9162192,30.4035875],[77.9160556,30.4034996],[77.916006,30.4034915],[77.9159443,30.4034927],[77.9158799,30.4034938],[77.9158075,30.4034938],[77.9157069,30.4034707],[77.9155634,30.4034337],[77.9154709,30.4034163],[77.9153354,30.4033955],[77.9151919,30.4033793],[77.9151155,30.4033874],[77.9150136,30.4034279],[77.9147806,30.4035134]]}},{"type":"Feature","properties":{"c":"residential"},"geometry":{"type":"LineString","coordinates":[[77.9200682,30.4060073],[77.9200253,30.4060512],[77.9199676,30.4060674],[77.9199328,30.4060662],[77.9197624,30.4060292],[77.9196525,30.40602],[77.9194915,30.4060073],[77.9193199,30.4059772],[77.9191053,30.4059355],[77.9188679,30.4058615],[77.9187445,30.4058326],[77.918601,30.4058002],[77.9184039,30.4057725],[77.9182644,30.4057378],[77.9180968,30.4056822],[77.918027,30.4056626],[77.9179926,30.4056591],[77.9179586,30.4056556],[77.9178138,30.4056591],[77.9177441,30.4056672],[77.9176582,30.4056626],[77.9175952,30.405651],[77.9174799,30.4055886],[77.9173082,30.4054602],[77.9171875,30.4054081],[77.9169032,30.4052855],[77.9167101,30.4052115],[77.9166538,30.4051791],[77.9166028,30.4051201],[77.9165465,30.4050264],[77.9164982,30.4049801],[77.9162635,30.4048124],[77.9160167,30.4046806],[77.915884,30.4046216],[77.915837,30.4045989],[77.9155312,30.4044516],[77.9150109,30.404204],[77.9149787,30.4041786],[77.9149707,30.404145],[77.9149666,30.4040837],[77.9149479,30.4040178],[77.9149304,30.4039773],[77.9148969,30.403938],[77.9148261,30.4038769]]}},{"type":"Feature","properties":{"c":"service"},"geometry":{"type":"LineString","coordinates":[[77.9191377,30.3958358],[77.9194647,30.3955818]]}},{"type":"Feature","properties":{"c":"residential"},"geometry":{"type":"LineString","coordinates":[[77.912676,30.4033631],[77.9130918,30.4036083],[77.9136524,30.4039785],[77.9138052,30.4040525],[77.9139259,30.4040965],[77.9140949,30.404115],[77.9142639,30.4041057],[77.9143926,30.4040594],[77.9144852,30.4040259],[77.9145536,30.4040224],[77.9145831,30.4040178],[77.9146381,30.4039912],[77.9148261,30.4038769]]}},{"type":"Feature","properties":{"c":"residential"},"geometry":{"type":"LineString","coordinates":[[77.9150444,30.4080823],[77.9146416,30.4081875]]}},{"type":"Feature","properties":{"c":"residential"},"geometry":{"type":"LineString","coordinates":[[77.9159349,30.408885],[77.9159564,30.4089567],[77.915955,30.4090133],[77.915955,30.4090677],[77.9159363,30.4091059],[77.9159363,30.409129],[77.915943,30.4091834],[77.9159403,30.4092077],[77.9159296,30.4092273],[77.9158974,30.4092389],[77.9154684,30.4093449]]}},{"type":"Feature","properties":{"c":"residential"},"geometry":{"type":"LineString","coordinates":[[77.9165894,30.4103585],[77.9165942,30.410162]]}},{"type":"Feature","properties":{"c":"residential"},"geometry":{"type":"LineString","coordinates":[[77.9149935,30.4098739],[77.9150659,30.4098924],[77.9151303,30.4099201],[77.9152416,30.4099907],[77.9153234,30.4100288],[77.9154146,30.4100543],[77.9155339,30.4100751],[77.9157364,30.4100936],[77.915841,30.4101006],[77.9158799,30.4100948],[77.9159054,30.4100855],[77.9159349,30.4100474],[77.9160016,30.4099492]]}},{"type":"Feature","properties":{"c":"residential"},"geometry":{"type":"LineString","coordinates":[[77.9142693,30.4094887],[77.9144463,30.4092574],[77.9145549,30.4091209],[77.9146448,30.4090052],[77.9147024,30.4089162],[77.9147105,30.408863],[77.9147024,30.4088225],[77.91463,30.4087173],[77.9145214,30.4086051],[77.9143926,30.4084732],[77.9143511,30.4084131],[77.9143417,30.408376],[77.9143685,30.4083379],[77.9145931,30.4081265]]}},{"type":"Feature","properties":{"c":"residential"},"geometry":{"type":"LineString","coordinates":[[77.9194379,30.3970035],[77.9195291,30.3969167],[77.9195304,30.3968936],[77.9195103,30.3968612],[77.9194915,30.3968346],[77.9194915,30.3968161],[77.9195116,30.3967964],[77.9197279,30.3966392]]}},{"type":"Feature","properties":{"c":"residential"},"geometry":{"type":"LineString","coordinates":[[78.009537,30.4046101],[78.0094238,30.4048016],[78.0094105,30.4048453],[78.0094022,30.4049066],[78.0094162,30.4049568],[78.009452,30.4050004],[78.0095026,30.4050336],[78.0095935,30.405064],[78.009698,30.4050746],[78.0099639,30.4050594],[78.0100413,30.4050542],[78.0100847,30.4050531],[78.0101488,30.4050613],[78.0101898,30.4050737],[78.0102213,30.4050861],[78.0102502,30.4051057],[78.0102789,30.405136],[78.0102987,30.4051617],[78.010315,30.4051933],[78.0103351,30.4052421],[78.0103495,30.4053126],[78.0103622,30.4053888],[78.0103594,30.4054604],[78.0103379,30.4055434],[78.0103116,30.405602],[78.0102853,30.4056441],[78.0100537,30.4059416],[78.0099211,30.4061188],[78.0098879,30.4061575],[78.0098594,30.406197],[78.0098234,30.4062515],[78.0098097,30.4062666],[78.0097932,30.4062785],[78.0097692,30.4062889],[78.0097255,30.4063004],[78.0096766,30.4063133],[78.0096304,30.4063351],[78.0095981,30.4063515],[78.0095657,30.4063738],[78.0095305,30.4064063],[78.009499,30.4064467],[78.0094261,30.4065727],[78.009394,30.4066123],[78.0093618,30.4066419],[78.0093125,30.406669],[78.0091847,30.4067293],[78.0091384,30.4067513],[78.0090975,30.4067709],[78.0090749,30.4067854],[78.0090576,30.4068057],[78.0090465,30.4068266],[78.0090388,30.4068519],[78.0090344,30.4068886],[78.0090389,30.4070036],[78.0090367,30.4070865],[78.0090229,30.4071524],[78.0089956,30.4072451],[78.0089326,30.4074036],[78.0088627,30.4074859],[78.0087989,30.4075359],[78.0086924,30.40761],[78.008576,30.407689],[78.0084708,30.4077433],[78.008293,30.4078044],[78.0081144,30.4078308],[78.007831,30.4078588],[78.0076612,30.4078621],[78.0075378,30.4078521],[78.0074303,30.4078422],[78.0072503,30.4078334],[78.0071819,30.407829],[78.0071248,30.4078215],[78.0070812,30.4078078],[78.0070433,30.4077893],[78.0069863,30.4077422],[78.0069582,30.407719],[78.0069197,30.4076933],[78.0068794,30.407681],[78.0068276,30.4076751],[78.00672,30.407681],[78.0066446,30.4076804],[78.0065743,30.4076727],[78.005237,30.4074267]]}},{"type":"Feature","properties":{"c":"residential"},"geometry":{"type":"LineString","coordinates":[[78.0097305,30.4032666],[78.0092916,30.403336],[78.009126,30.4033572],[78.0089695,30.4033589],[78.0088315,30.4033445],[78.0086976,30.4033115],[78.0085368,30.4032472],[78.0084098,30.4032062],[78.0082964,30.4031826],[78.0081761,30.4031745],[78.0075877,30.4031923],[78.007461,30.4032161],[78.0073647,30.4032506],[78.0073198,30.4032798],[78.0072513,30.4033358],[78.007136,30.4034199],[78.0070475,30.403465],[78.0069916,30.4034822],[78.006923,30.4034994],[78.0068715,30.4035043],[78.0067635,30.4035152],[78.0066768,30.4035263],[78.0065969,30.4035412],[78.0064495,30.4035731],[78.006154,30.403667],[78.0057005,30.4038247],[78.0054841,30.4038821],[78.0053156,30.4039355],[78.0052585,30.4039665],[78.0051982,30.4040112],[78.0051129,30.4040576],[78.0050083,30.4040992],[78.0048253,30.4041589],[78.0047305,30.4041805],[78.0046864,30.4041905],[78.0044763,30.4042111],[78.0043618,30.4042088],[78.0042636,30.4041826],[78.0041644,30.4041348],[78.0040799,30.4040921],[78.004006,30.4040703],[78.0039739,30.4040583],[78.0039255,30.4040487],[78.0038457,30.4040262],[78.0036624,30.4040082],[78.0033844,30.4040043],[78.0031134,30.4040057],[78.0028513,30.4040118],[78.0027697,30.4040072],[78.0026971,30.4039955],[78.0025687,30.4039672],[78.0024358,30.4039349],[78.0014163,30.4036768],[78.0004469,30.4034256],[77.9999116,30.403277],[77.999634,30.4032262],[77.999498,30.4031855],[77.9993903,30.4031517],[77.999286,30.4030955],[77.9992178,30.4030199],[77.9991542,30.4029226],[77.9991221,30.4028525]]}},{"type":"Feature","properties":{"c":"residential"},"geometry":{"type":"LineString","coordinates":[[78.0047305,30.4041805],[78.0047111,30.4045603],[78.0046915,30.4046523],[78.0046721,30.4047172],[78.0046285,30.4048624]]}},{"type":"Feature","properties":{"c":"residential"},"geometry":{"type":"LineString","coordinates":[[78.0073198,30.4032798],[78.0072511,30.4028995],[78.0072316,30.4028327],[78.0072084,30.4027739],[78.0071378,30.4026478],[78.0070936,30.4025492],[78.0070796,30.4024925],[78.0070717,30.4024187],[78.0070706,30.4023697],[78.0070709,30.4022762],[78.0070664,30.4021943],[78.0070567,30.4021017],[78.0070425,30.4020066],[78.0070251,30.4019495],[78.0069958,30.4018676],[78.006969,30.4017595],[78.0069415,30.4015387],[78.0069227,30.401309],[78.0069109,30.4010202],[78.0069146,30.4008805],[78.0069486,30.4007441],[78.0070384,30.4005195],[78.0071182,30.4003722],[78.0071865,30.4002086],[78.0072244,30.4000581],[78.0072358,30.3998193]]}},{"type":"Feature","properties":{"c":"residential"},"geometry":{"type":"LineString","coordinates":[[78.0124683,30.3984591],[78.0122919,30.3985201],[78.0121556,30.3985516],[78.0119753,30.3985955],[78.011894,30.3986176],[78.0118531,30.3986244],[78.0117871,30.3986298],[78.0117257,30.398636],[78.0116889,30.3986463],[78.0116276,30.398667],[78.0115883,30.3986866],[78.0115572,30.3986923],[78.0115346,30.3986914],[78.0115127,30.3986836],[78.0114975,30.3986682],[78.0114543,30.3986229],[78.0114076,30.3985899],[78.011362,30.3985666],[78.0112878,30.3985377],[78.0112273,30.3985145],[78.0111705,30.3984738],[78.011123,30.3984144],[78.0110772,30.3983319],[78.0109857,30.3981296],[78.010933,30.3979777],[78.0108937,30.3978374],[78.0108721,30.397705],[78.0108628,30.397585],[78.0108582,30.3975181],[78.0108347,30.3973957],[78.010812,30.3973133],[78.0107462,30.397058],[78.0106512,30.3967175],[78.0106388,30.3966711],[78.010625,30.3966259],[78.0106204,30.3965952],[78.0106293,30.3965633],[78.0106606,30.3964872],[78.0106791,30.3964537],[78.0106891,30.3964254],[78.0106922,30.3963965],[78.0106801,30.3963619],[78.0105776,30.3962127],[78.0105412,30.3961611],[78.0105166,30.3961106],[78.010508,30.3960545],[78.0105095,30.395932],[78.0105226,30.395835],[78.0105221,30.3957629],[78.0105237,30.3956943],[78.0105204,30.3955741],[78.0104695,30.3953344],[78.0104418,30.3952286],[78.0104304,30.3951765],[78.010438,30.395113],[78.010454,30.3950621],[78.0104794,30.3950263],[78.0105424,30.3949765],[78.0106371,30.3949296],[78.0106889,30.3948963],[78.0107229,30.3948716],[78.0107506,30.3948494],[78.010777,30.3948029],[78.0107974,30.3947058],[78.010823,30.3946645],[78.0108501,30.3946342],[78.0108808,30.394614],[78.0110494,30.3945586],[78.0114047,30.3944188],[78.0130183,30.3937932]]}},{"type":"Feature","properties":{"c":"residential"},"geometry":{"type":"LineString","coordinates":[[78.0114047,30.3944188],[78.0113256,30.3943042],[78.0112492,30.3942059],[78.0110776,30.39403],[78.0110625,30.3940077],[78.0110547,30.3939819],[78.0110579,30.3939487],[78.0110749,30.3939064],[78.011099,30.3938585],[78.0111127,30.3938227],[78.0111297,30.3937745],[78.011146,30.3936988],[78.0111595,30.3936483],[78.0111742,30.3936074],[78.0111862,30.3935774],[78.0112129,30.3935483],[78.0112916,30.3934922],[78.0114007,30.3934209],[78.0115111,30.3933697],[78.0116183,30.3933239],[78.0117111,30.3932971],[78.0118153,30.3932849],[78.0119514,30.3932988],[78.0120237,30.39332],[78.0121063,30.3933653],[78.0121559,30.3933852],[78.0121953,30.3933982],[78.0122632,30.3934106],[78.0123057,30.3934162],[78.0123493,30.3934174],[78.0123899,30.3934102],[78.0124367,30.3933982],[78.0125484,30.3933483],[78.012637,30.3933021],[78.0127144,30.3932545],[78.0130979,30.39295],[78.0131915,30.3928945],[78.0132854,30.3928513],[78.0134904,30.3927747],[78.0138092,30.3926777],[78.0145417,30.3924868]]}},{"type":"Feature","properties":{"c":"residential"},"geometry":{"type":"LineString","coordinates":[[78.0141721,30.3941827],[78.0140822,30.3942073],[78.0140076,30.3942257],[78.0139329,30.3942344],[78.0138197,30.3942439],[78.0136869,30.3942582],[78.0135666,30.39428],[78.01345,30.3943034],[78.0130212,30.3944129],[78.0129394,30.3944266],[78.0129021,30.3944248],[78.0128677,30.394414],[78.0128477,30.3943927],[78.0127533,30.3941256]]}},{"type":"Feature","properties":{"c":"service"},"geometry":{"type":"LineString","coordinates":[[78.014004,30.4004533],[78.0135497,30.4002102]]}},{"type":"Feature","properties":{"c":"service"},"geometry":{"type":"LineString","coordinates":[[78.0109081,30.4029087],[78.0106399,30.4026938],[78.010625,30.402688],[78.0106009,30.4026847],[78.0105848,30.402687],[78.0105744,30.4026934],[78.0104955,30.402798]]}},{"type":"Feature","properties":{"c":"residential"},"geometry":{"type":"LineString","coordinates":[[78.0117753,30.3911283],[78.0120241,30.3919824]]}},{"type":"Feature","properties":{"c":"residential"},"geometry":{"type":"LineString","coordinates":[[78.0121479,30.3910036],[78.0123656,30.3917965]]}},{"type":"Feature","properties":{"c":"residential"},"geometry":{"type":"LineString","coordinates":[[78.0110326,30.3904495],[78.0114126,30.3912763]]}},{"type":"Feature","properties":{"c":"residential"},"geometry":{"type":"LineString","coordinates":[[78.0123404,30.3923839],[78.0120771,30.3924691],[78.0119785,30.3925263],[78.0119273,30.3925885],[78.0119121,30.3926605],[78.0119121,30.3927325],[78.0119382,30.3927933],[78.0120648,30.3929967],[78.0121322,30.3931283],[78.0123057,30.3934162]]}},{"type":"Feature","properties":{"c":"residential"},"geometry":{"type":"LineString","coordinates":[[77.9738366,30.3496248],[77.9737516,30.3498634],[77.9736758,30.3500462],[77.9736552,30.3500808],[77.9736193,30.3501197],[77.9735351,30.350192]]}},{"type":"Feature","properties":{"c":"residential"},"geometry":{"type":"LineString","coordinates":[[77.9910335,30.3483044],[77.991828,30.3478424]]}},{"type":"Feature","properties":{"c":"residential"},"geometry":{"type":"LineString","coordinates":[[77.9907858,30.3479742],[77.9913624,30.3476554]]}},{"type":"Feature","properties":{"c":"residential"},"geometry":{"type":"LineString","coordinates":[[77.9909134,30.3493138],[77.990387,30.3497227],[77.9902707,30.349833],[77.9891566,30.3508583],[77.988835,30.3511594]]}},{"type":"Feature","properties":{"c":"residential"},"geometry":{"type":"LineString","coordinates":[[77.9902707,30.349833],[77.9905157,30.350049],[77.9905319,30.3500724],[77.9905319,30.3500973],[77.9905193,30.35013],[77.9904958,30.3501518],[77.9902721,30.3503931],[77.9902662,30.3504168],[77.9902705,30.3504371],[77.9902791,30.3504538],[77.9902973,30.3504732],[77.990426,30.3505843],[77.9904346,30.3506019],[77.9904346,30.3506167],[77.9904057,30.3506602],[77.9898733,30.3511611],[77.9898612,30.3511768],[77.9898623,30.3511935],[77.989873,30.3512102],[77.9900114,30.3513379]]}},{"type":"Feature","properties":{"c":"service"},"geometry":{"type":"LineString","coordinates":[[77.9742833,30.3372878],[77.9732294,30.3366061]]}},{"type":"Feature","properties":{"c":"service"},"geometry":{"type":"LineString","coordinates":[[77.9742833,30.3372878],[77.9748478,30.3376558],[77.9751568,30.3378618],[77.9754658,30.3380429],[77.9757104,30.3382225],[77.9757791,30.3382929],[77.9757984,30.3383448],[77.9758027,30.3383837],[77.9757834,30.3387596]]}},{"type":"Feature","properties":{"c":"service"},"geometry":{"type":"LineString","coordinates":[[77.9797521,30.335197],[77.9800487,30.3358025],[77.9801209,30.335964]]}},{"type":"Feature","properties":{"c":"service"},"geometry":{"type":"LineString","coordinates":[[77.9795265,30.3381209],[77.979617,30.3379059]]}},{"type":"Feature","properties":{"c":"residential"},"geometry":{"type":"LineString","coordinates":[[77.9740197,30.3353091],[77.9741536,30.3352004],[77.9742287,30.335153],[77.9745492,30.3349967]]}},{"type":"Feature","properties":{"c":"residential"},"geometry":{"type":"LineString","coordinates":[[77.9742816,30.3355138],[77.9740197,30.3353091],[77.9739591,30.3352618],[77.9739001,30.3352201],[77.9738358,30.3351622],[77.9737526,30.3350673],[77.9735702,30.3348428]]}},{"type":"Feature","properties":{"c":"service"},"geometry":{"type":"LineString","coordinates":[[77.9833335,30.3425699],[77.9835132,30.3423315],[77.9837465,30.3421023],[77.983886,30.3419264],[77.9839879,30.3417898],[77.9841592,30.3415519]]}},{"type":"Feature","properties":{"c":"track"},"geometry":{"type":"LineString","coordinates":[[77.9762746,30.3449668],[77.9761273,30.3450934]]}},{"type":"Feature","properties":{"c":"service"},"geometry":{"type":"LineString","coordinates":[[77.9833142,30.3445058],[77.9830607,30.3449114],[77.9830373,30.3449955],[77.9830329,30.3450924],[77.983155,30.3462061],[77.983086,30.34657],[77.9819166,30.3486635],[77.9817781,30.3489322],[77.981584,30.3492591],[77.981527,30.3493231],[77.981464,30.3493694],[77.9813942,30.3494041],[77.9813138,30.3494434],[77.9812682,30.3494666]]}},{"type":"Feature","properties":{"c":"residential"},"geometry":{"type":"LineString","coordinates":[[77.9792185,30.3704765],[77.9791895,30.3704454],[77.9787875,30.3699164],[77.9786074,30.3696794],[77.9783902,30.369382],[77.9783747,30.3693542],[77.9783781,30.3693334],[77.9783949,30.369312],[77.9788488,30.3690708]]}},{"type":"Feature","properties":{"c":"residential"},"geometry":{"type":"LineString","coordinates":[[77.9874144,30.3586541],[77.9873192,30.3585824],[77.9872468,30.3585083],[77.9872254,30.3584551],[77.9872173,30.3583926],[77.9872736,30.3582121],[77.9872897,30.3580755],[77.9872763,30.3580223],[77.9872227,30.3579505],[77.9867882,30.3575339],[77.9864019,30.3571567],[77.9860412,30.3567725],[77.9858494,30.3565595],[77.9858105,30.3565237],[77.9857689,30.356519],[77.9857139,30.3565352]]}},{"type":"Feature","properties":{"c":"residential"},"geometry":{"type":"LineString","coordinates":[[77.9849825,30.3545606],[77.9850924,30.3545022],[77.9853719,30.3543538],[77.9855235,30.3542589],[77.9855399,30.3542452],[77.9855637,30.3542254],[77.9855671,30.3542097],[77.9855637,30.354186],[77.9855195,30.3541293],[77.98538,30.353943],[77.9851761,30.3536803],[77.9844466,30.3526781]]}},{"type":"Feature","properties":{"c":"residential"},"geometry":{"type":"LineString","coordinates":[[77.9840147,30.3532012],[77.9843876,30.3537335],[77.9847229,30.3541872],[77.9849825,30.3545606]]}},{"type":"Feature","properties":{"c":"residential"},"geometry":{"type":"LineString","coordinates":[[77.9837811,30.3552434],[77.9834649,30.3548283],[77.9831658,30.3544406],[77.9827984,30.353921],[77.9823759,30.353347]]}},{"type":"Feature","properties":{"c":"residential"},"geometry":{"type":"LineString","coordinates":[[77.9817295,30.3536386],[77.9822257,30.3542867],[77.9826549,30.3549],[77.9831673,30.3555865]]}},{"type":"Feature","properties":{"c":"residential"},"geometry":{"type":"LineString","coordinates":[[77.9835913,30.35655],[77.9831538,30.3568118],[77.9829781,30.3569559],[77.9829606,30.3569808],[77.982962,30.357008],[77.9830082,30.357056],[77.9830726,30.3571266],[77.983082,30.357148],[77.9830746,30.3571723],[77.9830458,30.3572087],[77.9826924,30.3575004]]}},{"type":"Feature","properties":{"c":"unclassified"},"geometry":{"type":"LineString","coordinates":[[78.0075629,30.3500989],[78.0075694,30.3501274],[78.0075859,30.3501507],[78.0076586,30.350228],[78.0077701,30.3503275],[78.0078385,30.3503702],[78.0078765,30.3503894],[78.0079229,30.3503972],[78.0079542,30.3503945]]}},{"type":"Feature","properties":{"c":"residential"},"geometry":{"type":"LineString","coordinates":[[77.9847671,30.3576693],[77.9849079,30.3577561],[77.9849374,30.3577573],[77.9849803,30.357748],[77.9850286,30.3577214],[77.9855356,30.3572724],[77.9855476,30.3572458],[77.9855463,30.3572145],[77.9855235,30.3571798],[77.9851824,30.3568444]]}},{"type":"Feature","properties":{"c":"residential"},"geometry":{"type":"LineString","coordinates":[[77.9833657,30.355481],[77.9839182,30.3560179],[77.9844922,30.3565433],[77.9849569,30.3569835]]}},{"type":"Feature","properties":{"c":"residential"},"geometry":{"type":"LineString","coordinates":[[77.9791923,30.3566227],[77.9792713,30.3565607],[77.9793343,30.356519],[77.9793625,30.3564832],[77.9793785,30.356445],[77.9793839,30.3563998],[77.9793933,30.3563559],[77.9794188,30.3563049],[77.9794577,30.3562621],[77.979809,30.3559103]]}},{"type":"Feature","properties":{"c":"residential"},"geometry":{"type":"LineString","coordinates":[[77.9808819,30.3555064],[77.9811609,30.3552588],[77.9813567,30.3550898],[77.981472,30.3549973],[77.9815766,30.354944],[77.9817662,30.354856]]}},{"type":"Feature","properties":{"c":"residential"},"geometry":{"type":"LineString","coordinates":[[77.9856637,30.3576296],[77.986017,30.3579667],[77.9863644,30.3583046],[77.9866742,30.3586101],[77.986709,30.3586344],[77.9867399,30.3586472],[77.9867721,30.3586437],[77.986819,30.3586194],[77.9870617,30.3584609]]}},{"type":"Feature","properties":{"c":"residential"},"geometry":{"type":"LineString","coordinates":[[77.9814271,30.358501],[77.9816081,30.3582902],[77.9817523,30.3581305],[77.9819977,30.3579065],[77.9822901,30.3576682],[77.9824322,30.3575362],[77.9824591,30.3575085],[77.9824644,30.3574899],[77.9824497,30.3574575],[77.9823679,30.3573985],[77.9823598,30.3573765],[77.9823652,30.3573522],[77.9825717,30.3571486]]}},{"type":"Feature","properties":{"c":"residential"},"geometry":{"type":"LineString","coordinates":[[77.9862356,30.3526411],[77.986851,30.3523627]]}},{"type":"Feature","properties":{"c":"residential"},"geometry":{"type":"LineString","coordinates":[[77.9863134,30.3529003],[77.9869831,30.3526153]]}},{"type":"Feature","properties":{"c":"residential"},"geometry":{"type":"LineString","coordinates":[[77.9870322,30.3546964],[77.9874721,30.3545228],[77.9879202,30.3543489]]}},{"type":"Feature","properties":{"c":"residential"},"geometry":{"type":"LineString","coordinates":[[77.9874956,30.3535601],[77.9866889,30.353877],[77.9866607,30.3539094],[77.9866567,30.3539407],[77.9866835,30.3540136],[77.9868485,30.3543203],[77.9870322,30.3546964],[77.9873554,30.35529],[77.9875182,30.3556013],[77.9877216,30.3559902],[77.9880246,30.356541],[77.9882674,30.3570224],[77.9883116,30.3570629],[77.9883438,30.357078],[77.9883948,30.357078],[77.9884484,30.3570629],[77.9888038,30.3569102],[77.9891995,30.3567507]]}},{"type":"Feature","properties":{"c":"residential"},"geometry":{"type":"LineString","coordinates":[[77.9890917,30.3565465],[77.9896756,30.356313],[77.9897211,30.3562795],[77.9897359,30.3562471],[77.9897386,30.3562054],[77.989701,30.3561406],[77.9894033,30.3556222],[77.9891646,30.3551616],[77.9889312,30.3547635],[77.9886657,30.3542636],[77.9884887,30.3539002],[77.9882982,30.3535715],[77.9881109,30.3532045],[77.9880407,30.3530669],[77.9877323,30.3524883],[77.9875901,30.3522291],[77.9875097,30.3520971],[77.9874748,30.3520416],[77.9874319,30.3519698]]}},{"type":"Feature","properties":{"c":"residential"},"geometry":{"type":"LineString","coordinates":[[77.9845235,30.3548201],[77.9848248,30.3551222],[77.9852311,30.3555088],[77.9858829,30.3561418]]}},{"type":"Feature","properties":{"c":"residential"},"geometry":{"type":"LineString","coordinates":[[77.9948214,30.3605959],[77.9945639,30.361274],[77.9944579,30.361532],[77.9944539,30.3615575],[77.99447,30.3615772],[77.9945853,30.3616084],[77.9946148,30.3616281],[77.9946229,30.3616483],[77.9946202,30.3616755],[77.9945518,30.3618584],[77.9945173,30.3619565]]}},{"type":"Feature","properties":{"c":"residential"},"geometry":{"type":"LineString","coordinates":[[77.9923671,30.3595174],[77.9929411,30.359765],[77.9931691,30.3598541],[77.9931879,30.359875],[77.9931933,30.3598969],[77.9931879,30.3599293],[77.9929358,30.3603477]]}},{"type":"Feature","properties":{"c":"residential"},"geometry":{"type":"LineString","coordinates":[[77.9920815,30.3601816],[77.9920641,30.3602985],[77.9920372,30.3603552],[77.9919675,30.3604385],[77.9919388,30.3604801],[77.991864,30.3605885]]}},{"type":"Feature","properties":{"c":"residential"},"geometry":{"type":"LineString","coordinates":[[77.9931477,30.3615841],[77.9933193,30.3612971],[77.9934709,30.3610692],[77.9934883,30.3610333],[77.993487,30.3610055],[77.9934682,30.3609847],[77.9932778,30.360891],[77.9932617,30.3608736],[77.993259,30.3608412],[77.9932751,30.3607938],[77.9933703,30.3606283],[77.993373,30.3605947],[77.9933596,30.3605565],[77.9933113,30.360523],[77.9931839,30.3604721],[77.9930871,30.3604236],[77.9929358,30.3603477],[77.992752,30.3602557],[77.9926473,30.360213],[77.9923832,30.3601052]]}},{"type":"Feature","properties":{"c":"residential"},"geometry":{"type":"LineString","coordinates":[[77.9913171,30.3602719],[77.991537,30.3600196],[77.991702,30.3598113],[77.9917462,30.3597338],[77.9917569,30.3596863],[77.9917556,30.3596354],[77.991714,30.3595706],[77.9916698,30.3595185],[77.991541,30.3594017],[77.9914176,30.3592917],[77.9911856,30.3590834],[77.9908302,30.3587594],[77.9904534,30.358403],[77.9900511,30.3580373],[77.989697,30.3576936]]}},{"type":"Feature","properties":{"c":"residential"},"geometry":{"type":"LineString","coordinates":[[77.9916845,30.3538724],[77.9917006,30.3536924],[77.9917372,30.3534975]]}},{"type":"Feature","properties":{"c":"residential"},"geometry":{"type":"LineString","coordinates":[[77.9909912,30.3539742],[77.9909389,30.3537011],[77.9909134,30.3535241],[77.9909053,30.3533933],[77.9909127,30.3532064]]}},{"type":"Feature","properties":{"c":"residential"},"geometry":{"type":"LineString","coordinates":[[77.9919388,30.3604801],[77.9921338,30.360479],[77.9923215,30.3604917],[77.9924141,30.3605068],[77.992457,30.3605126],[77.9924932,30.3605045],[77.99252,30.3604686],[77.9926473,30.360213]]}},{"type":"Feature","properties":{"c":"service"},"geometry":{"type":"LineString","coordinates":[[77.9913452,30.3574275],[77.9917712,30.3571815]]}},{"type":"Feature","properties":{"c":"residential"},"geometry":{"type":"LineString","coordinates":[[77.9911818,30.3562296],[77.9913895,30.3564855],[77.9916269,30.3567921],[77.99171,30.3569229],[77.9917449,30.3570028],[77.9917583,30.3571127],[77.9917712,30.3571815],[77.9917797,30.3572273],[77.9918253,30.3573083],[77.9920094,30.3575207],[77.99206,30.3575791],[77.9922631,30.3578084],[77.9922947,30.3578441],[77.9926676,30.3581264],[77.9932871,30.3586078]]}},{"type":"Feature","properties":{"c":"service"},"geometry":{"type":"LineString","coordinates":[[77.9871207,30.3696794],[77.986705,30.3695429]]}},{"type":"Feature","properties":{"c":"service"},"geometry":{"type":"LineString","coordinates":[[77.9874842,30.3713548],[77.9873595,30.3713652],[77.9873233,30.3713664],[77.987279,30.371349],[77.9872522,30.3713109],[77.9871824,30.3711489],[77.98711,30.370951],[77.9870778,30.3708029],[77.9870322,30.3706444],[77.9869384,30.3704373],[77.986882,30.3703135],[77.9868861,30.3702128],[77.9869249,30.3700936],[77.9869893,30.3699779],[77.9870819,30.3698587],[77.9871449,30.3697928],[77.987161,30.3697477],[77.9871556,30.3697106],[77.9871207,30.3696794]]}},{"type":"Feature","properties":{"c":"residential"},"geometry":{"type":"LineString","coordinates":[[77.9808414,30.3695273],[77.9806043,30.3691529]]}},{"type":"Feature","properties":{"c":"residential"},"geometry":{"type":"LineString","coordinates":[[77.9802771,30.3697824],[77.9806633,30.3696134],[77.9808414,30.3695273],[77.9811964,30.36936]]}},{"type":"Feature","properties":{"c":"residential"},"geometry":{"type":"LineString","coordinates":[[77.9821999,30.3693585],[77.9820889,30.3693184],[77.9820433,30.3693091],[77.981995,30.3693091],[77.9818878,30.3693438],[77.9814479,30.3695348],[77.9814281,30.3695374],[77.9814204,30.3695353],[77.9814023,30.3695255],[77.9813232,30.3694503],[77.9812909,30.3694161],[77.9812467,30.3693913],[77.9812152,30.3693739],[77.9811964,30.36936],[77.981177,30.3693415],[77.9811059,30.369242],[77.9810321,30.3691471]]}},{"type":"Feature","properties":{"c":"residential"},"geometry":{"type":"LineString","coordinates":[[77.9801322,30.3680801],[77.9803576,30.3684563],[77.9803643,30.3685015],[77.9803509,30.3685489],[77.9803589,30.3685825],[77.9803911,30.3686253],[77.9804769,30.368719],[77.9805037,30.3687537],[77.9805091,30.3687861],[77.9804997,30.3688081],[77.9804635,30.3688312],[77.9800411,30.3690488],[77.9797447,30.3692073],[77.9797246,30.3692293],[77.9797219,30.3692582],[77.9799458,30.3695706]]}},{"type":"Feature","properties":{"c":"residential"},"geometry":{"type":"LineString","coordinates":[[77.9817134,30.3664765],[77.9819065,30.3663979],[77.9819307,30.3663805],[77.9819334,30.3663481],[77.9819226,30.366303],[77.98181,30.3661028],[77.9816236,30.3657661],[77.9815115,30.3655957]]}},{"type":"Feature","properties":{"c":"residential"},"geometry":{"type":"LineString","coordinates":[[77.9816772,30.3674346],[77.9819669,30.3673525],[77.9820326,30.3673374],[77.9820688,30.3673189],[77.9820876,30.3672946],[77.9820822,30.3672564],[77.9818422,30.3666987],[77.9817134,30.3664765],[77.9816584,30.3664904],[77.9816276,30.3664881],[77.9815833,30.3664638],[77.9814103,30.3662463],[77.9813755,30.3661734],[77.981362,30.3660877],[77.9813889,30.3659605],[77.9814747,30.3656666],[77.9815115,30.3655957],[77.9815659,30.3654907],[77.9816437,30.3653518],[77.9817027,30.3652754],[77.9818153,30.3651921],[77.9819521,30.365125],[77.9822364,30.3649838],[77.9822955,30.3649642],[77.9823424,30.3649561],[77.9823893,30.3649653],[77.9824483,30.3650116],[77.9825087,30.3650718],[77.982561,30.3650996],[77.9826166,30.3651175]]}},{"type":"Feature","properties":{"c":"residential"},"geometry":{"type":"LineString","coordinates":[[77.9760218,30.3697575],[77.9758179,30.3699339]]}},{"type":"Feature","properties":{"c":"residential"},"geometry":{"type":"LineString","coordinates":[[77.9760908,30.369717],[77.9762015,30.3698101],[77.9763128,30.3698923],[77.9763825,30.3699316],[77.9764335,30.3699363],[77.9764992,30.3699235],[77.9766481,30.3698492],[77.9766776,30.3698344],[77.9770263,30.369662],[77.9771016,30.3696231],[77.9774004,30.3694688],[77.977457,30.369442],[77.977564,30.3693913],[77.9776257,30.369345],[77.9776437,30.3693258],[77.9776539,30.3693149],[77.9777169,30.3692605],[77.9777759,30.3692142],[77.9778202,30.3691818],[77.9783057,30.3689261],[77.9788689,30.3686484],[77.9790641,30.3685618],[77.9792418,30.368483],[77.9797769,30.3682388],[77.9801322,30.3680801],[77.9802744,30.3680166],[77.9802937,30.3680082],[77.9805286,30.3679056],[77.980603,30.3678732],[77.981004,30.3677112],[77.9812829,30.3676012],[77.981519,30.3675098],[77.9816772,30.3674346],[77.9814948,30.3674682],[77.9811703,30.3675839],[77.9807478,30.3677586],[77.9805008,30.3678646],[77.9802597,30.3679681],[77.9798976,30.3681324],[77.9794376,30.3683453],[77.9791251,30.3684841],[77.9790272,30.3685177],[77.9789588,30.3685512],[77.9788315,30.3686109],[77.9786476,30.368697],[77.978248,30.368903],[77.9778671,30.3690927],[77.9777236,30.3691737],[77.9776874,30.3692073],[77.9776485,30.3692582],[77.9776123,30.3692975],[77.9775815,30.3693334],[77.9775386,30.3693635],[77.9774299,30.3694136],[77.9772475,30.3694977],[77.9770789,30.3695815],[77.9767768,30.3697315],[77.9764858,30.3698691],[77.9764355,30.3698917],[77.9764161,30.3698934],[77.9763966,30.3698911],[77.9763832,30.3698825],[77.9762176,30.3697488],[77.9761565,30.3696672]]}},{"type":"Feature","properties":{"c":"residential"},"geometry":{"type":"LineString","coordinates":[[77.97767,30.3704593],[77.9780969,30.3712295]]}},{"type":"Feature","properties":{"c":"residential"},"geometry":{"type":"LineString","coordinates":[[77.9773749,30.371393],[77.9769485,30.3706826]]}},{"type":"Feature","properties":{"c":"residential"},"geometry":{"type":"LineString","coordinates":[[77.9766105,30.3708608],[77.977045,30.3715515]]}},{"type":"Feature","properties":{"c":"residential"},"geometry":{"type":"LineString","coordinates":[[77.9777967,30.3713747],[77.9772931,30.3705356]]}},{"type":"Feature","properties":{"c":"residential"},"geometry":{"type":"LineString","coordinates":[[77.9768212,30.3716591],[77.977045,30.3715515],[77.9773749,30.371393],[77.9774313,30.3713757],[77.9774661,30.3713745],[77.9775104,30.371393],[77.9775546,30.371437],[77.9775922,30.3714485],[77.9776284,30.3714485],[77.9776727,30.3714347],[77.9777967,30.3713747],[77.9780969,30.3712295],[77.9783499,30.3711072],[77.9783928,30.3710771],[77.9784059,30.371052],[77.9784052,30.3710297],[77.9783955,30.3709869],[77.9780066,30.3703551]]}},{"type":"Feature","properties":{"c":"residential"},"geometry":{"type":"LineString","coordinates":[[77.9774299,30.3694136],[77.977457,30.369442],[77.977851,30.3701075]]}},{"type":"Feature","properties":{"c":"residential"},"geometry":{"type":"LineString","coordinates":[[77.9773843,30.3701075],[77.9771016,30.3696231],[77.9770789,30.3695815]]}},{"type":"Feature","properties":{"c":"residential"},"geometry":{"type":"LineString","coordinates":[[77.9795676,30.3695475],[77.9792029,30.3690476],[77.9788689,30.3686484],[77.9788315,30.3686109]]}},{"type":"Feature","properties":{"c":"residential"},"geometry":{"type":"LineString","coordinates":[[77.9813392,30.3691413],[77.9816826,30.3689493],[77.9818408,30.3688706],[77.981877,30.3688567],[77.9819106,30.3688521],[77.9819468,30.3688567],[77.981979,30.3688567],[77.982038,30.3688405],[77.9821345,30.3688058],[77.9822928,30.3687456],[77.9823357,30.3687364],[77.9823799,30.3687317],[77.9824101,30.3687303]]}},{"type":"Feature","properties":{"c":"residential"},"geometry":{"type":"LineString","coordinates":[[77.9777846,30.3672634],[77.9776995,30.3671592],[77.9776378,30.3671187],[77.9775774,30.3670759],[77.9775332,30.3670134],[77.9773146,30.3666594],[77.977041,30.3661664],[77.9767239,30.3656263],[77.9766279,30.3654629],[77.9759869,30.3643752],[77.9759467,30.3643451],[77.9759239,30.3643405],[77.9758769,30.3643428],[77.9758246,30.364352],[77.9755355,30.3644648],[77.9751641,30.3646097],[77.9747901,30.3647555],[77.9746082,30.3648265]]}},{"type":"Feature","properties":{"c":"residential"},"geometry":{"type":"LineString","coordinates":[[77.9805507,30.3684193],[77.9802937,30.3680082],[77.9802597,30.3679681]]}},{"type":"Feature","properties":{"c":"residential"},"geometry":{"type":"LineString","coordinates":[[77.9821229,30.3696023],[77.9827353,30.3692976],[77.983194,30.3690846],[77.9837063,30.3688764],[77.9838216,30.3688324],[77.9839544,30.3687977],[77.9840536,30.3687641],[77.9841582,30.3687213],[77.9845995,30.3684876]]}},{"type":"Feature","properties":{"c":"service"},"geometry":{"type":"LineString","coordinates":[[77.9817751,30.3708237],[77.982101,30.3709325],[77.9821268,30.3709357],[77.9821459,30.3709328],[77.9821677,30.3709224],[77.9821848,30.3708995],[77.98227,30.3706907]]}},{"type":"Feature","properties":{"c":"residential"},"geometry":{"type":"LineString","coordinates":[[77.9871529,30.3678894],[77.986128,30.3664229]]}},{"type":"Feature","properties":{"c":"residential"},"geometry":{"type":"LineString","coordinates":[[77.9865096,30.3662185],[77.986128,30.3664229],[77.985734,30.3666339],[77.9854839,30.3667647],[77.9854591,30.3667924],[77.985443,30.3668323],[77.985435,30.3668879],[77.9854417,30.3669105]]}},{"type":"Feature","properties":{"c":"residential"},"geometry":{"type":"LineString","coordinates":[[77.9869027,30.3683044],[77.9865736,30.367835],[77.9863214,30.3674462],[77.9859325,30.3668931],[77.985734,30.3666339]]}},{"type":"Feature","properties":{"c":"residential"},"geometry":{"type":"LineString","coordinates":[[77.9864421,30.3694017],[77.9865246,30.3693699],[77.9865823,30.3693299],[77.9866064,30.3692871],[77.9866105,30.369231],[77.9865789,30.3690841],[77.986581,30.369017],[77.9865877,30.3689336],[77.9866131,30.3688538],[77.9867198,30.3686276],[77.9868378,30.368417],[77.9869027,30.3683044],[77.9871529,30.3678894],[77.9872777,30.3676093],[77.9873259,30.367489],[77.987338,30.3674358],[77.9873233,30.3673721],[77.9872294,30.3672206],[77.9869223,30.366826],[77.9867184,30.3665205],[77.9865096,30.3662185],[77.9864448,30.3661248],[77.9863107,30.3659211],[77.9862463,30.3658309],[77.9861605,30.3657938],[77.9856992,30.3656642],[77.9854551,30.3655694],[77.9852727,30.3654513],[77.984983,30.3651644],[77.9846075,30.3647964],[77.9842266,30.3644284],[77.983709,30.3639632],[77.9835936,30.3638475],[77.9832193,30.3634108]]}},{"type":"Feature","properties":{"c":"residential"},"geometry":{"type":"LineString","coordinates":[[77.9853009,30.3669602],[77.9854652,30.3672327],[77.9854705,30.3672599],[77.9854719,30.3672813],[77.9854658,30.3672981],[77.9854484,30.3673166],[77.9854289,30.3673345],[77.9854202,30.3673455],[77.9854135,30.3673802],[77.9854859,30.3675584],[77.9856026,30.3677204],[77.9856709,30.3678127],[77.9857421,30.367909],[77.985848,30.3680988],[77.9859057,30.368233],[77.9859352,30.3683048],[77.9859781,30.3683638],[77.9860626,30.368417],[77.9861283,30.368476],[77.9861592,30.3685177],[77.986182,30.3685836],[77.9862034,30.3687028],[77.9862705,30.3688891],[77.986355,30.369043],[77.986418,30.3691321],[77.986473,30.3692108],[77.9864784,30.3692802],[77.9864717,30.3693566],[77.9864421,30.3694017],[77.9863939,30.3694283],[77.9863335,30.3694584],[77.9862867,30.3694874],[77.9862437,30.3695012],[77.9861739,30.3695267],[77.9860988,30.3695776],[77.9860425,30.3696377],[77.9859593,30.3696794],[77.9858494,30.3697095],[77.9857394,30.3697372],[77.9856428,30.3697882],[77.9854712,30.3699478],[77.9851869,30.3702186],[77.9850742,30.370295],[77.9849374,30.3703621],[77.9848033,30.3704107],[77.9846531,30.3704755],[77.9845163,30.3705703],[77.9843688,30.3707161],[77.9842213,30.3709036],[77.9840443,30.3711373],[77.9838914,30.3713155],[77.9837567,30.3714494],[77.9835306,30.3716256],[77.9832704,30.3718003],[77.9830478,30.3719756],[77.98297,30.372008],[77.9828534,30.3720294],[77.9826522,30.3720231],[77.9822532,30.3720068],[77.9819454,30.3720126],[77.9818086,30.3720265],[77.9816544,30.3720525],[77.9813721,30.3721115],[77.9812702,30.3721202],[77.9812085,30.3721098],[77.9811455,30.3720722]]}},{"type":"Feature","properties":{"c":"residential"},"geometry":{"type":"LineString","coordinates":[[77.9825964,30.3680994],[77.9827166,30.3682481],[77.9827568,30.3682805],[77.9828078,30.368292],[77.9828989,30.3682562],[77.9831041,30.3681254],[77.9831779,30.3680988],[77.9832302,30.368093],[77.9832932,30.3681069],[77.9833522,30.3681451],[77.9833925,30.3681532],[77.9834528,30.3681462],[77.9834998,30.3681266],[77.983878,30.3679762]]}},{"type":"Feature","properties":{"c":"residential"},"geometry":{"type":"LineString","coordinates":[[77.9751071,30.355724],[77.9754464,30.3554926],[77.9758367,30.35526],[77.9761438,30.3551037],[77.9762216,30.3550505],[77.9762856,30.3550148]]}},{"type":"Feature","properties":{"c":"residential"},"geometry":{"type":"LineString","coordinates":[[77.99171,30.3581773],[77.9922631,30.3578084]]}},{"type":"Feature","properties":{"c":"residential"},"geometry":{"type":"LineString","coordinates":[[77.9915088,30.3578302],[77.9920094,30.3575207]]}},{"type":"Feature","properties":{"c":"residential"},"geometry":{"type":"LineString","coordinates":[[77.9862864,30.3649165],[77.9865776,30.3651678],[77.9868989,30.365422]]}},{"type":"Feature","properties":{"c":"residential"},"geometry":{"type":"LineString","coordinates":[[77.9858386,30.3652916],[77.9860193,30.3651385],[77.9862235,30.3649653],[77.9862864,30.3649165],[77.9865575,30.3647061]]}},{"type":"Feature","properties":{"c":"residential"},"geometry":{"type":"LineString","coordinates":[[77.9850477,30.3643487],[77.9855369,30.3647443],[77.9860193,30.3651385]]}},{"type":"Feature","properties":{"c":"residential"},"geometry":{"type":"LineString","coordinates":[[77.9848752,30.3645032],[77.9850477,30.3643487],[77.9851949,30.3642167],[77.9852392,30.3642005],[77.9852781,30.3642086],[77.9853277,30.3642317],[77.9855932,30.3644527],[77.9862235,30.3649653]]}},{"type":"Feature","properties":{"c":"residential"},"geometry":{"type":"LineString","coordinates":[[77.9871368,30.3652268],[77.9868989,30.365422],[77.986756,30.3655393],[77.9866621,30.3656064],[77.986587,30.3656156],[77.9865199,30.3655925],[77.9861364,30.3654236],[77.9858386,30.3652916],[77.9855543,30.3651204],[77.9853317,30.3649514],[77.985093,30.3647246],[77.9848752,30.3645032],[77.984747,30.3643729],[77.9846156,30.3642525],[77.9845968,30.3642248],[77.9845988,30.3642068],[77.9846115,30.3641843],[77.9846746,30.3641403],[77.9848047,30.3640304],[77.9848784,30.3639517],[77.9848865,30.3639352],[77.9848878,30.3639184],[77.9848811,30.3638938],[77.9848516,30.3638637],[77.9847604,30.363785],[77.9846477,30.3636983],[77.9846256,30.3636699],[77.9846182,30.363652],[77.9846172,30.3636361],[77.9846223,30.3636254]]}},{"type":"Feature","properties":{"c":"residential"},"geometry":{"type":"LineString","coordinates":[[77.9763825,30.3699316],[77.9763966,30.3698911]]}},{"type":"Feature","properties":{"c":"residential"},"geometry":{"type":"LineString","coordinates":[[77.9776123,30.3692975],[77.9776437,30.3693258]]}},{"type":"Feature","properties":{"c":"residential"},"geometry":{"type":"LineString","coordinates":[[77.9807062,30.3681567],[77.9805286,30.3679056],[77.9805008,30.3678646]]}},{"type":"Feature","properties":{"c":"unclassified"},"geometry":{"type":"LineString","coordinates":[[77.9903617,30.3570522],[77.9900248,30.3573669],[77.989697,30.3576936],[77.9892947,30.3580848],[77.9891807,30.3582283],[77.9891413,30.3583029],[77.9891326,30.3583094],[77.9891185,30.3583153],[77.9891029,30.3583159]]}},{"type":"Feature","properties":{"c":"residential"},"geometry":{"type":"LineString","coordinates":[[77.9868409,30.3628631],[77.9872672,30.3624733],[77.987702,30.3620958],[77.9877574,30.3620707],[77.9878072,30.3620707],[77.9879401,30.3621364],[77.98799,30.3621352],[77.9880481,30.3621018],[77.988109,30.362054],[77.9882821,30.3618622],[77.9883804,30.3617589],[77.9884164,30.3617308],[77.9884558,30.3617243],[77.9884946,30.3617296],[77.9885417,30.3617279],[77.9885991,30.3617099],[77.9886427,30.3616837],[77.9886988,30.3616329],[77.9888006,30.3615487],[77.9888123,30.361523],[77.9888027,30.3614973],[77.9887833,30.3614776],[77.9886102,30.3613456],[77.9885881,30.3613193],[77.9885853,30.3612942],[77.9886213,30.3612464],[77.9887459,30.3610983],[77.9887694,30.3610409],[77.988768,30.3609979],[77.9887307,30.3609657],[77.9886337,30.3608844],[77.9884731,30.3607901],[77.9884482,30.360759],[77.9884385,30.3607339],[77.9884482,30.3607124],[77.9884925,30.3606742],[77.9885562,30.3606419],[77.988595,30.3606192],[77.9886337,30.3605679],[77.9886753,30.3605153],[77.9887279,30.3604544],[77.9887805,30.3604161],[77.988901,30.3603397],[77.9890408,30.3602859]]}},{"type":"Feature","properties":{"c":"residential"},"geometry":{"type":"LineString","coordinates":[[77.9950175,30.3695455],[77.9952384,30.3696953],[77.995374,30.3698044],[77.9954106,30.3698452],[77.9954243,30.3698793],[77.9954212,30.3699345],[77.995406,30.3700594],[77.9953995,30.3701701]]}},{"type":"Feature","properties":{"c":"service"},"geometry":{"type":"LineString","coordinates":[[77.9743404,30.3535944],[77.9749927,30.3532217]]}},{"type":"Feature","properties":{"c":"residential"},"geometry":{"type":"LineString","coordinates":[[77.9760895,30.3688064],[77.9761183,30.3688509],[77.976119,30.3688775],[77.9761103,30.3689001],[77.9760218,30.3689956],[77.9758917,30.3691089],[77.9757696,30.3692004],[77.9757321,30.3692385],[77.9757026,30.3692837],[77.9757012,30.3693323],[77.9757214,30.3693901],[77.9760218,30.3697575]]}},{"type":"Feature","properties":{"c":"residential"},"geometry":{"type":"LineString","coordinates":[[77.9760895,30.3688064],[77.976394,30.3685715],[77.9765555,30.3684874],[77.9767779,30.3684007],[77.9772471,30.3682429]]}},{"type":"Feature","properties":{"c":"residential"},"geometry":{"type":"LineString","coordinates":[[77.9790272,30.3685177],[77.9790641,30.3685618]]}},{"type":"Feature","properties":{"c":"residential"},"geometry":{"type":"LineString","coordinates":[[77.9867657,30.3522112],[77.9865215,30.3517709]]}},{"type":"Feature","properties":{"c":"residential"},"geometry":{"type":"LineString","coordinates":[[77.9923242,30.3535264],[77.9922625,30.3532758],[77.9922713,30.3532313],[77.9922793,30.3532099],[77.9923148,30.3531908],[77.9923417,30.3531856],[77.9924221,30.3531699],[77.9924905,30.3531607],[77.992571,30.3531572],[77.9926917,30.3531607],[77.9927628,30.3531618],[77.9928459,30.3531607],[77.9929076,30.3531468],[77.9931913,30.3530502],[77.9932208,30.3530484],[77.993255,30.3530611],[77.9932885,30.353086],[77.9935145,30.3534166]]}},{"type":"Feature","properties":{"c":"residential"},"geometry":{"type":"LineString","coordinates":[[77.9903984,30.3541721],[77.9908685,30.3543966],[77.9908846,30.3544065],[77.9908886,30.3544227],[77.9908819,30.3544441],[77.9908591,30.3544678],[77.9908396,30.3544875],[77.9908343,30.3545089],[77.9908423,30.3545291],[77.9908644,30.3545523],[77.9909556,30.3546356]]}},{"type":"Feature","properties":{"c":"residential"},"geometry":{"type":"LineString","coordinates":[[77.9923336,30.354548],[77.9928647,30.3544742],[77.9929532,30.3544418],[77.9930122,30.3544024],[77.9931705,30.3542219]]}},{"type":"Feature","properties":{"c":"residential"},"geometry":{"type":"LineString","coordinates":[[77.9806077,30.3709746],[77.9801989,30.3703817]]}},{"type":"Feature","properties":{"c":"residential"},"geometry":{"type":"LineString","coordinates":[[77.9800411,30.3690488],[77.980316,30.3694433]]}},{"type":"Feature","properties":{"c":"service"},"geometry":{"type":"LineString","coordinates":[[77.9784492,30.3700925],[77.9787875,30.3699164]]}},{"type":"Feature","properties":{"c":"residential"},"geometry":{"type":"LineString","coordinates":[[77.9766481,30.3698492],[77.977096,30.3704963]]}},{"type":"Feature","properties":{"c":"residential"},"geometry":{"type":"LineString","coordinates":[[77.9677759,30.3611596],[77.9680583,30.3609442],[77.96812,30.3608782],[77.9682541,30.3605866],[77.9684365,30.3602672],[77.9685143,30.3601943],[77.9686457,30.3601515],[77.968757,30.360177],[77.9688442,30.3602534],[77.9695402,30.3613319],[77.9695845,30.361355],[77.9696368,30.3613596],[77.9696985,30.3613388],[77.9717309,30.3603535],[77.9717782,30.3603279],[77.971799,30.3603164],[77.9718038,30.3603158],[77.971807,30.360316]]}},{"type":"Feature","properties":{"c":"residential"},"geometry":{"type":"LineString","coordinates":[[77.9756321,30.3663219],[77.9763958,30.3659877]]}},{"type":"Feature","properties":{"c":"residential"},"geometry":{"type":"LineString","coordinates":[[77.9754189,30.3659254],[77.9757965,30.3657672],[77.9761939,30.3656304],[77.9766279,30.3654629]]}},{"type":"Feature","properties":{"c":"residential"},"geometry":{"type":"LineString","coordinates":[[77.9751641,30.3646097],[77.9757965,30.3657672]]}},{"type":"Feature","properties":{"c":"residential"},"geometry":{"type":"LineString","coordinates":[[77.9764536,30.3660901],[77.9763958,30.3659877],[77.9761939,30.3656304],[77.9755355,30.3644648]]}},{"type":"Feature","properties":{"c":"residential"},"geometry":{"type":"LineString","coordinates":[[77.9747901,30.3647555],[77.9754189,30.3659254],[77.9756321,30.3663219],[77.9757053,30.366458]]}},{"type":"Feature","properties":{"c":"residential"},"geometry":{"type":"LineString","coordinates":[[77.9767239,30.3656263],[77.9779923,30.3650325]]}},{"type":"Feature","properties":{"c":"residential"},"geometry":{"type":"LineString","coordinates":[[77.9858534,30.3676666],[77.9856709,30.3678127]]}},{"type":"Feature","properties":{"c":"service"},"geometry":{"type":"LineString","coordinates":[[77.986705,30.3695429],[77.9865843,30.3695151],[77.9863536,30.3694919],[77.9862867,30.3694874]]}},{"type":"Feature","properties":{"c":"residential"},"geometry":{"type":"LineString","coordinates":[[77.9845988,30.3642068],[77.9843219,30.3639551],[77.9843105,30.3639193],[77.9843192,30.363888],[77.984346,30.3638406],[77.9846172,30.3636361]]}},{"type":"Feature","properties":{"c":"residential"},"geometry":{"type":"LineString","coordinates":[[77.9937538,30.358381],[77.9942192,30.3578788],[77.9944328,30.357663]]}},{"type":"Feature","properties":{"c":"residential"},"geometry":{"type":"LineString","coordinates":[[77.9942554,30.3581241],[77.9946189,30.3577596]]}},{"type":"Feature","properties":{"c":"residential"},"geometry":{"type":"LineString","coordinates":[[77.9957347,30.3615945],[77.995905,30.3616721],[77.9960498,30.3617461],[77.9960958,30.3617757]]}},{"type":"Feature","properties":{"c":"residential"},"geometry":{"type":"LineString","coordinates":[[77.9957508,30.3608007],[77.9960592,30.3608586],[77.9960961,30.3608788],[77.996131,30.3609095],[77.9961544,30.3609407],[77.9963469,30.3612063],[77.9963643,30.3612584],[77.9963697,30.3613081],[77.9963603,30.3613521],[77.9962979,30.3614765]]}},{"type":"Feature","properties":{"c":"residential"},"geometry":{"type":"LineString","coordinates":[[77.9955938,30.3627216],[77.9958661,30.3627077],[77.9960673,30.3627077],[77.996196,30.3627262],[77.9963569,30.3627575],[77.9964884,30.3627708],[77.9965085,30.3627824],[77.9965112,30.3627974],[77.9965138,30.3628252],[77.9964669,30.3630387],[77.9964522,30.3631359],[77.9964361,30.3632747],[77.996428,30.3634749]]}},{"type":"Feature","properties":{"c":"residential"},"geometry":{"type":"LineString","coordinates":[[77.9950333,30.3624624],[77.995575,30.3626319]]}},{"type":"Feature","properties":{"c":"residential"},"geometry":{"type":"LineString","coordinates":[[77.9942769,30.3626834],[77.9945076,30.3628032],[77.9946578,30.3628975],[77.9947912,30.3629681],[77.9950138,30.3630393],[77.9950453,30.3630465],[77.9950678,30.3630442],[77.9950876,30.3630361],[77.9951043,30.3630248],[77.9951198,30.3630008],[77.9951597,30.3629071],[77.9951647,30.3628987],[77.9951734,30.362894],[77.9951831,30.3628929],[77.9952022,30.3628975]]}},{"type":"Feature","properties":{"c":"service"},"geometry":{"type":"LineString","coordinates":[[77.9955784,30.3630482],[77.9955348,30.3633638]]}},{"type":"Feature","properties":{"c":"residential"},"geometry":{"type":"LineString","coordinates":[[77.9936218,30.359662],[77.99344,30.3599531]]}},{"type":"Feature","properties":{"c":"residential"},"geometry":{"type":"LineString","coordinates":[[77.9930871,30.3604236],[77.9933602,30.35996],[77.9933763,30.3599513],[77.9933985,30.3599496],[77.99344,30.3599531],[77.9936801,30.3600543],[77.9936962,30.3600682],[77.9937029,30.3601076],[77.9936881,30.3601388],[77.993373,30.3605947]]}},{"type":"Feature","properties":{"c":"residential"},"geometry":{"type":"LineString","coordinates":[[77.9887462,30.352935],[77.9881109,30.3532045]]}},{"type":"Feature","properties":{"c":"residential"},"geometry":{"type":"LineString","coordinates":[[77.9882875,30.3563211],[77.9888391,30.3560727]]}},{"type":"Feature","properties":{"c":"residential"},"geometry":{"type":"LineString","coordinates":[[77.9867841,30.3557992],[77.9875182,30.3556013]]}},{"type":"Feature","properties":{"c":"residential"},"geometry":{"type":"LineString","coordinates":[[77.986646,30.3555053],[77.9873554,30.35529]]}},{"type":"Feature","properties":{"c":"service"},"geometry":{"type":"LineString","coordinates":[[77.9836862,30.360869],[77.9839826,30.36063]]}},{"type":"Feature","properties":{"c":"service"},"geometry":{"type":"LineString","coordinates":[[77.9841542,30.3614719],[77.9844268,30.3617302]]}},{"type":"Feature","properties":{"c":"service"},"geometry":{"type":"LineString","coordinates":[[77.9846974,30.3607591],[77.9851152,30.3611125]]}},{"type":"Feature","properties":{"c":"service"},"geometry":{"type":"LineString","coordinates":[[77.9835759,30.360328],[77.9837678,30.3604606]]}},{"type":"Feature","properties":{"c":"residential"},"geometry":{"type":"LineString","coordinates":[[77.9837759,30.3584058],[77.9839222,30.3585725],[77.983935,30.3585934],[77.983937,30.3586142],[77.9839316,30.3586379],[77.9838578,30.3587073]]}},{"type":"Feature","properties":{"c":"residential"},"geometry":{"type":"LineString","coordinates":[[77.9846585,30.3584227],[77.9849153,30.358218]]}},{"type":"Feature","properties":{"c":"residential"},"geometry":{"type":"LineString","coordinates":[[77.9855399,30.3542452],[77.9859526,30.3547299]]}},{"type":"Feature","properties":{"c":"service"},"geometry":{"type":"LineString","coordinates":[[77.9856428,30.3547022],[77.9853714,30.3548392]]}},{"type":"Feature","properties":{"c":"residential"},"geometry":{"type":"LineString","coordinates":[[77.9850924,30.3545022],[77.9853714,30.3548392],[77.9854792,30.3549695]]}},{"type":"Feature","properties":{"c":"residential"},"geometry":{"type":"LineString","coordinates":[[77.931777,30.3416402],[77.9317625,30.3417534],[77.9317641,30.3417835],[77.9317747,30.3418097],[77.9317974,30.3418398],[77.9325773,30.3426137]]}},{"type":"Feature","properties":{"c":"residential"},"geometry":{"type":"LineString","coordinates":[[77.9312108,30.3426887],[77.9314782,30.3423679],[77.9315665,30.3422619],[77.9315754,30.3422454],[77.9315742,30.3422278],[77.9315576,30.3422046],[77.9313123,30.3420082]]}},{"type":"Feature","properties":{"c":"residential"},"geometry":{"type":"LineString","coordinates":[[77.9314868,30.3415377],[77.9309409,30.3414689],[77.930903,30.3414642],[77.9308778,30.3414502],[77.9308615,30.3414252],[77.930627,30.3408911],[77.9306035,30.340874],[77.9305782,30.3408678],[77.9305386,30.3408771],[77.9304032,30.3409316]]}},{"type":"Feature","properties":{"c":"residential"},"geometry":{"type":"LineString","coordinates":[[77.9318691,30.3410771],[77.9318549,30.3405693],[77.9318507,30.3404163]]}},{"type":"Feature","properties":{"c":"residential"},"geometry":{"type":"LineString","coordinates":[[77.9318549,30.3405693],[77.9321276,30.340572]]}},{"type":"Feature","properties":{"c":"residential"},"geometry":{"type":"LineString","coordinates":[[77.9313294,30.3405293],[77.9316879,30.340534]]}},{"type":"Feature","properties":{"c":"residential"},"geometry":{"type":"LineString","coordinates":[[77.9331291,30.3408121],[77.9331076,30.340794],[77.9330986,30.3407722],[77.9331058,30.3407426],[77.9332592,30.3404701]]}},{"type":"Feature","properties":{"c":"residential"},"geometry":{"type":"LineString","coordinates":[[77.9333723,30.3409801],[77.9335104,30.3411123],[77.9337229,30.3413157]]}},{"type":"Feature","properties":{"c":"service"},"geometry":{"type":"LineString","coordinates":[[77.9973758,30.3479727],[77.9973818,30.3481769],[77.997386,30.3482052],[77.9974024,30.3482354],[77.9974229,30.3482585],[77.9974517,30.3482673],[77.9976305,30.3482709],[77.9976695,30.3482673],[77.9976983,30.3482585],[77.9977189,30.3482389],[77.9977353,30.3482159],[77.9977435,30.3481875],[77.9977717,30.347991]]}},{"type":"Feature","properties":{"c":"service"},"geometry":{"type":"LineString","coordinates":[[77.9984586,30.3485741],[77.9984854,30.3485918],[77.9985285,30.348606],[77.9986498,30.3486114],[77.9986888,30.3486043],[77.9987237,30.348583],[77.9987525,30.3485581],[77.9987628,30.3485333],[77.9987607,30.3485032],[77.9987566,30.3484677],[77.998734,30.3484003],[77.9987155,30.3483737],[77.9986909,30.34834],[77.9986559,30.3482957],[77.9985922,30.3482106]]}},{"type":"Feature","properties":{"c":"service"},"geometry":{"type":"LineString","coordinates":[[77.9986165,30.3480218],[77.9986004,30.3481822],[77.9985922,30.3482106],[77.9985737,30.3482443],[77.998547,30.3482833],[77.9985182,30.3483117],[77.9984628,30.3483702],[77.9984299,30.3484145],[77.9984175,30.3484535],[77.9984237,30.3485014],[77.998434,30.3485404],[77.9984586,30.3485741]]}},{"type":"Feature","properties":{"c":"service"},"geometry":{"type":"LineString","coordinates":[[77.9997359,30.3480505],[77.9997442,30.3482298],[77.9997563,30.3482805],[77.9997719,30.3483103],[77.9997891,30.3483357],[77.9998133,30.3483521],[77.999841,30.3483581],[77.9999568,30.34837],[77.9999913,30.3483685],[78.0000241,30.3483596],[78.0000535,30.3483491],[78.0000743,30.3483372],[78.000095,30.3483133],[78.0001088,30.3482835],[78.0001278,30.3481851],[78.000147,30.3480611]]}},{"type":"Feature","properties":{"c":"residential"},"geometry":{"type":"LineString","coordinates":[[77.9335074,30.3419769],[77.9338473,30.3416714]]}},{"type":"Feature","properties":{"c":"residential"},"geometry":{"type":"LineString","coordinates":[[77.9314782,30.3423679],[77.9316336,30.3424709]]}},{"type":"Feature","properties":{"c":"residential"},"geometry":{"type":"LineString","coordinates":[[77.9340916,30.3424493],[77.9337527,30.342753]]}},{"type":"Feature","properties":{"c":"residential"},"geometry":{"type":"LineString","coordinates":[[77.9290522,30.3430692],[77.9290417,30.3427829],[77.9290313,30.3425012],[77.9290383,30.3424693],[77.9290621,30.3424494],[77.9290987,30.3424427],[77.9295766,30.3424316]]}},{"type":"Feature","properties":{"c":"residential"},"geometry":{"type":"LineString","coordinates":[[77.9290417,30.3427829],[77.9294478,30.3427532]]}},{"type":"Feature","properties":{"c":"residential"},"geometry":{"type":"LineString","coordinates":[[77.9295494,30.3419326],[77.9301147,30.3415618]]}},{"type":"Feature","properties":{"c":"residential"},"geometry":{"type":"LineString","coordinates":[[77.9350911,30.3450025],[77.9349243,30.344626],[77.9349051,30.3445997],[77.9348768,30.3445903],[77.9348449,30.3445927],[77.9347183,30.344639],[77.9347011,30.3446593],[77.9347033,30.3446927],[77.9348108,30.3449763]]}},{"type":"Feature","properties":{"c":"residential"},"geometry":{"type":"LineString","coordinates":[[77.9384698,30.3452306],[77.938448,30.3454471],[77.9384589,30.3455094],[77.9384733,30.3455639],[77.9384986,30.3456511],[77.9386573,30.3460077],[77.9387873,30.3462895],[77.9388053,30.3463518],[77.9388117,30.3463976],[77.9388161,30.3464297],[77.9388215,30.3465184],[77.9388161,30.3466243],[77.9388044,30.3467742],[77.9387725,30.3471849],[77.9387413,30.347586],[77.9387043,30.3480616],[77.9386264,30.3487211],[77.9385816,30.3491017],[77.9385361,30.3494723],[77.9385256,30.3495751],[77.938513,30.3497541],[77.9384859,30.3501714],[77.9384859,30.3504206],[77.938495,30.3505249],[77.9385184,30.3506448],[77.9385942,30.3509251],[77.9386592,30.3511322],[77.9387079,30.3512816],[77.938771,30.3514716]]}},{"type":"Feature","properties":{"c":"residential"},"geometry":{"type":"LineString","coordinates":[[77.9365291,30.3520701],[77.9357605,30.3522576]]}},{"type":"Feature","properties":{"c":"residential"},"geometry":{"type":"LineString","coordinates":[[77.9360954,30.3511525],[77.9355306,30.3513342]]}},{"type":"Feature","properties":{"c":"residential"},"geometry":{"type":"LineString","coordinates":[[77.9358961,30.3487605],[77.9363502,30.3488474]]}},{"type":"Feature","properties":{"c":"residential"},"geometry":{"type":"LineString","coordinates":[[77.9357595,30.3500354],[77.9359468,30.3499991],[77.936028,30.3499788],[77.9361038,30.3499492],[77.9361742,30.3499103],[77.9367498,30.3495382]]}},{"type":"Feature","properties":{"c":"residential"},"geometry":{"type":"LineString","coordinates":[[77.9378709,30.3494744],[77.9379055,30.3490977]]}},{"type":"Feature","properties":{"c":"residential"},"geometry":{"type":"LineString","coordinates":[[77.9385816,30.3491017],[77.9379055,30.3490977],[77.937648,30.3490962]]}},{"type":"Feature","properties":{"c":"residential"},"geometry":{"type":"LineString","coordinates":[[77.9386264,30.3487211],[77.9380235,30.3486962]]}},{"type":"Feature","properties":{"c":"residential"},"geometry":{"type":"LineString","coordinates":[[77.9343554,30.3483142],[77.9339123,30.347557]]}},{"type":"Feature","properties":{"c":"residential"},"geometry":{"type":"LineString","coordinates":[[77.934809,30.3481144],[77.9346184,30.3478022],[77.9342128,30.3472096]]}},{"type":"Feature","properties":{"c":"residential"},"geometry":{"type":"LineString","coordinates":[[77.9349419,30.3480435],[77.9350264,30.3482446],[77.9351184,30.3484637]]}},{"type":"Feature","properties":{"c":"residential"},"geometry":{"type":"LineString","coordinates":[[77.9350264,30.3482446],[77.9342841,30.3485412]]}},{"type":"Feature","properties":{"c":"residential"},"geometry":{"type":"LineString","coordinates":[[77.9352773,30.3450155],[77.9353746,30.3454709],[77.9353792,30.3454893],[77.9353708,30.3455057],[77.9353527,30.3455132],[77.9352664,30.3455402],[77.9352562,30.3455484],[77.9352508,30.3455577],[77.9352476,30.3455705],[77.9352427,30.3455788],[77.9352282,30.3455842],[77.934991,30.3456434]]}},{"type":"Feature","properties":{"c":"residential"},"geometry":{"type":"LineString","coordinates":[[77.9336481,30.3449061],[77.9336808,30.3450756],[77.9337023,30.3451478],[77.9337259,30.3452015],[77.9337731,30.3452756],[77.9339752,30.3455781],[77.9339878,30.3456093],[77.933986,30.3456435],[77.9339625,30.3456715],[77.9336343,30.3459377],[77.9334862,30.3460577]]}},{"type":"Feature","properties":{"c":"residential"},"geometry":{"type":"LineString","coordinates":[[77.9336343,30.3459377],[77.9339321,30.3462481],[77.933941,30.346269],[77.9339397,30.3462888],[77.9339232,30.3463075],[77.9337152,30.346476],[77.9336514,30.3465278]]}},{"type":"Feature","properties":{"c":"residential"},"geometry":{"type":"LineString","coordinates":[[77.9337152,30.346476],[77.9340635,30.3468515]]}},{"type":"Feature","properties":{"c":"residential"},"geometry":{"type":"LineString","coordinates":[[77.9349334,30.3471325],[77.9349644,30.3470904],[77.9349987,30.3470639],[77.9350438,30.3470468],[77.9354372,30.3469564],[77.9354877,30.3469362],[77.9355112,30.3469113],[77.9355166,30.3468801],[77.9354433,30.3466429],[77.9354155,30.3465531],[77.9354155,30.3465267],[77.9354209,30.3465018],[77.9354364,30.3464679]]}},{"type":"Feature","properties":{"c":"residential"},"geometry":{"type":"LineString","coordinates":[[77.9354433,30.3466429],[77.934858,30.3467961]]}},{"type":"Feature","properties":{"c":"residential"},"geometry":{"type":"LineString","coordinates":[[77.9344248,30.344945],[77.9345758,30.3455775]]}},{"type":"Feature","properties":{"c":"residential"},"geometry":{"type":"LineString","coordinates":[[77.9331691,30.3448762],[77.9331585,30.3450221],[77.9331657,30.3450798],[77.9331837,30.3451327],[77.9334111,30.3455002]]}},{"type":"Feature","properties":{"c":"service"},"geometry":{"type":"LineString","coordinates":[[78.00127,30.3481004],[78.0012882,30.3482742],[78.0013014,30.3483254],[78.0013129,30.3483538],[78.0013294,30.3483808],[78.0013607,30.3483993],[78.0014051,30.3484106],[78.0014545,30.3484192],[78.0015039,30.3484206],[78.0015451,30.3484192],[78.0015846,30.3484092],[78.0016142,30.348395],[78.0016356,30.3483765],[78.0016653,30.348341],[78.0016949,30.348287],[78.0017163,30.3482373],[78.0017429,30.3481206]]}},{"type":"Feature","properties":{"c":"service"},"geometry":{"type":"LineString","coordinates":[[78.002561,30.3481499],[78.0025491,30.3483117],[78.0025412,30.3483624],[78.0025275,30.3483995],[78.0025001,30.3484266],[78.0024453,30.348462],[78.0024179,30.3484823],[78.0023905,30.3485127],[78.0023709,30.3485432],[78.0023572,30.3485736],[78.0023572,30.3486057],[78.0023728,30.3486513],[78.0023885,30.3486902],[78.0024081,30.3487155],[78.0024316,30.3487307]]}},{"type":"Feature","properties":{"c":"service"},"geometry":{"type":"LineString","coordinates":[[78.0024316,30.3487307],[78.002461,30.3487408],[78.0025843,30.3487527],[78.0026137,30.3487476],[78.0026372,30.3487375],[78.0026705,30.3487206],[78.0026959,30.3487003],[78.0027175,30.3486733],[78.0027292,30.3486361],[78.0027272,30.3485922],[78.0027175,30.3485465],[78.0026998,30.348511],[78.0026548,30.3484671],[78.0026156,30.3484384],[78.0025804,30.3484181],[78.0025275,30.3483995]]}},{"type":"Feature","properties":{"c":"service"},"geometry":{"type":"LineString","coordinates":[[78.0034086,30.3481803],[78.0034164,30.3483347],[78.0034242,30.3484006],[78.003434,30.348436],[78.0034516,30.3484681],[78.003479,30.3484884],[78.0035201,30.3484969],[78.0035926,30.3485053],[78.0036533,30.3485053],[78.0036964,30.3484986],[78.0037257,30.3484867],[78.0037551,30.3484648],[78.0037845,30.3484259],[78.0037982,30.348382],[78.003808,30.3483178],[78.0038202,30.348195]]}},{"type":"Feature","properties":{"c":"residential"},"geometry":{"type":"LineString","coordinates":[[78.0015171,30.3513404],[78.001343,30.3511809],[78.0011702,30.3510005]]}},{"type":"Feature","properties":{"c":"residential"},"geometry":{"type":"LineString","coordinates":[[77.9362418,30.3454885],[77.937489,30.3455521],[77.9375178,30.3455534],[77.9375406,30.3455626],[77.9375497,30.3456097],[77.9375709,30.3458363]]}},{"type":"Feature","properties":{"c":"residential"},"geometry":{"type":"LineString","coordinates":[[77.9363344,30.3464193],[77.9367375,30.3464154],[77.9373068,30.3464075],[77.9373435,30.3464125],[77.9373629,30.3464266],[77.9373716,30.3464472],[77.9373504,30.3469538],[77.9373326,30.3469835],[77.9373045,30.3470055],[77.9371884,30.347033],[77.9367614,30.3470957],[77.9367295,30.3470984],[77.9366976,30.3470984],[77.9366627,30.3470918],[77.9366051,30.3470748],[77.936552,30.3470512],[77.9364989,30.3470303],[77.9364473,30.3470185],[77.9361907,30.3469483]]}},{"type":"Feature","properties":{"c":"residential"},"geometry":{"type":"LineString","coordinates":[[77.9388117,30.3463976],[77.9373435,30.3464125]]}},{"type":"Feature","properties":{"c":"residential"},"geometry":{"type":"LineString","coordinates":[[77.9388044,30.3467742],[77.9377273,30.3467523]]}},{"type":"Feature","properties":{"c":"residential"},"geometry":{"type":"LineString","coordinates":[[77.9387413,30.347586],[77.9379131,30.347539],[77.9378697,30.347539],[77.937834,30.3475456],[77.9378136,30.3475721],[77.937788,30.3477681],[77.9377808,30.3477933],[77.9377592,30.3478088],[77.9377159,30.3478151],[77.937033,30.3478381],[77.9370088,30.3478408],[77.9369871,30.3478507],[77.9369782,30.3478683],[77.9369744,30.3478914],[77.9369712,30.3479036],[77.9369613,30.3479121],[77.9369487,30.347916],[77.9369279,30.347916],[77.9366663,30.3479137],[77.9366104,30.3479098],[77.9365535,30.3479012],[77.9364985,30.3478934],[77.9364349,30.3478851],[77.936353,30.3478764]]}},{"type":"Feature","properties":{"c":"residential"},"geometry":{"type":"LineString","coordinates":[[77.9356013,30.3475127],[77.9355649,30.3475949],[77.9355393,30.3476553],[77.9355144,30.3476972],[77.9354835,30.3477497],[77.935314,30.348033],[77.9353067,30.3480599],[77.9353098,30.3480835],[77.9353143,30.3481123],[77.9353447,30.3481646]]}},{"type":"Feature","properties":{"c":"residential"},"geometry":{"type":"LineString","coordinates":[[77.9359061,30.3487116],[77.9357496,30.3487265],[77.9356788,30.3487413],[77.9355994,30.3487653],[77.9355122,30.348797],[77.9350458,30.3490042],[77.9349986,30.349019],[77.93496,30.3490172],[77.9349406,30.3489987],[77.9348008,30.3487173]]}},{"type":"Feature","properties":{"c":"service"},"geometry":{"type":"LineString","coordinates":[[77.935957,30.3484638],[77.9362524,30.3485223],[77.9362889,30.348526],[77.9363168,30.3485186],[77.9363382,30.3484982],[77.9363597,30.3484852],[77.9363983,30.3484815],[77.9364627,30.3484908],[77.9375227,30.3486222]]}},{"type":"Feature","properties":{"c":"residential"},"geometry":{"type":"LineString","coordinates":[[78.0045896,30.3510706],[78.0046151,30.3511368],[78.0046337,30.351177],[78.0046546,30.3512212],[78.0046849,30.3512513],[78.0048875,30.3514281],[78.0050738,30.3516058],[78.0051248,30.3516599],[78.0051424,30.3516734],[78.0051678,30.3516802],[78.0051933,30.35167],[78.0052501,30.3516177],[78.0052839,30.3515937],[78.0053108,30.3515822],[78.005348,30.3515788]]}},{"type":"Feature","properties":{"c":"residential"},"geometry":{"type":"LineString","coordinates":[[78.004049,30.3488351],[78.0042527,30.3489623],[78.0042721,30.348967],[78.0042915,30.3489647],[78.0043095,30.3489575],[78.0043371,30.34893],[78.0043496,30.3489192],[78.0043648,30.3489157],[78.0043911,30.3489216],[78.0044285,30.3489443],[78.0044631,30.3489694],[78.0044867,30.348979],[78.0045061,30.3489826],[78.0045227,30.3489754],[78.0045808,30.3489228]]}},{"type":"Feature","properties":{"c":"residential"},"geometry":{"type":"LineString","coordinates":[[77.9308399,30.3366276],[77.9308735,30.336278]]}},{"type":"Feature","properties":{"c":"residential"},"geometry":{"type":"LineString","coordinates":[[77.9313965,30.3354563],[77.931485,30.3353046],[77.9315253,30.3352768],[77.9315802,30.3352387],[77.9316057,30.3351923],[77.9316178,30.335131],[77.9316205,30.3350882],[77.9316205,30.3350511],[77.9316044,30.3350175],[77.9315642,30.3349689],[77.9311819,30.3346321],[77.9311363,30.3345823],[77.9310854,30.3345152],[77.9309861,30.334389]]}},{"type":"Feature","properties":{"c":"residential"},"geometry":{"type":"LineString","coordinates":[[77.9293622,30.3365339],[77.9295632,30.3356206]]}},{"type":"Feature","properties":{"c":"residential"},"geometry":{"type":"LineString","coordinates":[[77.9290792,30.3364958],[77.9291756,30.3360905]]}},{"type":"Feature","properties":{"c":"service"},"geometry":{"type":"LineString","coordinates":[[77.935045,30.3402226],[77.934638,30.3402365],[77.9345146,30.3402365],[77.9344046,30.3402273],[77.9342678,30.3402064],[77.9341552,30.3401787],[77.9340988,30.3401578],[77.9340626,30.3401208],[77.9340479,30.3400675],[77.9340323,30.3397788]]}},{"type":"Feature","properties":{"c":"residential"},"geometry":{"type":"LineString","coordinates":[[77.9356915,30.3432409],[77.9355204,30.342887]]}},{"type":"Feature","properties":{"c":"residential"},"geometry":{"type":"LineString","coordinates":[[77.9335104,30.3411123],[77.933667,30.3409483],[77.9336871,30.3409287],[77.9336885,30.3409113],[77.9336831,30.3408905],[77.93349,30.3407481],[77.9334658,30.3407435],[77.9334444,30.3407493],[77.9334149,30.3407655],[77.9332861,30.3409206]]}},{"type":"Feature","properties":{"c":"residential"},"geometry":{"type":"LineString","coordinates":[[78.0072244,30.3483954],[78.0069472,30.3481201]]}},{"type":"Feature","properties":{"c":"residential"},"geometry":{"type":"LineString","coordinates":[[78.0073966,30.3482725],[78.0072831,30.3481713],[78.0072337,30.3481244],[78.0071777,30.3480789],[78.0071168,30.3480334],[78.0070707,30.3479993]]}},{"type":"Feature","properties":{"c":"residential"},"geometry":{"type":"LineString","coordinates":[[78.0063771,30.351895],[78.006535,30.3516774],[78.0065549,30.3516541],[78.0065783,30.3516463],[78.0066162,30.3516432],[78.0066487,30.3516385],[78.0066721,30.3516307],[78.0066866,30.351612],[78.0068274,30.3513913]]}},{"type":"Feature","properties":{"c":"residential"},"geometry":{"type":"LineString","coordinates":[[78.0066455,30.3512868],[78.0067663,30.3511138],[78.0067878,30.351099],[78.0068156,30.3510898],[78.0068478,30.3510935],[78.0068886,30.351112],[78.0069186,30.3511175],[78.0069551,30.351112],[78.006983,30.3510898],[78.0070216,30.3510416]]}},{"type":"Feature","properties":{"c":"residential"},"geometry":{"type":"LineString","coordinates":[[77.9392137,30.3352878],[77.9398066,30.3353173]]}},{"type":"Feature","properties":{"c":"residential"},"geometry":{"type":"LineString","coordinates":[[77.9350018,30.3358997],[77.9346608,30.3358961],[77.9346205,30.3358903],[77.9345991,30.3358764],[77.9345857,30.3358556],[77.9345816,30.3358139],[77.9345267,30.3351333]]}},{"type":"Feature","properties":{"c":"residential"},"geometry":{"type":"LineString","coordinates":[[77.9342635,30.3361666],[77.9342852,30.3362156],[77.934355,30.3362665],[77.9344663,30.3363151],[77.9345066,30.3363255],[77.9345401,30.3363255],[77.9345816,30.3363255],[77.9346313,30.3363116],[77.9346997,30.3362977],[77.93476,30.3363024],[77.9348069,30.3363162],[77.9349518,30.3363278],[77.9350913,30.3363602],[77.935208,30.3363683]]}},{"type":"Feature","properties":{"c":"residential"},"geometry":{"type":"LineString","coordinates":[[77.939231,30.3359895],[77.939183,30.3359991],[77.9388061,30.3361588],[77.9387391,30.3361658],[77.9387029,30.3361519],[77.9386774,30.3361241],[77.9386854,30.336057],[77.9386747,30.3360292],[77.9386519,30.336013],[77.938621,30.336006],[77.9378714,30.3359644],[77.9378512,30.3359597],[77.9378365,30.3359447],[77.9378298,30.3359204],[77.9378459,30.3356681]]}},{"type":"Feature","properties":{"c":"residential"},"geometry":{"type":"LineString","coordinates":[[77.9362715,30.3350652],[77.9362822,30.3357016]]}},{"type":"Feature","properties":{"c":"residential"},"geometry":{"type":"LineString","coordinates":[[77.9356237,30.3354435],[77.9353541,30.3354134],[77.9353259,30.3354134],[77.9353058,30.3354238],[77.9352938,30.3354435],[77.9353112,30.335763]]}},{"type":"Feature","properties":{"c":"residential"},"geometry":{"type":"LineString","coordinates":[[77.9360066,30.3350719],[77.9359804,30.335109],[77.935971,30.3351275],[77.9359697,30.3351507],[77.935971,30.3351738],[77.9359952,30.3352815],[77.9359978,30.3353058],[77.9359885,30.3353243],[77.9359643,30.3353312],[77.9359281,30.3353359],[77.9356693,30.3353567],[77.9356492,30.3353578],[77.935629,30.3353625],[77.935621,30.3353798],[77.9356237,30.3354435],[77.9356545,30.3358544]]}},{"type":"Feature","properties":{"c":"residential"},"geometry":{"type":"LineString","coordinates":[[77.9346004,30.3342004],[77.9348311,30.3349238],[77.9349357,30.3352155],[77.9349518,30.3352803],[77.9349679,30.3353497],[77.9349732,30.3354285],[77.9350018,30.3358997],[77.9350001,30.3359702]]}},{"type":"Feature","properties":{"c":"residential"},"geometry":{"type":"LineString","coordinates":[[77.943272,30.3352438],[77.9432505,30.3351715],[77.9432452,30.3351345],[77.9432452,30.3350951],[77.9432492,30.3350476],[77.9432774,30.3348161]]}},{"type":"Feature","properties":{"c":"residential"},"geometry":{"type":"LineString","coordinates":[[77.9423971,30.3355799],[77.9418558,30.3355836]]}},{"type":"Feature","properties":{"c":"residential"},"geometry":{"type":"LineString","coordinates":[[77.9426529,30.3366526],[77.9426779,30.336425]]}},{"type":"Feature","properties":{"c":"residential"},"geometry":{"type":"LineString","coordinates":[[77.9455127,30.3365107],[77.9457383,30.3365397],[77.9458898,30.3365454],[77.9459267,30.3365419],[77.9459421,30.3365362],[77.9459542,30.3365153],[77.94615,30.3357826]]}},{"type":"Feature","properties":{"c":"residential"},"geometry":{"type":"LineString","coordinates":[[77.9440632,30.3364216],[77.9440901,30.3361345],[77.9441021,30.3360246],[77.9441249,30.3359042],[77.9442724,30.3352051],[77.9443301,30.3349643],[77.9444185,30.3345629],[77.9444602,30.3343196],[77.944483,30.3342698],[77.9444946,30.3342499],[77.9445098,30.3342235],[77.9445742,30.3341541],[77.9446949,30.3340337],[77.9448679,30.3338936],[77.9449082,30.3338542],[77.9449376,30.3337883],[77.944998,30.3335475],[77.9450168,30.3334943],[77.9450463,30.3334422],[77.9450932,30.3333959],[77.9454781,30.3330324],[77.9455841,30.3329236],[77.9456538,30.3328449],[77.9456981,30.3327917],[77.9457302,30.3327465],[77.945761,30.3326864],[77.9459202,30.3323207]]}},{"type":"Feature","properties":{"c":"residential"},"geometry":{"type":"LineString","coordinates":[[77.9431982,30.3353231],[77.9432293,30.335545],[77.9432774,30.335888]]}},{"type":"Feature","properties":{"c":"residential"},"geometry":{"type":"LineString","coordinates":[[77.9430161,30.335553],[77.9430118,30.3353448]]}},{"type":"Feature","properties":{"c":"residential"},"geometry":{"type":"LineString","coordinates":[[77.9423971,30.3355799],[77.9430161,30.335553],[77.9432293,30.335545]]}},{"type":"Feature","properties":{"c":"residential"},"geometry":{"type":"LineString","coordinates":[[77.9417505,30.3352496],[77.9424211,30.3353567]]}},{"type":"Feature","properties":{"c":"residential"},"geometry":{"type":"LineString","coordinates":[[77.940349,30.3361021],[77.9404879,30.3353197]]}},{"type":"Feature","properties":{"c":"residential"},"geometry":{"type":"LineString","coordinates":[[77.9415023,30.3365248],[77.9416117,30.3365142],[77.941656,30.3365026],[77.9416841,30.3364899],[77.9417056,30.336469],[77.9417244,30.3364389],[77.9419537,30.3358324]]}},{"type":"Feature","properties":{"c":"residential"},"geometry":{"type":"LineString","coordinates":[[77.9405679,30.3361753],[77.9407051,30.3358313],[77.9407212,30.335822],[77.94074,30.3358185],[77.9407789,30.3358174],[77.9408003,30.3358104],[77.9408164,30.3357954],[77.9408258,30.3357769],[77.9409197,30.3355211]]}},{"type":"Feature","properties":{"c":"residential"},"geometry":{"type":"LineString","coordinates":[[77.9392531,30.3356001],[77.9398656,30.3356646]]}},{"type":"Feature","properties":{"c":"residential"},"geometry":{"type":"LineString","coordinates":[[77.9469486,30.3376437],[77.9462653,30.3374263]]}},{"type":"Feature","properties":{"c":"residential"},"geometry":{"type":"LineString","coordinates":[[77.9467692,30.3379389],[77.9461044,30.3377365]]}},{"type":"Feature","properties":{"c":"residential"},"geometry":{"type":"LineString","coordinates":[[77.9461661,30.3389538],[77.9471907,30.3392759]]}},{"type":"Feature","properties":{"c":"residential"},"geometry":{"type":"LineString","coordinates":[[77.9462804,30.3387116],[77.9467629,30.338858]]}},{"type":"Feature","properties":{"c":"residential"},"geometry":{"type":"LineString","coordinates":[[77.946385,30.3384578],[77.9468742,30.3386138]]}},{"type":"Feature","properties":{"c":"residential"},"geometry":{"type":"LineString","coordinates":[[77.9464917,30.3382202],[77.9469895,30.3383893]]}},{"type":"Feature","properties":{"c":"residential"},"geometry":{"type":"LineString","coordinates":[[77.9462804,30.3387116],[77.9458972,30.3385829]]}},{"type":"Feature","properties":{"c":"residential"},"geometry":{"type":"LineString","coordinates":[[77.9458972,30.3385829],[77.9453051,30.3383962]]}},{"type":"Feature","properties":{"c":"residential"},"geometry":{"type":"LineString","coordinates":[[77.9460037,30.3383384],[77.9454151,30.3381555]]}},{"type":"Feature","properties":{"c":"residential"},"geometry":{"type":"LineString","coordinates":[[77.9465386,30.3381159],[77.9464917,30.3382202],[77.946385,30.3384578],[77.9462804,30.3387116],[77.9461661,30.3389538],[77.9460856,30.3391242]]}},{"type":"Feature","properties":{"c":"residential"},"geometry":{"type":"LineString","coordinates":[[77.9461232,30.338064],[77.9460037,30.3383384],[77.9458972,30.3385829],[77.9457048,30.3390247]]}},{"type":"Feature","properties":{"c":"residential"},"geometry":{"type":"LineString","coordinates":[[77.9515292,30.337932],[77.9511228,30.338593]]}},{"type":"Feature","properties":{"c":"residential"},"geometry":{"type":"LineString","coordinates":[[77.9512027,30.3378399],[77.9508519,30.3384494]]}},{"type":"Feature","properties":{"c":"residential"},"geometry":{"type":"LineString","coordinates":[[77.9508481,30.3377256],[77.9505126,30.3383024]]}},{"type":"Feature","properties":{"c":"residential"},"geometry":{"type":"LineString","coordinates":[[77.9508894,30.3369656],[77.9507098,30.337542]]}},{"type":"Feature","properties":{"c":"residential"},"geometry":{"type":"LineString","coordinates":[[77.9508894,30.3369656],[77.9508935,30.3369297],[77.9508707,30.3369077],[77.9508292,30.3368903],[77.9501519,30.3367352],[77.9501197,30.3367225],[77.9501069,30.3367005],[77.9501094,30.3366767],[77.9501465,30.3365443],[77.9501498,30.3365113],[77.9501384,30.3364841],[77.9501101,30.3364607],[77.9494478,30.3362792],[77.9493636,30.3362381]]}},{"type":"Feature","properties":{"c":"residential"},"geometry":{"type":"LineString","coordinates":[[77.9440107,30.3367133],[77.9443234,30.3367028]]}},{"type":"Feature","properties":{"c":"residential"},"geometry":{"type":"LineString","coordinates":[[77.9440083,30.3364236],[77.9440107,30.3367133],[77.9440123,30.3368996],[77.944019,30.3369181],[77.9440364,30.3369262],[77.9440659,30.3369285],[77.9442631,30.3369251]]}},{"type":"Feature","properties":{"c":"residential"},"geometry":{"type":"LineString","coordinates":[[77.9446788,30.3364146],[77.9447097,30.3360882],[77.9447164,30.3360269],[77.9447244,30.3359713],[77.9447459,30.3358972],[77.945053,30.3347849]]}},{"type":"Feature","properties":{"c":"residential"},"geometry":{"type":"LineString","coordinates":[[77.9455127,30.3365107],[77.9454767,30.3367527]]}},{"type":"Feature","properties":{"c":"residential"},"geometry":{"type":"LineString","coordinates":[[77.9462776,30.3353593],[77.9461044,30.335315],[77.9460829,30.3353127],[77.9460628,30.3353173],[77.9460521,30.3353382],[77.9458804,30.336028]]}},{"type":"Feature","properties":{"c":"residential"},"geometry":{"type":"LineString","coordinates":[[77.9463485,30.3351993],[77.9462776,30.3353593],[77.9462439,30.3354354],[77.9462412,30.3354562],[77.9462506,30.3354748],[77.946268,30.3354921],[77.9463243,30.3355141]]}},{"type":"Feature","properties":{"c":"residential"},"geometry":{"type":"LineString","coordinates":[[77.943612,30.3416232],[77.943508,30.3412435]]}},{"type":"Feature","properties":{"c":"residential"},"geometry":{"type":"LineString","coordinates":[[77.9431657,30.3417215],[77.943036,30.3411393]]}},{"type":"Feature","properties":{"c":"residential"},"geometry":{"type":"LineString","coordinates":[[77.9427661,30.3418095],[77.9426149,30.3411879]]}},{"type":"Feature","properties":{"c":"residential"},"geometry":{"type":"LineString","coordinates":[[77.9401227,30.3406184],[77.9405613,30.3405755],[77.940968,30.340527]]}},{"type":"Feature","properties":{"c":"residential"},"geometry":{"type":"LineString","coordinates":[[77.9420127,30.341012],[77.9419711,30.3398499]]}},{"type":"Feature","properties":{"c":"residential"},"geometry":{"type":"LineString","coordinates":[[77.9415151,30.3409889],[77.94144,30.3398291]]}},{"type":"Feature","properties":{"c":"residential"},"geometry":{"type":"LineString","coordinates":[[77.9410323,30.3410282],[77.940968,30.340527],[77.9408795,30.3398731]]}},{"type":"Feature","properties":{"c":"residential"},"geometry":{"type":"LineString","coordinates":[[77.9405817,30.341093],[77.9410323,30.3410282],[77.9413006,30.3409993],[77.9414226,30.34099],[77.9415151,30.3409889],[77.9416479,30.3409912],[77.9420127,30.341012],[77.9422608,30.3410305],[77.9423024,30.3410375],[77.9423279,30.3410502],[77.9423453,30.3410687],[77.94236,30.3411023],[77.9425049,30.3417782],[77.942521,30.3418222],[77.9425424,30.3418453],[77.9425719,30.3418523],[77.9426189,30.3418419],[77.9427661,30.3418095],[77.9431657,30.3417215],[77.943612,30.3416232],[77.9439908,30.3415398]]}},{"type":"Feature","properties":{"c":"residential"},"geometry":{"type":"LineString","coordinates":[[77.9401841,30.3411299],[77.9405817,30.341093]]}},{"type":"Feature","properties":{"c":"service"},"geometry":{"type":"LineString","coordinates":[[77.9396323,30.3410124],[77.9396437,30.3414611]]}},{"type":"Feature","properties":{"c":"service"},"geometry":{"type":"LineString","coordinates":[[77.9385549,30.3414928],[77.9396437,30.3414611],[77.9398441,30.3414449],[77.9398951,30.3414402],[77.9399246,30.3414171],[77.93993,30.3413754],[77.9399192,30.3410352],[77.9399058,30.3410027],[77.939871,30.3409842],[77.9397905,30.3409912]]}},{"type":"Feature","properties":{"c":"residential"},"geometry":{"type":"LineString","coordinates":[[77.9402491,30.3416717],[77.9401841,30.3411299],[77.9401227,30.3406184],[77.9400265,30.3398175]]}},{"type":"Feature","properties":{"c":"residential"},"geometry":{"type":"LineString","coordinates":[[77.9385901,30.3417227],[77.9399246,30.3416879],[77.9401177,30.3416787],[77.9402491,30.3416717],[77.9404664,30.3416509],[77.9405335,30.3416324],[77.940563,30.3416092],[77.9405791,30.3415768],[77.9405817,30.341093],[77.9405613,30.3405755],[77.9405361,30.3399402]]}},{"type":"Feature","properties":{"c":"residential"},"geometry":{"type":"LineString","coordinates":[[77.9392235,30.3452624],[77.9391441,30.3445907],[77.9391226,30.3444263],[77.9390877,30.3442712],[77.938959,30.3436416],[77.9387659,30.3427134],[77.9385901,30.3417227]]}},{"type":"Feature","properties":{"c":"residential"},"geometry":{"type":"LineString","coordinates":[[77.9392638,30.3452687],[77.9393359,30.3457573],[77.9393841,30.3459436],[77.9395209,30.3464344],[77.9395585,30.3465709],[77.9395719,30.3466114],[77.939588,30.3466427],[77.9396148,30.3466809],[77.9399635,30.3470778],[77.9403202,30.3474794],[77.940333,30.3474922],[77.940347,30.3474997],[77.9403651,30.3475009],[77.9403826,30.3474945],[77.9404221,30.3474725],[77.9404423,30.3474632],[77.9404651,30.3474586],[77.9404845,30.3474627],[77.9405046,30.3474731],[77.9408741,30.3477167],[77.9409492,30.3477676],[77.9410297,30.3478185],[77.9412885,30.3479632]]}},{"type":"Feature","properties":{"c":"service"},"geometry":{"type":"LineString","coordinates":[[77.9388888,30.3422198],[77.9388814,30.3422389],[77.9388827,30.3422678],[77.9388921,30.3423095],[77.9390088,30.3427227],[77.9390594,30.3429059],[77.9393481,30.3439506],[77.9393602,30.344005],[77.9393642,30.3440456],[77.9393655,30.3441069],[77.939337,30.3445166],[77.9393169,30.3447134],[77.9392638,30.3452687]]}},{"type":"Feature","properties":{"c":"service"},"geometry":{"type":"LineString","coordinates":[[77.9506947,30.3385444],[77.9504871,30.338939],[77.9504697,30.3389622],[77.9504415,30.3389691],[77.9503959,30.3389599],[77.9497603,30.3387214]]}},{"type":"Feature","properties":{"c":"service"},"geometry":{"type":"LineString","coordinates":[[77.9511664,30.3387828],[77.9506947,30.3385444],[77.9504885,30.3384402]]}},{"type":"Feature","properties":{"c":"service"},"geometry":{"type":"LineString","coordinates":[[77.9508533,30.3392504],[77.9508036,30.3393407],[77.9507849,30.3393881],[77.950758,30.3394541],[77.9503412,30.3407405]]}},{"type":"Feature","properties":{"c":"residential"},"geometry":{"type":"LineString","coordinates":[[77.9468448,30.3378146],[77.9474455,30.3380929]]}},{"type":"Feature","properties":{"c":"residential"},"geometry":{"type":"LineString","coordinates":[[77.9471786,30.3375906],[77.9473382,30.3372816]]}},{"type":"Feature","properties":{"c":"residential"},"geometry":{"type":"LineString","coordinates":[[78.0097297,30.350755],[78.0098289,30.3506373],[78.0098501,30.3506177],[78.0098713,30.350602],[78.0099032,30.3505889],[78.0099609,30.3505784],[78.0099867,30.3505692],[78.0100079,30.3505548],[78.0100382,30.3505208],[78.0100853,30.3504697]]}},{"type":"Feature","properties":{"c":"residential"},"geometry":{"type":"LineString","coordinates":[[77.9440364,30.3411231],[77.9453292,30.341431]]}},{"type":"Feature","properties":{"c":"residential"},"geometry":{"type":"LineString","coordinates":[[77.9440364,30.3411231],[77.9423547,30.3407134]]}},{"type":"Feature","properties":{"c":"residential"},"geometry":{"type":"LineString","coordinates":[[77.9451951,30.3443314],[77.9449752,30.3443476],[77.9448894,30.3443476],[77.9448035,30.3443337],[77.9447284,30.3443048],[77.9446641,30.3442655],[77.9446158,30.3442249],[77.9445621,30.3441705],[77.9445313,30.3441219],[77.9445085,30.344071],[77.9444884,30.3439865],[77.9444575,30.3437041],[77.9443757,30.343306],[77.9442864,30.3430056],[77.9442202,30.3427909],[77.9441933,30.3426787],[77.9441746,30.3425826],[77.9441608,30.3424928],[77.944141,30.3423963],[77.9441113,30.3422006],[77.9441014,30.3421462],[77.9440524,30.3418778],[77.9439908,30.3415398],[77.943972,30.3413963],[77.9439667,30.3413407],[77.9439801,30.3412875],[77.9440364,30.3411231],[77.9442832,30.3403407]]}},{"type":"Feature","properties":{"c":"residential"},"geometry":{"type":"LineString","coordinates":[[77.9436719,30.3441765],[77.9430749,30.3443361]]}},{"type":"Feature","properties":{"c":"residential"},"geometry":{"type":"LineString","coordinates":[[77.9435907,30.3439954],[77.9435644,30.3439368],[77.943559,30.3439148],[77.9435657,30.3438962],[77.9436006,30.3438824],[77.9444575,30.3437041]]}},{"type":"Feature","properties":{"c":"residential"},"geometry":{"type":"LineString","coordinates":[[77.9438464,30.3454407],[77.9435436,30.3448984],[77.9433042,30.3444032]]}},{"type":"Feature","properties":{"c":"service"},"geometry":{"type":"LineString","coordinates":[[77.9421282,30.3422979],[77.9421456,30.3422539],[77.942155,30.3422394],[77.9421711,30.3422238],[77.9421926,30.3422059],[77.9422221,30.3421879],[77.9422382,30.3421758],[77.9422496,30.3421613],[77.9422543,30.3421393],[77.9422543,30.342115],[77.9422375,30.3419154]]}},{"type":"Feature","properties":{"c":"service"},"geometry":{"type":"LineString","coordinates":[[77.9390088,30.3427227],[77.9390627,30.3427153],[77.9402051,30.3425467],[77.9403378,30.3425328],[77.9404773,30.3425213],[77.9405658,30.3425143],[77.9406449,30.3425039],[77.9407308,30.3424912],[77.9408327,30.3424727],[77.9409293,30.3424588],[77.9410513,30.3424495],[77.9411787,30.3424414],[77.9414214,30.3424287],[77.9415287,30.3424171],[77.9416199,30.3424044],[77.941691,30.3423882],[77.9420652,30.3423025],[77.9421041,30.3422967],[77.9421282,30.3422979],[77.942151,30.3423106],[77.9421711,30.3423338],[77.9421926,30.3423511],[77.9422167,30.3423639],[77.9422409,30.3423708],[77.9422623,30.3423754],[77.9422824,30.3423858],[77.9422891,30.3424021],[77.9422932,30.342431],[77.9423254,30.3427701]]}},{"type":"Feature","properties":{"c":"residential"},"geometry":{"type":"LineString","coordinates":[[77.944141,30.3423963],[77.9452112,30.3422759],[77.9458764,30.3422065],[77.9459677,30.342198],[77.9460521,30.3421902],[77.9462332,30.3421775],[77.9463592,30.3421683],[77.9464558,30.3421625],[77.9465979,30.3421509],[77.9467334,30.3421347],[77.9470115,30.3420906],[77.9472256,30.3420595],[77.9477459,30.3419657],[77.9478116,30.3419495],[77.9478747,30.3419287],[77.9481952,30.3418187],[77.9483065,30.3417956],[77.9483937,30.3417771],[77.9484715,30.3417701],[77.9485533,30.3417736],[77.9490797,30.3419097],[77.9492694,30.3419588],[77.9493311,30.3419865],[77.9494008,30.3420375],[77.9494438,30.3420977],[77.9497119,30.3425716],[77.9498119,30.3427785]]}},{"type":"Feature","properties":{"c":"residential"},"geometry":{"type":"LineString","coordinates":[[77.9435376,30.3431846],[77.9437065,30.3437412]]}},{"type":"Feature","properties":{"c":"residential"},"geometry":{"type":"LineString","coordinates":[[77.9442864,30.3430056],[77.9435376,30.3431846],[77.9433203,30.3432365]]}},{"type":"Feature","properties":{"c":"residential"},"geometry":{"type":"LineString","coordinates":[[77.9441113,30.3422006],[77.9428313,30.3424872]]}},{"type":"Feature","properties":{"c":"residential"},"geometry":{"type":"LineString","coordinates":[[77.9440524,30.3418778],[77.9428241,30.3421532],[77.9427919,30.3421648],[77.9427677,30.3421833],[77.9427677,30.342218],[77.9428313,30.3424872],[77.9428804,30.3426949],[77.9428992,30.3427203],[77.9429314,30.3427296],[77.9429877,30.3427227],[77.9441608,30.3424928]]}},{"type":"Feature","properties":{"c":"residential"},"geometry":{"type":"LineString","coordinates":[[78.0089303,30.350575],[78.0091167,30.3504078]]}},{"type":"Feature","properties":{"c":"residential"},"geometry":{"type":"LineString","coordinates":[[78.0107772,30.3513217],[78.0111336,30.3509352]]}},{"type":"Feature","properties":{"c":"residential"},"geometry":{"type":"LineString","coordinates":[[78.0144591,30.3523734],[78.0146125,30.352199],[78.0146558,30.3521383],[78.0147264,30.3520277]]}},{"type":"Feature","properties":{"c":"residential"},"geometry":{"type":"LineString","coordinates":[[78.0148831,30.3524139],[78.0150996,30.3521647],[78.0151951,30.3520616]]}},{"type":"Feature","properties":{"c":"residential"},"geometry":{"type":"LineString","coordinates":[[77.9443927,30.3458825],[77.9451775,30.3457942]]}},{"type":"Feature","properties":{"c":"residential"},"geometry":{"type":"LineString","coordinates":[[77.9429323,30.3462987],[77.9430206,30.3465999]]}},{"type":"Feature","properties":{"c":"residential"},"geometry":{"type":"LineString","coordinates":[[77.9429404,30.3459232],[77.9430081,30.3462786]]}},{"type":"Feature","properties":{"c":"residential"},"geometry":{"type":"LineString","coordinates":[[77.9444606,30.3462065],[77.9451649,30.346131]]}},{"type":"Feature","properties":{"c":"residential"},"geometry":{"type":"LineString","coordinates":[[77.9504551,30.3426314],[77.9502524,30.3424912],[77.9502216,30.3424761],[77.950184,30.3424703],[77.9501519,30.3424703],[77.9501009,30.3424784],[77.9497119,30.3425716]]}},{"type":"Feature","properties":{"c":"service"},"geometry":{"type":"LineString","coordinates":[[77.9477736,30.3445084],[77.9475957,30.3439287]]}},{"type":"Feature","properties":{"c":"residential"},"geometry":{"type":"LineString","coordinates":[[77.9458817,30.3415593],[77.9462789,30.3415385]]}},{"type":"Feature","properties":{"c":"residential"},"geometry":{"type":"LineString","coordinates":[[77.9476851,30.3432632],[77.9476078,30.3430803],[77.947589,30.3430525],[77.9475635,30.3430351],[77.9475273,30.3430155],[77.9475045,30.3430039],[77.9474924,30.3429889],[77.9474844,30.3429588],[77.9474227,30.3426104]]}},{"type":"Feature","properties":{"c":"residential"},"geometry":{"type":"LineString","coordinates":[[77.9441014,30.3421462],[77.9459365,30.3419553]]}},{"type":"Feature","properties":{"c":"residential"},"geometry":{"type":"LineString","coordinates":[[77.9472256,30.3420595],[77.9472996,30.342317]]}},{"type":"Feature","properties":{"c":"residential"},"geometry":{"type":"LineString","coordinates":[[77.9470115,30.3420906],[77.9469386,30.3414958],[77.9469399,30.3414692],[77.9469533,30.3414507],[77.9469842,30.3414437],[77.9471666,30.3414275],[77.9472014,30.3414194],[77.9472256,30.341409],[77.947247,30.3413905],[77.947302,30.3412632]]}},{"type":"Feature","properties":{"c":"residential"},"geometry":{"type":"LineString","coordinates":[[77.9467334,30.3421347],[77.9465698,30.3411856]]}},{"type":"Feature","properties":{"c":"residential"},"geometry":{"type":"LineString","coordinates":[[77.9463592,30.3421683],[77.9462789,30.3415385],[77.9462264,30.3411266]]}},{"type":"Feature","properties":{"c":"residential"},"geometry":{"type":"LineString","coordinates":[[77.9459677,30.342198],[77.9459365,30.3419553],[77.9458817,30.3415593],[77.9458174,30.3410953],[77.9458214,30.3410687],[77.9458415,30.3410537],[77.9458711,30.3410525],[77.9459153,30.3410583],[77.9462264,30.3411266],[77.9463163,30.3411486],[77.9464155,30.3411671],[77.9465698,30.3411856],[77.9466583,30.3411856],[77.9467897,30.3411798],[77.9468662,30.3411764],[77.9469077,30.341181],[77.9469748,30.341196],[77.947302,30.3412632],[77.9476118,30.3413199],[77.947703,30.3413314],[77.9477929,30.3413349],[77.9478894,30.3413442],[77.9479457,30.3413569],[77.9480222,30.341387],[77.9480986,30.3414217],[77.948222,30.3415085],[77.9482891,30.3415676],[77.9484715,30.3417701]]}},{"type":"Feature","properties":{"c":"residential"},"geometry":{"type":"LineString","coordinates":[[77.9455908,30.3426289],[77.9456806,30.3430027]]}},{"type":"Feature","properties":{"c":"residential"},"geometry":{"type":"LineString","coordinates":[[77.9442202,30.3427909],[77.9453775,30.3426532],[77.9455908,30.3426289],[77.9457584,30.3426092],[77.9459569,30.3425768],[77.9461446,30.3425375],[77.9472996,30.342317],[77.9473647,30.3423046],[77.9476118,30.3422574],[77.9476614,30.3422527],[77.9477124,30.3422562],[77.9477888,30.3422817],[77.9478398,30.3423002],[77.9478934,30.342306],[77.9479417,30.3423014],[77.9487947,30.3420618],[77.9488309,30.3420479],[77.9488859,30.3420224],[77.9490797,30.3419097]]}},{"type":"Feature","properties":{"c":"residential"},"geometry":{"type":"LineString","coordinates":[[77.9443757,30.343306],[77.9456806,30.3430027],[77.9473838,30.3426243],[77.9474227,30.3426104],[77.9474495,30.3425849],[77.9474562,30.342556],[77.9474482,30.3425155],[77.9473647,30.3423046]]}},{"type":"Feature","properties":{"c":"service"},"geometry":{"type":"LineString","coordinates":[[77.9509793,30.3452967],[77.9510866,30.3452944],[77.9511335,30.345299],[77.9511657,30.3453163],[77.9511872,30.3453407],[77.9512154,30.3453939],[77.9514997,30.3460154]]}},{"type":"Feature","properties":{"c":"residential"},"geometry":{"type":"LineString","coordinates":[[77.9491179,30.3455247],[77.9494317,30.3455756]]}},{"type":"Feature","properties":{"c":"residential"},"geometry":{"type":"LineString","coordinates":[[77.9490226,30.3455096],[77.9488188,30.34549],[77.9487933,30.3454842],[77.9487759,30.3454703],[77.9487638,30.3454529],[77.9487182,30.3451138]]}},{"type":"Feature","properties":{"c":"residential"},"geometry":{"type":"LineString","coordinates":[[77.9506418,30.3443931],[77.9497898,30.3447238]]}},{"type":"Feature","properties":{"c":"residential"},"geometry":{"type":"LineString","coordinates":[[77.9399372,30.3492756],[77.9397127,30.3495742],[77.9397167,30.3496043],[77.9397422,30.3496193],[77.939816,30.3496448],[77.9398388,30.3496552],[77.9398455,30.3496749],[77.9398428,30.3497004],[77.939816,30.3498369]]}},{"type":"Feature","properties":{"c":"residential"},"geometry":{"type":"LineString","coordinates":[[77.9403984,30.3485842],[77.9399219,30.3489388]]}},{"type":"Feature","properties":{"c":"residential"},"geometry":{"type":"LineString","coordinates":[[77.9409527,30.3490483],[77.9405469,30.3495742],[77.9405281,30.3495858],[77.9405053,30.3495916],[77.9404718,30.3495858],[77.9404369,30.3495707],[77.9399372,30.3492756],[77.939757,30.3491692]]}},{"type":"Feature","properties":{"c":"residential"},"geometry":{"type":"LineString","coordinates":[[77.9420216,30.3493063],[77.9416439,30.3491518],[77.9416184,30.3491437],[77.941601,30.3491483],[77.9415795,30.3491611],[77.941428,30.3493555],[77.9413998,30.3493809],[77.9413636,30.349389],[77.941318,30.3493798],[77.9412818,30.349359],[77.9412268,30.3493092],[77.9409527,30.3490483],[77.9408097,30.3489122],[77.9407601,30.3488659],[77.9407118,30.3488208],[77.9406609,30.3487838],[77.9404195,30.3486009],[77.9403984,30.3485842],[77.9403712,30.3485627],[77.9403108,30.3485048],[77.9399715,30.3481553]]}},{"type":"Feature","properties":{"c":"residential"},"geometry":{"type":"LineString","coordinates":[[77.9412758,30.3502751],[77.94098,30.3500765]]}},{"type":"Feature","properties":{"c":"residential"},"geometry":{"type":"LineString","coordinates":[[77.9414849,30.3500288],[77.9412758,30.3502751],[77.9411772,30.3503913]]}},{"type":"Feature","properties":{"c":"residential"},"geometry":{"type":"LineString","coordinates":[[77.9417686,30.3502154],[77.9414849,30.3500288],[77.9412442,30.3498705]]}},{"type":"Feature","properties":{"c":"service"},"geometry":{"type":"LineString","coordinates":[[77.9378275,30.3452064],[77.9378719,30.3447762]]}},{"type":"Feature","properties":{"c":"residential"},"geometry":{"type":"LineString","coordinates":[[77.9321921,30.3428498],[77.9319343,30.3426058]]}},{"type":"Feature","properties":{"c":"track"},"geometry":{"type":"LineString","coordinates":[[77.9403497,30.3371137],[77.9407185,30.3373452],[77.940909,30.3374482],[77.9409693,30.3374795],[77.941027,30.3374911],[77.9410873,30.3374945],[77.9412764,30.3374795],[77.9414052,30.3375374],[77.9414521,30.3375304],[77.941483,30.3375015],[77.941558,30.3373962],[77.9417487,30.3371984]]}},{"type":"Feature","properties":{"c":"residential"},"geometry":{"type":"LineString","coordinates":[[78.0160295,30.3503773],[78.0160732,30.3504255],[78.0161269,30.3504681],[78.0163479,30.3506014]]}},{"type":"Feature","properties":{"c":"service"},"geometry":{"type":"LineString","coordinates":[[78.0128915,30.3518575],[78.013153,30.3514761]]}},{"type":"Feature","properties":{"c":"residential"},"geometry":{"type":"LineString","coordinates":[[78.0122839,30.3518329],[78.012462,30.3516205],[78.0125049,30.3515816],[78.0128354,30.3512631],[78.0129169,30.351189]]}},{"type":"Feature","properties":{"c":"residential"},"geometry":{"type":"LineString","coordinates":[[77.9545476,30.335629],[77.9544925,30.3357529],[77.9544884,30.335797],[77.9544763,30.3358318],[77.9544521,30.3358643],[77.9544158,30.335891],[77.9543647,30.3359108],[77.9542691,30.335934],[77.9542395,30.3359433],[77.9542099,30.3359584],[77.9541776,30.335977],[77.9541481,30.3359874],[77.9541117,30.3359921],[77.9540646,30.3359898],[77.9540001,30.3359828],[77.9530116,30.3358247]]}},{"type":"Feature","properties":{"c":"residential"},"geometry":{"type":"LineString","coordinates":[[77.9527353,30.3363573],[77.953104,30.3364078]]}},{"type":"Feature","properties":{"c":"residential"},"geometry":{"type":"LineString","coordinates":[[77.9539021,30.3366484],[77.9540068,30.3362383]]}},{"type":"Feature","properties":{"c":"residential"},"geometry":{"type":"LineString","coordinates":[[77.9537834,30.336623],[77.9537337,30.3366122],[77.9537175,30.3366168],[77.9537081,30.3366342],[77.953696,30.3366946],[77.9536879,30.3367132],[77.9536704,30.3367213],[77.9536166,30.3367155],[77.953287,30.3366505]]}},{"type":"Feature","properties":{"c":"residential"},"geometry":{"type":"LineString","coordinates":[[77.9526313,30.3366975],[77.9529748,30.3367759],[77.9530017,30.3367852],[77.9530138,30.3367968],[77.9530138,30.3368177],[77.9530058,30.3368409],[77.9530098,30.3368572],[77.9530246,30.3368653],[77.9530569,30.3368723],[77.9535534,30.3369745]]}},{"type":"Feature","properties":{"c":"residential"},"geometry":{"type":"LineString","coordinates":[[77.9529979,30.3383997],[77.9528847,30.3385282],[77.9528551,30.3385665],[77.9528282,30.3386001],[77.9528093,30.3386361],[77.9527313,30.3387825],[77.9527044,30.3388335],[77.9526761,30.3388812],[77.9526479,30.3389183],[77.9523425,30.3392527]]}},{"type":"Feature","properties":{"c":"residential"},"geometry":{"type":"LineString","coordinates":[[77.9524736,30.3382077],[77.9526175,30.3379625]]}},{"type":"Feature","properties":{"c":"residential"},"geometry":{"type":"LineString","coordinates":[[77.9526175,30.3379625],[77.952452,30.3379078]]}},{"type":"Feature","properties":{"c":"residential"},"geometry":{"type":"LineString","coordinates":[[77.9529979,30.3383997],[77.9530152,30.3383633],[77.9530246,30.3383261],[77.9530286,30.3382692],[77.9530448,30.3381217],[77.9530502,30.3380939],[77.9530636,30.3380625],[77.9531336,30.3379046]]}},{"type":"Feature","properties":{"c":"residential"},"geometry":{"type":"LineString","coordinates":[[77.9672017,30.3351397],[77.9679146,30.3351689]]}},{"type":"Feature","properties":{"c":"residential"},"geometry":{"type":"LineString","coordinates":[[77.9699739,30.3354102],[77.9696355,30.3354019]]}},{"type":"Feature","properties":{"c":"residential"},"geometry":{"type":"LineString","coordinates":[[77.9688592,30.333797],[77.9687737,30.3347234],[77.9687486,30.3350981],[77.9687344,30.3353076],[77.9687202,30.3354974],[77.9687189,30.3356662],[77.9687121,30.3358144],[77.9686806,30.3362665]]}},{"type":"Feature","properties":{"c":"residential"},"geometry":{"type":"LineString","coordinates":[[77.9655719,30.3347571],[77.9655933,30.3352084],[77.9656052,30.3352303],[77.965626,30.3352408],[77.965661,30.3352442],[77.9660983,30.3352373],[77.9661211,30.3352332],[77.9661393,30.3352222],[77.9661499,30.3352056],[77.9661298,30.3347455]]}},{"type":"Feature","properties":{"c":"residential"},"geometry":{"type":"LineString","coordinates":[[77.9624836,30.3354549],[77.9632229,30.3354332]]}},{"type":"Feature","properties":{"c":"residential"},"geometry":{"type":"LineString","coordinates":[[77.957439,30.3360426],[77.9574229,30.3360873],[77.9574215,30.3361094],[77.9574363,30.3361326],[77.9574807,30.3361535],[77.957848,30.3363509],[77.9579139,30.3363834],[77.9579637,30.3364008]]}},{"type":"Feature","properties":{"c":"residential"},"geometry":{"type":"LineString","coordinates":[[77.9585691,30.3359192],[77.9585485,30.3355014]]}},{"type":"Feature","properties":{"c":"service"},"geometry":{"type":"LineString","coordinates":[[77.9650064,30.3437083],[77.9652964,30.3438312],[77.9653233,30.3438381],[77.9653522,30.3438399],[77.9653784,30.3438331],[77.9654592,30.3437093],[77.9654666,30.3436837],[77.9654659,30.343657],[77.9654573,30.3436314],[77.9653179,30.3435061],[77.9652971,30.3434881],[77.965288,30.3434698],[77.9652926,30.3434531],[77.9655259,30.3429785],[77.9655525,30.3429407],[77.965591,30.3429336],[77.9656688,30.3429497],[77.9662539,30.3432058],[77.9663405,30.3432541],[77.9664064,30.3432889],[77.966479,30.3433354],[77.9669835,30.3437821],[77.9675897,30.3442867],[77.9684361,30.3449801]]}},{"type":"Feature","properties":{"c":"service"},"geometry":{"type":"LineString","coordinates":[[77.9649504,30.3414487],[77.9648993,30.3420415],[77.9648753,30.3422962],[77.9648698,30.3424555],[77.964878,30.3426027],[77.9649611,30.3430135],[77.9650081,30.3433988],[77.9650071,30.3434387],[77.9650031,30.343477],[77.9649883,30.3435212],[77.9649372,30.3436419]]}},{"type":"Feature","properties":{"c":"track"},"geometry":{"type":"LineString","coordinates":[[77.9714397,30.3410514],[77.9714424,30.3411094]]}},{"type":"Feature","properties":{"c":"track"},"geometry":{"type":"LineString","coordinates":[[77.9715399,30.3404147],[77.9714626,30.3407983],[77.9714467,30.3409036],[77.9714397,30.3410514]]}},{"type":"Feature","properties":{"c":"service"},"geometry":{"type":"LineString","coordinates":[[77.9704266,30.3391579],[77.9697996,30.3389148],[77.9695789,30.3388544],[77.9694444,30.3388452],[77.9693448,30.3388498],[77.9692695,30.3388684],[77.9691995,30.3389102],[77.9691538,30.3389706],[77.9689762,30.3393816],[77.96896,30.3394629],[77.9689547,30.3395349],[77.9689681,30.3396533],[77.9689843,30.3397695],[77.9689923,30.3398275],[77.9689923,30.3398833],[77.9689789,30.3399413],[77.968947,30.3400213]]}},{"type":"Feature","properties":{"c":"residential"},"geometry":{"type":"LineString","coordinates":[[77.9730629,30.3357129],[77.9726573,30.3359816]]}},{"type":"Feature","properties":{"c":"residential"},"geometry":{"type":"LineString","coordinates":[[77.9727542,30.335394],[77.9724515,30.3357064]]}},{"type":"Feature","properties":{"c":"residential"},"geometry":{"type":"LineString","coordinates":[[77.9724036,30.3351935],[77.972177,30.3355113]]}},{"type":"Feature","properties":{"c":"residential"},"geometry":{"type":"LineString","coordinates":[[78.0138982,30.3354655],[78.0140816,30.3356174],[78.0142179,30.3357331]]}},{"type":"Feature","properties":{"c":"residential"},"geometry":{"type":"LineString","coordinates":[[77.9598736,30.3434358],[77.960107,30.3432576]]}},{"type":"Feature","properties":{"c":"residential"},"geometry":{"type":"LineString","coordinates":[[77.9583879,30.3428279],[77.9586849,30.3432994]]}},{"type":"Feature","properties":{"c":"residential"},"geometry":{"type":"LineString","coordinates":[[77.9579269,30.3444019],[77.9577,30.3441551]]}},{"type":"Feature","properties":{"c":"residential"},"geometry":{"type":"LineString","coordinates":[[77.9583092,30.344032],[77.9582126,30.3441011],[77.9582025,30.3441116],[77.9581978,30.3441238],[77.9582005,30.3441383],[77.9582126,30.3441621],[77.9582187,30.3441784],[77.9582173,30.3441923],[77.9582039,30.3442085],[77.9579269,30.3444019],[77.9578346,30.3444663]]}},{"type":"Feature","properties":{"c":"residential"},"geometry":{"type":"LineString","coordinates":[[77.9574649,30.3432682],[77.9577121,30.3436407]]}},{"type":"Feature","properties":{"c":"residential"},"geometry":{"type":"LineString","coordinates":[[77.9543985,30.3442695],[77.9542281,30.3436332]]}},{"type":"Feature","properties":{"c":"residential"},"geometry":{"type":"LineString","coordinates":[[77.9556074,30.3477132],[77.9559106,30.3473935]]}},{"type":"Feature","properties":{"c":"residential"},"geometry":{"type":"LineString","coordinates":[[77.9546511,30.3467131],[77.9550266,30.3463427]]}},{"type":"Feature","properties":{"c":"residential"},"geometry":{"type":"LineString","coordinates":[[77.9548001,30.3469262],[77.9550751,30.3466562],[77.9550858,30.3466469],[77.9551033,30.3466399],[77.9551289,30.3466457],[77.9551558,30.3466596],[77.9551746,30.346662],[77.9551935,30.3466562],[77.955211,30.3466434],[77.9555487,30.3462904],[77.9556428,30.3462103],[77.9561958,30.3457075]]}},{"type":"Feature","properties":{"c":"residential"},"geometry":{"type":"LineString","coordinates":[[77.9565838,30.3438051],[77.9564313,30.3439136],[77.9564097,30.3439275],[77.956403,30.343945],[77.9564097,30.3439624],[77.9564447,30.344017],[77.9564588,30.3440373],[77.9564609,30.3440477],[77.9564548,30.344057],[77.956442,30.3440686],[77.9563485,30.3441197],[77.9563357,30.3441284],[77.9563317,30.3441406],[77.9563384,30.344154],[77.956407,30.3442561]]}},{"type":"Feature","properties":{"c":"residential"},"geometry":{"type":"LineString","coordinates":[[77.9563708,30.345208],[77.9567057,30.3449517],[77.9567125,30.3449377],[77.9567057,30.3449168],[77.9564945,30.3447078],[77.9564918,30.3446939],[77.9564932,30.3446776],[77.9565389,30.3446428],[77.9565483,30.3446265],[77.9565497,30.3446126],[77.9565389,30.3445906],[77.9564111,30.3444559]]}},{"type":"Feature","properties":{"c":"residential"},"geometry":{"type":"LineString","coordinates":[[77.9526788,30.3427803],[77.9524985,30.3426689],[77.9524797,30.3426515],[77.9524716,30.3426317],[77.9524649,30.3426062],[77.9524609,30.3423054]]}},{"type":"Feature","properties":{"c":"residential"},"geometry":{"type":"LineString","coordinates":[[77.9530054,30.3433985],[77.9529883,30.3433621],[77.9529681,30.3433423],[77.9529412,30.3433296],[77.9528981,30.3433296],[77.9528093,30.3433342],[77.9527744,30.3433342],[77.9527461,30.3433296],[77.9527273,30.3433098],[77.9527111,30.3432657],[77.9526398,30.3428442],[77.9526438,30.3428152],[77.952656,30.342792],[77.9526788,30.3427803],[77.9527286,30.3427722],[77.9531147,30.3427467]]}},{"type":"Feature","properties":{"c":"residential"},"geometry":{"type":"LineString","coordinates":[[77.9574502,30.3387186],[77.9577081,30.3393538]]}},{"type":"Feature","properties":{"c":"residential"},"geometry":{"type":"LineString","coordinates":[[77.9566865,30.3388999],[77.9567676,30.3389137],[77.9568174,30.3389171],[77.956886,30.3389183],[77.9569452,30.338909],[77.9570044,30.3388904],[77.9574502,30.3387186],[77.9576852,30.338628],[77.9578588,30.3385374],[77.9579516,30.3384887],[77.9580256,30.3384538],[77.9581117,30.3384178],[77.9582086,30.3383865],[77.9590105,30.3381984],[77.9590522,30.3381937],[77.9590885,30.3381949],[77.9591208,30.3382088],[77.9591396,30.3382379],[77.959293,30.3386071]]}},{"type":"Feature","properties":{"c":"residential"},"geometry":{"type":"LineString","coordinates":[[77.9567032,30.3406287],[77.9572654,30.3406334]]}},{"type":"Feature","properties":{"c":"residential"},"geometry":{"type":"LineString","coordinates":[[77.9567273,30.3408795],[77.9576852,30.3409074],[77.9578682,30.3408981],[77.9579705,30.3408888],[77.9580307,30.3408726],[77.9580996,30.340854],[77.9582665,30.3407959]]}},{"type":"Feature","properties":{"c":"residential"},"geometry":{"type":"LineString","coordinates":[[77.9578897,30.3400621],[77.9580307,30.3408726]]}},{"type":"Feature","properties":{"c":"residential"},"geometry":{"type":"LineString","coordinates":[[77.9576753,30.340016],[77.9577471,30.340458]]}},{"type":"Feature","properties":{"c":"residential"},"geometry":{"type":"LineString","coordinates":[[77.9567032,30.3400593],[77.9572708,30.3400644],[77.9573051,30.3400609],[77.957326,30.3400563],[77.957359,30.3400423],[77.9574498,30.3400046],[77.957474,30.339997],[77.9575043,30.3399895],[77.9575379,30.3399866],[77.9575682,30.3399889],[77.9576753,30.340016],[77.9578023,30.3400481],[77.9578413,30.3400586],[77.9578897,30.3400621],[77.9579261,30.3400598],[77.9580337,30.3400516]]}},{"type":"Feature","properties":{"c":"residential"},"geometry":{"type":"LineString","coordinates":[[77.9588652,30.337367],[77.9587979,30.3371498],[77.9587871,30.3371277],[77.9587683,30.3371138],[77.9587441,30.3371173],[77.9586835,30.3371359],[77.958666,30.3371463],[77.9586566,30.3371661],[77.958662,30.3371951],[77.9587427,30.3374008]]}},{"type":"Feature","properties":{"c":"residential"},"geometry":{"type":"LineString","coordinates":[[77.9590798,30.3373983],[77.9593199,30.3380207]]}},{"type":"Feature","properties":{"c":"residential"},"geometry":{"type":"LineString","coordinates":[[77.9594859,30.3372769],[77.9595567,30.3376305]]}},{"type":"Feature","properties":{"c":"residential"},"geometry":{"type":"LineString","coordinates":[[77.959854,30.3371855],[77.9599335,30.3375783]]}},{"type":"Feature","properties":{"c":"residential"},"geometry":{"type":"LineString","coordinates":[[77.9713206,30.3497911],[77.9710966,30.3495356]]}},{"type":"Feature","properties":{"c":"residential"},"geometry":{"type":"LineString","coordinates":[[77.9718617,30.3495888],[77.9715971,30.3492535]]}},{"type":"Feature","properties":{"c":"residential"},"geometry":{"type":"LineString","coordinates":[[77.9721353,30.3495031],[77.9723088,30.3497551]]}},{"type":"Feature","properties":{"c":"residential"},"geometry":{"type":"LineString","coordinates":[[77.9693757,30.3507133],[77.9686829,30.3500337]]}},{"type":"Feature","properties":{"c":"residential"},"geometry":{"type":"LineString","coordinates":[[77.969891,30.3503743],[77.9693757,30.3507133],[77.9690007,30.35096],[77.9688309,30.3510717]]}},{"type":"Feature","properties":{"c":"residential"},"geometry":{"type":"LineString","coordinates":[[77.9703358,30.3510382],[77.9695628,30.351557],[77.9695278,30.3515663],[77.9694901,30.351564],[77.9694552,30.3515361],[77.9690007,30.35096]]}},{"type":"Feature","properties":{"c":"residential"},"geometry":{"type":"LineString","coordinates":[[77.9700827,30.3507097],[77.9694471,30.3511251]]}},{"type":"Feature","properties":{"c":"residential"},"geometry":{"type":"LineString","coordinates":[[77.9727216,30.3518029],[77.9728786,30.3519587],[77.9728921,30.3519698],[77.9729109,30.3519744],[77.9729277,30.3519738],[77.972956,30.3519646],[77.9731343,30.3518479]]}},{"type":"Feature","properties":{"c":"service"},"geometry":{"type":"LineString","coordinates":[[77.9665245,30.3477725],[77.9671518,30.3473609]]}},{"type":"Feature","properties":{"c":"service"},"geometry":{"type":"LineString","coordinates":[[77.9657083,30.3471537],[77.9662328,30.3467618]]}},{"type":"Feature","properties":{"c":"residential"},"geometry":{"type":"LineString","coordinates":[[77.9671815,30.3466122],[77.9666623,30.3461133],[77.9661023,30.3455752],[77.9660929,30.3455554],[77.9660983,30.3455345],[77.9661238,30.3455113],[77.9663257,30.3453488]]}},{"type":"Feature","properties":{"c":"residential"},"geometry":{"type":"LineString","coordinates":[[77.9655631,30.3469828],[77.9666623,30.3461133]]}},{"type":"Feature","properties":{"c":"unclassified"},"geometry":{"type":"LineString","coordinates":[[77.9642505,30.3433333],[77.9645078,30.3434453],[77.9648847,30.3436166]]}},{"type":"Feature","properties":{"c":"unclassified"},"geometry":{"type":"LineString","coordinates":[[77.953502,30.3446602],[77.953787,30.344532],[77.9542215,30.3443376],[77.9543082,30.3443026],[77.9543985,30.3442695],[77.9545678,30.3442167],[77.9546829,30.3441732],[77.9547952,30.3441261],[77.9549441,30.3440646],[77.9550253,30.3440413],[77.9551222,30.344017],[77.9553853,30.343971],[77.9555748,30.3439464],[77.9556899,30.3439357],[77.955827,30.3439095],[77.9559901,30.3438667],[77.9564529,30.3437291],[77.9565162,30.3437103],[77.9566479,30.3436675],[77.9567905,30.3436082],[77.9570047,30.3435135],[77.9571398,30.3434395],[77.9574649,30.3432682],[77.9575528,30.3432219],[77.9579395,30.3430474],[77.9583879,30.3428279],[77.9589323,30.342563],[77.9591193,30.3424626],[77.9593186,30.3423765],[77.9596925,30.3422113],[77.9601439,30.3420321],[77.9602843,30.3419936],[77.9606413,30.3419002],[77.9608699,30.3418503],[77.9610785,30.3418239],[77.9612197,30.3418224],[77.9614605,30.3418493],[77.9616543,30.3419083],[77.9618938,30.3420012],[77.9620909,30.342083],[77.9621642,30.3421336],[77.9622355,30.3422033],[77.962366,30.3423623],[77.9624585,30.3424559],[77.9626015,30.3425586],[77.9627349,30.3426293],[77.9630605,30.3427798],[77.9631155,30.3428052],[77.9632228,30.3428445],[77.963546,30.3429348],[77.963659,30.3429708],[77.9638052,30.3430438],[77.9639092,30.3431055],[77.9641528,30.3432785],[77.9642505,30.3433333]]}},{"type":"Feature","properties":{"c":"residential"},"geometry":{"type":"LineString","coordinates":[[77.9621642,30.3421336],[77.9621938,30.34303]]}},{"type":"Feature","properties":{"c":"residential"},"geometry":{"type":"LineString","coordinates":[[77.9605026,30.343024],[77.9608537,30.3429801],[77.9608928,30.3429766],[77.9609224,30.3429812],[77.9609358,30.3430056],[77.9609856,30.3432657]]}},{"type":"Feature","properties":{"c":"residential"},"geometry":{"type":"LineString","coordinates":[[77.9596925,30.3422113],[77.9599429,30.3426747]]}},{"type":"Feature","properties":{"c":"residential"},"geometry":{"type":"LineString","coordinates":[[77.9596235,30.3435476],[77.9596213,30.3435955],[77.9596348,30.3436361],[77.9596509,30.3436756],[77.9596684,30.3437116],[77.9597437,30.3439055]]}},{"type":"Feature","properties":{"c":"residential"},"geometry":{"type":"LineString","coordinates":[[77.9592788,30.3437],[77.9594114,30.3439171]]}},{"type":"Feature","properties":{"c":"residential"},"geometry":{"type":"LineString","coordinates":[[77.9590992,30.3437925],[77.9590549,30.3438196],[77.9590468,30.3438323],[77.9590508,30.3438544],[77.9591329,30.3440193]]}},{"type":"Feature","properties":{"c":"residential"},"geometry":{"type":"LineString","coordinates":[[77.9604979,30.3429937],[77.9605026,30.343024],[77.9605241,30.3431635],[77.9605281,30.3431949],[77.9605228,30.3432123],[77.9605012,30.3432216],[77.9604689,30.3432262],[77.9602913,30.3432436]]}},{"type":"Feature","properties":{"c":"residential"},"geometry":{"type":"LineString","coordinates":[[77.9722322,30.3521457],[77.9726116,30.3525079]]}},{"type":"Feature","properties":{"c":"service"},"geometry":{"type":"LineString","coordinates":[[77.9540596,30.3458084],[77.9541568,30.3457395],[77.9541676,30.3457348],[77.9541844,30.3457331],[77.9542052,30.3457342],[77.9542274,30.345736],[77.954249,30.3457366],[77.9542664,30.3457337],[77.9542893,30.345725],[77.9543828,30.3456704],[77.9544138,30.3456594],[77.9544454,30.3456582],[77.9544757,30.3456652],[77.9544952,30.3456756],[77.9545167,30.3456942],[77.9545961,30.3458074]]}},{"type":"Feature","properties":{"c":"residential"},"geometry":{"type":"LineString","coordinates":[[77.9632482,30.3479128],[77.9636724,30.3483688]]}},{"type":"Feature","properties":{"c":"residential"},"geometry":{"type":"LineString","coordinates":[[77.962974,30.3481089],[77.9633388,30.3485127]]}},{"type":"Feature","properties":{"c":"residential"},"geometry":{"type":"LineString","coordinates":[[77.9626822,30.3483177],[77.962974,30.3481089],[77.9632482,30.3479128],[77.9635002,30.3477325],[77.9635325,30.3477162],[77.9635675,30.3477186],[77.9635944,30.3477488],[77.9640196,30.3482318]]}},{"type":"Feature","properties":{"c":"residential"},"geometry":{"type":"LineString","coordinates":[[77.9626822,30.3483177],[77.9619099,30.3488448]]}},{"type":"Feature","properties":{"c":"residential"},"geometry":{"type":"LineString","coordinates":[[77.9624302,30.3455031],[77.9625705,30.3456832],[77.9625799,30.3457145],[77.962588,30.3457517],[77.9625947,30.3458062],[77.9626015,30.3460176],[77.9626015,30.3460849],[77.9626095,30.3461186],[77.9626297,30.346165],[77.9626553,30.3461975],[77.9628383,30.3464239],[77.9628665,30.3464762],[77.9628934,30.3465354],[77.9629203,30.3465911],[77.9629392,30.346684],[77.962962,30.3467456],[77.962997,30.346785],[77.9630428,30.3468245],[77.9630697,30.3468512],[77.9630751,30.3468803],[77.9630764,30.3469046],[77.9630616,30.346929],[77.9621736,30.3477348],[77.9621467,30.347772],[77.9621521,30.3478068],[77.962179,30.347837],[77.9626822,30.3483177],[77.9630239,30.3486869]]}},{"type":"Feature","properties":{"c":"service"},"geometry":{"type":"LineString","coordinates":[[77.9618938,30.3420012],[77.9621077,30.341423]]}},{"type":"Feature","properties":{"c":"residential"},"geometry":{"type":"LineString","coordinates":[[77.9630605,30.3427798],[77.9632244,30.3426933],[77.9632823,30.3426561],[77.9633132,30.3426189],[77.9633442,30.3425562],[77.963507,30.3420895],[77.963511,30.3420523],[77.9634989,30.3420268],[77.963472,30.3419896],[77.9634141,30.3419594],[77.9629244,30.3417516]]}},{"type":"Feature","properties":{"c":"residential"},"geometry":{"type":"LineString","coordinates":[[77.967852,30.3460446],[77.9668746,30.3451038]]}},{"type":"Feature","properties":{"c":"residential"},"geometry":{"type":"LineString","coordinates":[[77.9675442,30.3463017],[77.9679859,30.3467432]]}},{"type":"Feature","properties":{"c":"service"},"geometry":{"type":"LineString","coordinates":[[77.9650313,30.3506746],[77.9647757,30.3509219]]}},{"type":"Feature","properties":{"c":"residential"},"geometry":{"type":"LineString","coordinates":[[77.9668898,30.351599],[77.9670482,30.3518136],[77.967063,30.3518392],[77.967071,30.3518624],[77.9670737,30.3518902],[77.9670791,30.3519146],[77.9670899,30.3519367],[77.9672015,30.352083]]}},{"type":"Feature","properties":{"c":"residential"},"geometry":{"type":"LineString","coordinates":[[77.9669182,30.3515788],[77.9669809,30.3515268],[77.9670038,30.3514967],[77.9670132,30.3514758],[77.9670145,30.3514456],[77.9669984,30.35142],[77.9667939,30.35111]]}},{"type":"Feature","properties":{"c":"residential"},"geometry":{"type":"LineString","coordinates":[[77.9645032,30.3501206],[77.9640101,30.3505283],[77.96399,30.3505469],[77.9639779,30.350569],[77.9639738,30.3505934],[77.9639752,30.3506236],[77.9639819,30.350735],[77.9639779,30.3507698],[77.9639631,30.3508012],[77.9639361,30.3508256],[77.9635554,30.351038],[77.9634881,30.3510613],[77.9634289,30.3510694],[77.9633764,30.3510694],[77.9633199,30.3510589],[77.9631491,30.3510148]]}},{"type":"Feature","properties":{"c":"residential"},"geometry":{"type":"LineString","coordinates":[[77.9653841,30.350978],[77.9659866,30.3504703]]}},{"type":"Feature","properties":{"c":"residential"},"geometry":{"type":"LineString","coordinates":[[77.9643815,30.3499826],[77.9648174,30.3496773],[77.9648564,30.3496541],[77.9649129,30.3496413],[77.9649587,30.3496401],[77.9650017,30.3496494],[77.9650421,30.3496703],[77.9651524,30.3497586],[77.9651726,30.3497725],[77.9651901,30.3497771],[77.9652116,30.3497737],[77.9652547,30.3497446],[77.9652789,30.3497272],[77.9652991,30.3497226],[77.9653179,30.3497261],[77.9653785,30.3497795]]}},{"type":"Feature","properties":{"c":"residential"},"geometry":{"type":"LineString","coordinates":[[77.9642415,30.3497998],[77.9646963,30.3494741]]}},{"type":"Feature","properties":{"c":"residential"},"geometry":{"type":"LineString","coordinates":[[77.9642415,30.3497998],[77.963554,30.3502253]]}},{"type":"Feature","properties":{"c":"residential"},"geometry":{"type":"LineString","coordinates":[[77.9597558,30.3359462],[77.9593974,30.3359269]]}},{"type":"Feature","properties":{"c":"residential"},"geometry":{"type":"LineString","coordinates":[[78.0141567,30.3380618],[78.0142597,30.338208],[78.0142883,30.3382486],[78.0143126,30.3382722],[78.0143338,30.3382814],[78.0143611,30.3382801],[78.0144051,30.3382552]]}},{"type":"Feature","properties":{"c":"track"},"geometry":{"type":"LineString","coordinates":[[77.9558896,30.3479056],[77.9558668,30.3479648],[77.9558728,30.3479985],[77.9559028,30.3480243],[77.9559808,30.3480632],[77.9563557,30.3482754],[77.9564127,30.3483194],[77.9564727,30.3483893],[77.9566185,30.3486603],[77.9567007,30.3487776],[77.9567727,30.3488656],[77.9568177,30.3489433],[77.9568627,30.3490287],[77.9568957,30.3491193],[77.9569467,30.3492928],[77.9569617,30.3493808],[77.9569647,30.3494662],[77.9569497,30.3495439],[77.9569437,30.3496345],[77.9569527,30.3497665],[77.9569737,30.34987],[77.9570127,30.350002],[77.9570487,30.3501056],[77.9571146,30.3502428],[77.9572166,30.350367],[77.9573246,30.3504913],[77.9574386,30.3506026],[77.9578586,30.3510452],[77.9580805,30.3512782],[77.9585365,30.3517856]]}},{"type":"Feature","properties":{"c":"track"},"geometry":{"type":"LineString","coordinates":[[77.962754,30.3444856],[77.9621631,30.3445581],[77.9619801,30.3445736],[77.9618391,30.3445736],[77.9614882,30.3445426],[77.9613082,30.3445167],[77.9611492,30.344483],[77.9610532,30.3444649],[77.9609722,30.3444597],[77.9608643,30.3444649],[77.9605433,30.3444934],[77.9604593,30.3445037],[77.9603903,30.3444985],[77.9603123,30.3444752],[77.9596524,30.3442267]]}},{"type":"Feature","properties":{"c":"residential"},"geometry":{"type":"LineString","coordinates":[[77.971297,30.3364209],[77.9709882,30.3371385],[77.9709312,30.3372343],[77.9708472,30.3373016],[77.9707242,30.3373534],[77.9705112,30.3374026],[77.9701393,30.3374647],[77.9699713,30.3374776],[77.9698633,30.3374699],[77.9697253,30.3374466],[77.9696233,30.3374155],[77.9695483,30.337356],[77.9694553,30.3372861],[77.9693774,30.3372369],[77.9692874,30.3372006],[77.9691914,30.3371799],[77.9690534,30.337154],[77.9689427,30.337146]]}},{"type":"Feature","properties":{"c":"residential"},"geometry":{"type":"LineString","coordinates":[[77.9639981,30.3360963],[77.9640154,30.3363437],[77.9640154,30.3364084],[77.9640109,30.3364705],[77.9640056,30.3365326]]}},{"type":"Feature","properties":{"c":"residential"},"geometry":{"type":"LineString","coordinates":[[78.0081988,30.349545],[78.0079698,30.3493762],[78.0079032,30.349328],[78.0078625,30.3492817],[78.0078281,30.3492299],[78.0078153,30.3492021],[78.0078067,30.3491818],[78.007811,30.3491577],[78.007826,30.3491373],[78.0079912,30.3489151],[78.0081393,30.3487262],[78.0082101,30.3486244]]}},{"type":"Feature","properties":{"c":"residential"},"geometry":{"type":"LineString","coordinates":[[78.0107526,30.3483378],[78.0106251,30.3482472],[78.0102049,30.3479485]]}},{"type":"Feature","properties":{"c":"residential"},"geometry":{"type":"LineString","coordinates":[[78.0105535,30.348526],[78.0107526,30.3483378]]}},{"type":"Feature","properties":{"c":"residential"},"geometry":{"type":"LineString","coordinates":[[78.0090419,30.3499064],[78.0091698,30.3499457],[78.0092131,30.3499566],[78.0092438,30.3499628],[78.0093015,30.3499659],[78.0093412,30.3499659],[78.0093719,30.3499597],[78.0093972,30.3499534],[78.009426,30.3499285],[78.0095866,30.3497339]]}},{"type":"Feature","properties":{"c":"service"},"geometry":{"type":"LineString","coordinates":[[78.0169799,30.3414962],[78.0167801,30.3412936],[78.0166376,30.341149],[78.0163844,30.340912],[78.0163479,30.3408897],[78.0163114,30.340886],[78.0162556,30.3408916],[78.0162025,30.3409017],[78.016172,30.3409175],[78.0161526,30.340936]]}},{"type":"Feature","properties":{"c":"service"},"geometry":{"type":"LineString","coordinates":[[78.0161526,30.340936],[78.0161376,30.3409675],[78.0161484,30.3410027],[78.0161805,30.3410471],[78.0163222,30.3412397],[78.0163501,30.3412786],[78.0163694,30.341312],[78.0163844,30.3413583],[78.0163994,30.3414101],[78.0164187,30.3414453],[78.016438,30.3414601],[78.0164702,30.3414731],[78.0165217,30.3414657],[78.0166226,30.3414194],[78.0166633,30.3413934],[78.0167801,30.3412936]]}},{"type":"Feature","properties":{"c":"unclassified"},"geometry":{"type":"LineString","coordinates":[[78.0145437,30.3539222],[78.0142124,30.3546865],[78.0141655,30.3547212],[78.0141138,30.3547427]]}},{"type":"Feature","properties":{"c":"unclassified"},"geometry":{"type":"LineString","coordinates":[[78.005443,30.354843],[78.0053539,30.3547998],[78.004769,30.354464],[78.0041409,30.3540845]]}},{"type":"Feature","properties":{"c":"service"},"geometry":{"type":"LineString","coordinates":[[78.0084677,30.3594821],[78.0080688,30.3591818],[78.0080152,30.3591193],[78.0080044,30.3590406],[78.0080527,30.3589619],[78.0083317,30.3586981],[78.0084228,30.3586611],[78.0084819,30.3586541],[78.0085677,30.3586819],[78.0087608,30.35883],[78.0090183,30.3590314],[78.0091685,30.3591517],[78.0091967,30.3592003],[78.0091967,30.3592651]]}},{"type":"Feature","properties":{"c":"service"},"geometry":{"type":"LineString","coordinates":[[78.0067679,30.3609245],[78.0069664,30.3607324],[78.0071716,30.3605126],[78.007177,30.3604871],[78.0071676,30.3604617],[78.0071206,30.36042],[78.0067264,30.3601335]]}},{"type":"Feature","properties":{"c":"residential"},"geometry":{"type":"LineString","coordinates":[[78.011667,30.3617195],[78.0115743,30.361766],[78.011443,30.3618318],[78.0111882,30.3619706],[78.0108932,30.3621072],[78.0104723,30.3622989],[78.010291,30.3623917]]}},{"type":"Feature","properties":{"c":"residential"},"geometry":{"type":"LineString","coordinates":[[77.9991035,30.3545795],[77.9992188,30.3545147],[77.9994053,30.3543492]]}},{"type":"Feature","properties":{"c":"residential"},"geometry":{"type":"LineString","coordinates":[[77.9990002,30.354613],[77.9991035,30.3545795]]}},{"type":"Feature","properties":{"c":"residential"},"geometry":{"type":"LineString","coordinates":[[77.9986489,30.3558953],[77.9989225,30.3560781],[77.999137,30.3562482],[77.9992336,30.3563292],[77.999252,30.3563362],[77.9992712,30.3563327],[77.999305,30.3563162],[77.9993214,30.3563119],[77.9993483,30.3563174],[77.9993855,30.3563353],[77.9997298,30.3565491]]}},{"type":"Feature","properties":{"c":"residential"},"geometry":{"type":"LineString","coordinates":[[78.0014432,30.3580584],[78.0018514,30.3576219]]}},{"type":"Feature","properties":{"c":"residential"},"geometry":{"type":"LineString","coordinates":[[78.00066,30.3657961],[78.0007906,30.3657209],[78.0008845,30.3656625],[78.0009583,30.3656295],[78.001024,30.3656145],[78.0011098,30.3655994],[78.0012801,30.365567],[78.0015524,30.3655231],[78.0016677,30.3655092],[78.0017187,30.3654999],[78.0017817,30.3654768],[78.0018286,30.3654467],[78.0019172,30.365405],[78.0020754,30.3653564]]}},{"type":"Feature","properties":{"c":"residential"},"geometry":{"type":"LineString","coordinates":[[78.0007758,30.3647909],[78.0008704,30.3648849],[78.0008885,30.3648919],[78.000908,30.3648913],[78.0009348,30.3648785],[78.001024,30.3648213],[78.0011661,30.3647304],[78.001264,30.3646784],[78.0012788,30.3646541],[78.0012774,30.3646274],[78.0012667,30.3646008],[78.0012064,30.3645175],[78.00109,30.3643707]]}},{"type":"Feature","properties":{"c":"residential"},"geometry":{"type":"LineString","coordinates":[[78.0005539,30.3650879],[78.0008322,30.3652824],[78.000859,30.3652922],[78.0008798,30.365294],[78.0009026,30.3652847],[78.0010562,30.3652153]]}},{"type":"Feature","properties":{"c":"service"},"geometry":{"type":"LineString","coordinates":[[78.0129408,30.3555839],[78.0128292,30.3556345]]}},{"type":"Feature","properties":{"c":"service"},"geometry":{"type":"LineString","coordinates":[[78.012965,30.3561727],[78.0129826,30.3559855],[78.0129988,30.3556765],[78.0130089,30.3555751],[78.0129828,30.3554682]]}},{"type":"Feature","properties":{"c":"service"},"geometry":{"type":"LineString","coordinates":[[78.0130181,30.3552166],[78.0129828,30.3554682]]}},{"type":"Feature","properties":{"c":"residential"},"geometry":{"type":"LineString","coordinates":[[78.0111158,30.3610264],[78.0114792,30.3616038],[78.0115743,30.361766]]}},{"type":"Feature","properties":{"c":"residential"},"geometry":{"type":"LineString","coordinates":[[78.008333,30.3712148],[78.0088846,30.3710076]]}},{"type":"Feature","properties":{"c":"tertiary"},"geometry":{"type":"LineString","coordinates":[[78.0109891,30.3467774],[78.0113281,30.3464547],[78.0114133,30.3463739],[78.0118283,30.3460294],[78.0121382,30.3457631],[78.0124148,30.3455297],[78.012867,30.3451318],[78.013485,30.3445855],[78.0137873,30.3443093],[78.0138637,30.3442419],[78.0139058,30.3442008],[78.0140904,30.344042],[78.0141621,30.3439788],[78.0144535,30.3437218],[78.0144746,30.3437032],[78.0148607,30.3433627],[78.015772,30.3425591],[78.0163148,30.3420829]]}},{"type":"Feature","properties":{"c":"unclassified"},"geometry":{"type":"LineString","coordinates":[[78.0163041,30.351864],[78.0162718,30.3518864],[78.0159434,30.3521216]]}},{"type":"Feature","properties":{"c":"residential"},"geometry":{"type":"LineString","coordinates":[[78.002842,30.353206],[78.0032086,30.352729]]}},{"type":"Feature","properties":{"c":"residential"},"geometry":{"type":"LineString","coordinates":[[78.0033293,30.3535738],[78.002842,30.353206],[78.0023664,30.3528471]]}},{"type":"Feature","properties":{"c":"residential"},"geometry":{"type":"LineString","coordinates":[[78.0032355,30.3530554],[78.0033669,30.3528401],[78.003442,30.3527313],[78.0034608,30.3526642],[78.0034286,30.3526179],[78.0032323,30.3524946]]}},{"type":"Feature","properties":{"c":"residential"},"geometry":{"type":"LineString","coordinates":[[78.0007276,30.3571341],[78.0005801,30.3570039],[78.0004299,30.3568928],[78.0002904,30.3568026],[78.0002367,30.3567447],[78.000226,30.3566845],[78.0002233,30.3565966],[78.0001858,30.3564947],[78.0001402,30.3563975],[78.0000798,30.3562853],[78.0000731,30.3562286],[78.0000865,30.3561915],[78.0001228,30.3561545],[78.000171,30.3561267],[78.0002153,30.3560804],[78.0003065,30.3559763]]}},{"type":"Feature","properties":{"c":"residential"},"geometry":{"type":"LineString","coordinates":[[78.0003521,30.3539187],[78.0007356,30.3540205],[78.0008604,30.354061],[78.0008805,30.3540853],[78.0008845,30.3541131],[78.0008724,30.354149],[78.0006216,30.3544013]]}},{"type":"Feature","properties":{"c":"residential"},"geometry":{"type":"LineString","coordinates":[[77.998653,30.3533133],[77.9987494,30.3528753]]}},{"type":"Feature","properties":{"c":"residential"},"geometry":{"type":"LineString","coordinates":[[77.9989225,30.3560781],[77.9989681,30.3559728],[77.9990083,30.355908],[77.9990593,30.3558455],[77.9991531,30.3557703]]}},{"type":"Feature","properties":{"c":"residential"},"geometry":{"type":"LineString","coordinates":[[77.999707,30.3648265],[77.9997781,30.3647721],[77.999884,30.3647131],[77.9999591,30.364676],[78.0000222,30.3646564],[78.0001321,30.3646355],[78.0002099,30.3646043],[78.0003373,30.3645083]]}},{"type":"Feature","properties":{"c":"residential"},"geometry":{"type":"LineString","coordinates":[[77.9984772,30.3603668],[77.9985456,30.3606433],[77.9985832,30.3606676],[77.9986328,30.3606792],[77.9987736,30.360678],[77.9991545,30.3606595],[77.999479,30.3606329],[77.9998881,30.3605936],[78.0002663,30.3605565],[78.0003239,30.3605346],[78.0003574,30.3604917],[78.0003695,30.3604223],[78.0003776,30.3603413],[78.0003789,30.36028],[78.0003601,30.3602406],[78.0002891,30.3602233],[78.0001831,30.3602186],[78.0000517,30.3602395]]}},{"type":"Feature","properties":{"c":"residential"},"geometry":{"type":"LineString","coordinates":[[77.997019,30.3604001],[77.9971844,30.3606364],[77.9972112,30.3606514],[77.9972541,30.3606445],[77.9973239,30.3605994],[77.9977933,30.3603112]]}},{"type":"Feature","properties":{"c":"residential"},"geometry":{"type":"LineString","coordinates":[[77.9962973,30.361528],[77.9963757,30.3615008],[77.996424,30.3614684],[77.9964575,30.3614233],[77.9964924,30.3613469],[77.9965125,30.3612728],[77.9965071,30.3611849],[77.9964776,30.3611201],[77.9964133,30.3610414],[77.9963475,30.3609569],[77.9963261,30.3608713],[77.9963422,30.3608146],[77.9964025,30.3607625],[77.9966252,30.3606526],[77.997019,30.3604001],[77.9972514,30.360251],[77.9974794,30.3600937],[77.9975599,30.3600728],[77.9976189,30.3601029],[77.9977933,30.3603112],[77.9978509,30.360365],[77.9978717,30.3603806],[77.9979019,30.360383],[77.9979596,30.360372],[77.9980776,30.3603656],[77.9984772,30.3603668],[77.9998183,30.360258],[78.0000517,30.3602395]]}},{"type":"Feature","properties":{"c":"unclassified"},"geometry":{"type":"LineString","coordinates":[[78.0115559,30.3542556],[78.0115822,30.354178]]}},{"type":"Feature","properties":{"c":"unclassified"},"geometry":{"type":"LineString","coordinates":[[78.0132268,30.3545743],[78.0132499,30.3545004]]}},{"type":"Feature","properties":{"c":"residential"},"geometry":{"type":"LineString","coordinates":[[78.0120867,30.3685107],[78.0121136,30.3685686],[78.012186,30.3686276],[78.0123808,30.3687931],[78.0123851,30.3688104],[78.0123788,30.3688321],[78.0122705,30.3689481],[78.0122443,30.3689614],[78.0122068,30.3689579],[78.011954,30.3687907],[78.0114232,30.3684403]]}},{"type":"Feature","properties":{"c":"residential"},"geometry":{"type":"LineString","coordinates":[[78.0081613,30.3566405],[78.0080554,30.3565526],[78.0079803,30.3564924],[78.0079186,30.3564392],[78.0078301,30.3563616],[78.0077671,30.3562992],[78.0076826,30.3562089],[78.0076732,30.3561742],[78.0076745,30.3561487],[78.00769,30.3561183]]}},{"type":"Feature","properties":{"c":"residential"},"geometry":{"type":"LineString","coordinates":[[78.0087926,30.3708969],[78.0087762,30.3707994],[78.0087541,30.3706641],[78.0086978,30.3705298],[78.0085757,30.3703169],[78.0085033,30.3701711],[78.0084202,30.3700161],[78.0083813,30.3699351],[78.0083692,30.3698853],[78.0083585,30.3698159],[78.0083518,30.369772],[78.0083424,30.3697477],[78.0082579,30.3696562],[78.0081613,30.3695914],[78.0080876,30.3695752],[78.0080232,30.3695868],[78.0078636,30.369662],[78.0077268,30.3697639],[78.0073044,30.3700971]]}},{"type":"Feature","properties":{"c":"residential"},"geometry":{"type":"LineString","coordinates":[[78.0106079,30.3556128],[78.0100161,30.3558791]]}},{"type":"Feature","properties":{"c":"residential"},"geometry":{"type":"LineString","coordinates":[[77.9987025,30.3630942],[77.9988112,30.3629056],[77.9988299,30.3628373],[77.9988313,30.3627714],[77.9988112,30.3626742],[77.9987991,30.3625851],[77.998791,30.3625237],[77.9987977,30.3624809],[77.9987991,30.3624485],[77.9987696,30.3624208],[77.9987401,30.3624115],[77.9986837,30.3623999],[77.9986221,30.3623826],[77.9985805,30.3623664],[77.998547,30.3623455],[77.9984973,30.3623363],[77.9984611,30.3623305],[77.9984169,30.3623166]]}},{"type":"Feature","properties":{"c":"service"},"geometry":{"type":"LineString","coordinates":[[77.9982928,30.3574926],[77.9981098,30.3574656],[77.9979113,30.357417],[77.9977021,30.3573534],[77.9974607,30.3572446],[77.9962778,30.3567354],[77.9954517,30.356379],[77.9950963,30.3562413]]}},{"type":"Feature","properties":{"c":"residential"},"geometry":{"type":"LineString","coordinates":[[78.0033348,30.3589195],[78.0036418,30.3586668],[78.0039033,30.3584261]]}},{"type":"Feature","properties":{"c":"residential"},"geometry":{"type":"LineString","coordinates":[[78.0020318,30.3633014],[78.0021036,30.3632823],[78.0021337,30.363262],[78.0021679,30.3632279],[78.0022189,30.3631255]]}},{"type":"Feature","properties":{"c":"residential"},"geometry":{"type":"LineString","coordinates":[[78.0019286,30.3633141],[78.0020318,30.3633014]]}},{"type":"Feature","properties":{"c":"tertiary"},"geometry":{"type":"LineString","coordinates":[[78.016354,30.3420492],[78.0160436,30.3416062],[78.0155711,30.3409374],[78.0150266,30.3401693],[78.0143779,30.3392244],[78.0140526,30.3387342],[78.0137754,30.3383279],[78.0133727,30.33773],[78.0131486,30.3374015],[78.0129377,30.3370725],[78.0126496,30.3366527],[78.0124817,30.3364062],[78.0119161,30.3355614],[78.0117705,30.3353634],[78.0117068,30.3352683],[78.0115618,30.335052],[78.0113463,30.334737],[78.0112998,30.3346642],[78.011217,30.3345349],[78.0111621,30.3344309],[78.0111345,30.334371],[78.011073,30.334224]]}},{"type":"Feature","properties":{"c":"service"},"geometry":{"type":"LineString","coordinates":[[77.9648993,30.3420415],[77.9651198,30.3420478],[77.9653612,30.3420658],[77.9658106,30.3420783],[77.9665527,30.342122],[77.966715,30.3421741],[77.9669521,30.3423586]]}},{"type":"Feature","properties":{"c":"residential"},"geometry":{"type":"LineString","coordinates":[[77.9539088,30.3377819],[77.9540777,30.3373685]]}},{"type":"Feature","properties":{"c":"residential"},"geometry":{"type":"LineString","coordinates":[[77.9543111,30.3367214],[77.9542348,30.3370042]]}},{"type":"Feature","properties":{"c":"residential"},"geometry":{"type":"LineString","coordinates":[[77.9938631,30.3710723],[77.9941752,30.3708525],[77.9942408,30.3708362]]}},{"type":"Feature","properties":{"c":"residential"},"geometry":{"type":"LineString","coordinates":[[78.0157523,30.3756713],[78.0161423,30.3766099],[78.0164168,30.3765061],[78.0165231,30.3764502],[78.0165661,30.3764317],[78.016904,30.3762999]]}},{"type":"Feature","properties":{"c":"residential"},"geometry":{"type":"LineString","coordinates":[[78.0157435,30.3774428],[78.0155423,30.3768721]]}},{"type":"Feature","properties":{"c":"residential"},"geometry":{"type":"LineString","coordinates":[[78.0097207,30.3516348],[78.0095454,30.3517564],[78.0094579,30.351868]]}},{"type":"Feature","properties":{"c":"residential"},"geometry":{"type":"LineString","coordinates":[[78.0151468,30.3755769],[78.0152634,30.3758573],[78.0157523,30.3756713],[78.0159447,30.3755981]]}},{"type":"Feature","properties":{"c":"residential"},"geometry":{"type":"LineString","coordinates":[[78.0161423,30.3766099],[78.0160185,30.3767512]]}},{"type":"Feature","properties":{"c":"residential"},"geometry":{"type":"LineString","coordinates":[[77.9719312,30.3364463],[77.9719446,30.3360542]]}},{"type":"Feature","properties":{"c":"residential"},"geometry":{"type":"LineString","coordinates":[[77.9993119,30.3399389],[78.0001298,30.3399265]]}},{"type":"Feature","properties":{"c":"residential"},"geometry":{"type":"LineString","coordinates":[[77.9465089,30.3965112],[77.9462379,30.3968907],[77.946031,30.397081],[77.9460631,30.3972714],[77.946491,30.3976703],[77.9465982,30.3978924],[77.9467162,30.3982023],[77.9466663,30.3982805]]}},{"type":"Feature","properties":{"c":"unclassified"},"geometry":{"type":"LineString","coordinates":[[77.9819521,30.365125],[77.9825261,30.3661086],[77.9825369,30.3661375],[77.9825315,30.3661583],[77.9825073,30.3661757],[77.9819307,30.3663805]]}},{"type":"Feature","properties":{"c":"residential"},"geometry":{"type":"LineString","coordinates":[[77.9564529,30.3437291],[77.9564629,30.3435698],[77.9564625,30.3435327],[77.9564465,30.3433197],[77.9564415,30.3432434],[77.9564227,30.3430397]]}},{"type":"Feature","properties":{"c":"residential"},"geometry":{"type":"LineString","coordinates":[[77.9564625,30.3435327],[77.9562591,30.3433453],[77.9563083,30.3433308],[77.9564465,30.3433197]]}},{"type":"Feature","properties":{"c":"service"},"geometry":{"type":"LineString","coordinates":[[77.9342421,30.3913974],[77.9345777,30.3912255],[77.9346898,30.391168]]}},{"type":"Feature","properties":{"c":"service"},"geometry":{"type":"LineString","coordinates":[[77.9345777,30.3912255],[77.9344232,30.3909545]]}},{"type":"Feature","properties":{"c":"residential"},"geometry":{"type":"LineString","coordinates":[[77.9331879,30.3916127],[77.9337234,30.391291]]}},{"type":"Feature","properties":{"c":"service"},"geometry":{"type":"LineString","coordinates":[[77.9372027,30.3905177],[77.9369292,30.3906561],[77.936793,30.3906134],[77.9362702,30.3908482],[77.9362331,30.3908509],[77.9360598,30.3906401],[77.9360753,30.3906027],[77.9365734,30.3903385]]}},{"type":"Feature","properties":{"c":"residential"},"geometry":{"type":"LineString","coordinates":[[77.968715,30.4089542],[77.9684897,30.4085564],[77.9684575,30.4085287],[77.9683986,30.4084038]]}},{"type":"Feature","properties":{"c":"residential"},"geometry":{"type":"LineString","coordinates":[[77.9619192,30.4008843],[77.961193,30.398228]]}},{"type":"Feature","properties":{"c":"service"},"geometry":{"type":"LineString","coordinates":[[77.9385144,30.3412074],[77.9395859,30.3410205],[77.9396323,30.3410124],[77.9397905,30.3409912]]}},{"type":"Feature","properties":{"c":"residential"},"geometry":{"type":"LineString","coordinates":[[77.9385901,30.3417227],[77.9385549,30.3414928],[77.9385144,30.3412074]]}},{"type":"Feature","properties":{"c":"residential"},"geometry":{"type":"LineString","coordinates":[[77.9428029,30.3480308],[77.9429437,30.3483012],[77.9431438,30.3483855],[77.9435441,30.3491113],[77.9439015,30.3495945],[77.9446044,30.3503984],[77.945667,30.3511242],[77.9459767,30.3513565],[77.9463413,30.3518561],[77.9467749,30.352364],[77.9471662,30.3526603],[77.9476213,30.3530838],[77.9478428,30.3532976],[77.9479358,30.3537376],[77.9479858,30.3539514],[77.9481502,30.3541015],[77.9488602,30.3543585],[77.9493725,30.3546607],[77.9498275,30.3549548],[77.9501746,30.3552838],[77.950312,30.3557639],[77.9495356,30.35692],[77.9491491,30.3575028],[77.9491853,30.3580575],[77.9497161,30.35936],[77.9494742,30.3602512],[77.94817,30.3629094],[77.9481033,30.3650968],[77.9489392,30.3678459],[77.9502682,30.369248],[77.9506871,30.3697528],[77.9507882,30.3706501],[77.9509182,30.3721207],[77.9515959,30.3735549],[77.9521706,30.3750141],[77.9528932,30.3761003],[77.9539441,30.3783292],[77.9542342,30.3798403],[77.9543261,30.3808703]]}},{"type":"Feature","properties":{"c":"service"},"geometry":{"type":"LineString","coordinates":[[77.9412771,30.3454989],[77.9413494,30.3467983]]}},{"type":"Feature","properties":{"c":"residential"},"geometry":{"type":"LineString","coordinates":[[78.0123892,30.3758726],[78.0124195,30.3761671]]}},{"type":"Feature","properties":{"c":"residential"},"geometry":{"type":"LineString","coordinates":[[78.0128119,30.3758349],[78.0123892,30.3758726]]}},{"type":"Feature","properties":{"c":"service"},"geometry":{"type":"LineString","coordinates":[[77.9428039,30.3871632],[77.9432807,30.3868449],[77.9433028,30.3868391],[77.9433297,30.3868466],[77.9438528,30.3873328]]}},{"type":"Feature","properties":{"c":"residential"},"geometry":{"type":"LineString","coordinates":[[77.9530502,30.3380939],[77.9527116,30.3379911]]}},{"type":"Feature","properties":{"c":"residential"},"geometry":{"type":"LineString","coordinates":[[78.010338,30.3517313],[78.0105704,30.3519088]]}},{"type":"Feature","properties":{"c":"tertiary"},"geometry":{"type":"LineString","coordinates":[[77.9649828,30.3639196],[77.9649034,30.3640154],[77.9648219,30.3642225],[77.9647957,30.3644211],[77.9647934,30.3646666],[77.964798,30.3648805],[77.9648497,30.3651732],[77.9649642,30.3654361],[77.9651503,30.3656462],[77.9653247,30.3659375],[77.9654546,30.3662405],[77.9656254,30.3665026],[77.9657793,30.3666765],[77.965956,30.3670994],[77.9659533,30.3674154],[77.9658127,30.3678043],[77.9655686,30.3680743],[77.9652418,30.3683236],[77.9649632,30.368557],[77.9647508,30.3688513],[77.9645829,30.3691844],[77.9643193,30.3700126]]}},{"type":"Feature","properties":{"c":"residential"},"geometry":{"type":"LineString","coordinates":[[77.9643193,30.3700126],[77.9642871,30.3699478],[77.9641342,30.3698622],[77.9639786,30.3697812],[77.9638955,30.3697234],[77.9638365,30.3696123],[77.9637828,30.3695058],[77.9637493,30.3694738],[77.9637077,30.3694341],[77.9636407,30.3694179],[77.9635897,30.3694295],[77.9632786,30.3695382],[77.962667,30.3697488],[77.9620475,30.369964],[77.961861,30.3700149],[77.9615101,30.3700574]]}},{"type":"Feature","properties":{"c":"tertiary"},"geometry":{"type":"LineString","coordinates":[[77.9616632,30.376191],[77.9617184,30.37616],[77.9617533,30.3761524],[77.9623885,30.3759483],[77.9624556,30.3758918],[77.9625035,30.3758228],[77.9625453,30.375739],[77.9625678,30.3756469],[77.9626751,30.3746335],[77.9627003,30.3743501],[77.9627086,30.3740854],[77.9626805,30.3739391],[77.9625776,30.3735423],[77.9624592,30.3732131],[77.9624544,30.3731782],[77.9624607,30.3731457],[77.9624699,30.3731208],[77.9624849,30.3731026],[77.9625614,30.3730424],[77.9627896,30.3729372],[77.9630616,30.3728428],[77.9636374,30.3726554],[77.9637868,30.372597],[77.963839,30.3725692],[77.9638581,30.372552],[77.9638712,30.3725353],[77.9638806,30.3725146],[77.9638792,30.3724938],[77.9638727,30.3724814],[77.9638471,30.372467],[77.963812,30.3724535],[77.9637865,30.3724323],[77.9637634,30.3724029],[77.9637398,30.3723511],[77.9637356,30.3722731],[77.9637784,30.3721691],[77.963826,30.3721003],[77.9639839,30.3718327],[77.9640353,30.3716985],[77.9640383,30.3716719],[77.9640306,30.371645],[77.963976,30.3715562],[77.9639491,30.3714948],[77.9639558,30.3714358],[77.964039,30.3713317],[77.9641651,30.3712391],[77.9642522,30.3711535],[77.9643327,30.3710204],[77.964377,30.3709232],[77.9643984,30.3708353],[77.9643796,30.3707208],[77.964334,30.3706513],[77.9641175,30.3704697],[77.9640947,30.3704344],[77.9640933,30.370391],[77.9641362,30.3703187],[77.9643005,30.3700693],[77.9643193,30.3700126]]}},{"type":"Feature","properties":{"c":"residential"},"geometry":{"type":"LineString","coordinates":[[77.96159,30.3820122],[77.9616105,30.3820624],[77.961828,30.382602],[77.9619563,30.3828701],[77.9619938,30.3829508],[77.9620744,30.3831242],[77.9621314,30.3833115],[77.9622603,30.3837283],[77.9622725,30.383795],[77.9622725,30.3838161],[77.9622644,30.3838348],[77.962244,30.3838571],[77.9622074,30.3838746],[77.9612006,30.3842532]]}},{"type":"Feature","properties":{"c":"residential"},"geometry":{"type":"LineString","coordinates":[[77.9710093,30.379687],[77.9712345,30.3793629],[77.9713295,30.3791839],[77.9713451,30.379124],[77.9713483,30.3790655],[77.9713252,30.3790174],[77.9712943,30.37898],[77.9710088,30.3787962],[77.9709701,30.3787651],[77.970946,30.3787379],[77.9709299,30.3787107],[77.9709232,30.3786777],[77.9709245,30.3786517],[77.9709366,30.3786187],[77.9709527,30.3785904],[77.9709782,30.3785701],[77.9710103,30.3785614],[77.9713047,30.3785107],[77.9713676,30.3784902],[77.9715764,30.3783703],[77.97161,30.3783375],[77.9716863,30.3781688],[77.9716977,30.3781522],[77.9717091,30.3781416],[77.9719036,30.3780253],[77.9719321,30.3780135],[77.9719586,30.3780088],[77.972139,30.3779856],[77.9721692,30.3779848],[77.9721959,30.3779901],[77.9723612,30.3780581],[77.9725874,30.3781565],[77.9726004,30.3781637],[77.972608,30.3781743],[77.9726839,30.378367],[77.9726936,30.3783784],[77.9727067,30.378386],[77.9728979,30.3784262],[77.9730723,30.3784447],[77.9732744,30.3784551],[77.9733771,30.3784593]]}},{"type":"Feature","properties":{"c":"service"},"geometry":{"type":"LineString","coordinates":[[77.9309202,30.3447228],[77.9308093,30.3444856],[77.9307825,30.344433],[77.9307548,30.3443936],[77.930723,30.3443589],[77.93069,30.3443404],[77.9306555,30.3443329],[77.9306212,30.3443389],[77.9305822,30.3443496],[77.9305532,30.3443613],[77.9305307,30.344386],[77.9305192,30.3444143],[77.9305216,30.3444399],[77.9305919,30.344706]]}},{"type":"Feature","properties":{"c":"tertiary"},"geometry":{"type":"LineString","coordinates":[[77.9198107,30.333933],[77.9200709,30.3340395],[77.9205644,30.334146],[77.9206624,30.3341606],[77.9213246,30.3342598],[77.921353,30.334264],[77.9221369,30.3343822],[77.9230977,30.3345272],[77.9231796,30.3345395],[77.9242242,30.3347091],[77.924349,30.3347293],[77.9260747,30.3349858],[77.9260827,30.334987],[77.9268435,30.335102],[77.9280129,30.3352618],[77.9288846,30.3353891],[77.929987,30.3355442],[77.9313777,30.3357446],[77.9314166,30.3357502],[77.9326799,30.3359354],[77.9335959,30.3360871],[77.9342635,30.3361666],[77.9344019,30.3361831],[77.9353675,30.3363105],[77.9359442,30.3363892],[77.936428,30.3363656]]}},{"type":"Feature","properties":{"c":"tertiary"},"geometry":{"type":"LineString","coordinates":[[77.9364215,30.3362602],[77.936022,30.3361183],[77.9350001,30.3359702],[77.9335257,30.3357672],[77.9313965,30.3354563],[77.9300675,30.3352734],[77.9274523,30.334896],[77.9262039,30.3347119],[77.9252395,30.3345696],[77.9245439,30.3344616],[77.9242598,30.3344175],[77.9240164,30.3343798],[77.9232578,30.3342643],[77.9222598,30.3341125],[77.9220691,30.3340834],[77.9207625,30.3338812],[77.9206181,30.3338589],[77.9201084,30.3338149],[77.9198161,30.333845]]}},{"type":"Feature","properties":{"c":"residential"},"geometry":{"type":"LineString","coordinates":[[77.9336147,30.3362723],[77.9338118,30.3362838],[77.9338843,30.3362827],[77.9339473,30.336278],[77.9339916,30.3362642],[77.9340694,30.3362376]]}},{"type":"Feature","properties":{"c":"residential"},"geometry":{"type":"LineString","coordinates":[[77.9326894,30.3365559],[77.932519,30.3365443],[77.9318069,30.3365292],[77.9316822,30.3365396],[77.9315963,30.3365558],[77.9314823,30.3365836],[77.9313254,30.3366183],[77.9311833,30.3366334],[77.9310934,30.336638],[77.9310116,30.3366346]]}},{"type":"Feature","properties":{"c":"unclassified"},"geometry":{"type":"LineString","coordinates":[[77.9256419,30.3360234],[77.9247245,30.335785],[77.9239858,30.3355959],[77.9230134,30.3354119],[77.9227414,30.3353604],[77.9221523,30.3352489],[77.9220177,30.3352053],[77.9218543,30.335123],[77.9218072,30.3350992],[77.921648,30.3350187],[77.9214161,30.3348696],[77.9213586,30.3348333],[77.9211894,30.3347266],[77.9210982,30.3346691],[77.9208246,30.3344978],[77.9205809,30.3343462],[77.920512,30.3343283],[77.920446,30.3343177],[77.9197278,30.3342123],[77.9193645,30.3341372],[77.9190651,30.3340557],[77.9186788,30.3339121],[77.9184478,30.3338088],[77.9183614,30.3337197]]}},{"type":"Feature","properties":{"c":"secondary"},"geometry":{"type":"LineString","coordinates":[[77.9380833,30.3365512],[77.9378559,30.336469],[77.937347,30.3363915],[77.9364215,30.3362602],[77.9359925,30.3361993],[77.9338601,30.3359215],[77.9315132,30.3355697],[77.9303277,30.335396],[77.9282516,30.335109],[77.9254621,30.3346969],[77.9239091,30.3344585],[77.9220182,30.3341737],[77.9198161,30.333845],[77.918601,30.3336529],[77.9182336,30.3335579],[77.9180968,30.3334908],[77.9180184,30.3334631]]}},{"type":"Feature","properties":{"c":"secondary"},"geometry":{"type":"LineString","coordinates":[[77.9179972,30.3337072],[77.9180633,30.3337246],[77.9181652,30.3337235],[77.9183047,30.3337165],[77.9183614,30.3337197],[77.9184911,30.3337269],[77.9187633,30.3337698],[77.9192501,30.333845],[77.9198107,30.333933],[77.9207119,30.3340672],[77.9221308,30.3342825],[77.9240647,30.3345719],[77.92532,30.3347641],[77.9262641,30.3349099],[77.9279968,30.3351599],[77.9286996,30.3352595],[77.9303491,30.3354863],[77.9319692,30.3357317],[77.9340827,30.3360373],[77.9354829,30.3362271],[77.936428,30.3363656],[77.9371887,30.3364771],[77.9378378,30.3365801],[77.9380833,30.3365512]]}},{"type":"Feature","properties":{"c":"residential"},"geometry":{"type":"LineString","coordinates":[[77.9227414,30.3353604],[77.9230977,30.3345272]]}},{"type":"Feature","properties":{"c":"residential"},"geometry":{"type":"LineString","coordinates":[[77.9242242,30.3347091],[77.9241856,30.3348513],[77.9240848,30.3351728],[77.9240426,30.3353854],[77.9239858,30.3355959]]}},{"type":"Feature","properties":{"c":"unclassified"},"geometry":{"type":"LineString","coordinates":[[77.9256419,30.3360234],[77.9260747,30.3349858]]}},{"type":"Feature","properties":{"c":"residential"},"geometry":{"type":"LineString","coordinates":[[77.9310116,30.3366346],[77.9310639,30.3364204],[77.931076,30.3363996],[77.9311001,30.3363764],[77.9311645,30.3363417],[77.9312021,30.3363081],[77.9312289,30.3362642],[77.931249,30.3362109],[77.9313683,30.3358139],[77.9313777,30.3357446]]}},{"type":"Feature","properties":{"c":"residential"},"geometry":{"type":"LineString","coordinates":[[77.9336147,30.3362723],[77.9335959,30.3360871]]}},{"type":"Feature","properties":{"c":"residential"},"geometry":{"type":"LineString","coordinates":[[77.9326894,30.3365559],[77.9335543,30.3363035],[77.9336147,30.3362723]]}},{"type":"Feature","properties":{"c":"unclassified"},"geometry":{"type":"LineString","coordinates":[[77.9310116,30.3366346],[77.9308399,30.3366276],[77.9307555,30.336623],[77.9306884,30.336623],[77.9305261,30.3366276],[77.9304671,30.3366241],[77.9303813,30.336616],[77.9302592,30.3365847],[77.9301815,30.3365709],[77.9301131,30.3365732],[77.9299508,30.336594],[77.9298395,30.3365998],[77.9297631,30.3365905],[77.9294975,30.33655],[77.9293622,30.3365339],[77.9292347,30.3365188],[77.9290792,30.3364958],[77.929008,30.3364853],[77.9287734,30.3364482],[77.9286459,30.3364274],[77.9285574,30.3364065],[77.9283965,30.3363625],[77.9282972,30.3363452],[77.9281779,30.3363348],[77.9280719,30.336344],[77.9279311,30.3363382],[77.9277326,30.3363382],[77.9274736,30.3363415],[77.9273929,30.3363392],[77.9273397,30.336334],[77.9272595,30.336334],[77.9271216,30.3363305],[77.9270151,30.3363128],[77.9267193,30.336248],[77.9256419,30.3360234]]}},{"type":"Feature","properties":{"c":"secondary"},"geometry":{"type":"LineString","coordinates":[[77.9566535,30.3364991],[77.9565704,30.33644],[77.9564269,30.3363533],[77.9560715,30.3362283],[77.9556142,30.3360882],[77.9551274,30.335903],[77.9546902,30.3357097],[77.9545476,30.335629]]}},{"type":"Feature","properties":{"c":"secondary_link"},"geometry":{"type":"LineString","coordinates":[[77.9547528,30.3355584],[77.9545476,30.335629]]}},{"type":"Feature","properties":{"c":"unclassified"},"geometry":{"type":"LineString","coordinates":[[77.9508707,30.3355859],[77.9506132,30.3355535],[77.9504389,30.3356021],[77.9498273,30.3358058],[77.948387,30.3362063],[77.9471666,30.3365443],[77.9463324,30.3367688],[77.945635,30.336961],[77.9450825,30.3370952],[77.9447821,30.3371461],[77.9444736,30.3371832],[77.9441893,30.3371901],[77.9438487,30.3371832],[77.9435268,30.3371577],[77.9430681,30.3370998],[77.9425934,30.3370373],[77.9421616,30.3369795],[77.941571,30.3369798]]}},{"type":"Feature","properties":{"c":"unclassified"},"geometry":{"type":"LineString","coordinates":[[77.9414642,30.3370651],[77.9416385,30.3371809],[77.9417487,30.3371984],[77.9421052,30.3372549],[77.9429018,30.3373661],[77.9434034,30.3374378],[77.9437789,30.3374726],[77.9442966,30.3374795],[77.9446426,30.3374587],[77.9451254,30.33738],[77.9459703,30.337167],[77.947467,30.336748],[77.948741,30.3364123],[77.9493636,30.3362381],[77.9497173,30.3361391],[77.9506588,30.3358475],[77.951324,30.3356623],[77.9514259,30.3355928],[77.95156,30.3354238]]}},{"type":"Feature","properties":{"c":"secondary"},"geometry":{"type":"LineString","coordinates":[[77.9512355,30.3355303],[77.95156,30.3354238],[77.9518685,30.3352803],[77.9523405,30.3351715],[77.9526463,30.3351206],[77.9530433,30.3351206]]}},{"type":"Feature","properties":{"c":"secondary"},"geometry":{"type":"LineString","coordinates":[[77.9380833,30.3365512],[77.938267,30.3365558],[77.9385513,30.3365095],[77.9388544,30.3364262],[77.9390529,30.33641],[77.9391307,30.3364123],[77.9391332,30.3364131],[77.939246,30.3364494],[77.9393882,30.3365373],[77.9395249,30.3366484],[77.9396671,30.3367133],[77.9398441,30.3367804]]}},{"type":"Feature","properties":{"c":"secondary"},"geometry":{"type":"LineString","coordinates":[[77.9398441,30.3367804],[77.9400104,30.3368614],[77.9414642,30.3370651],[77.942175,30.337167],[77.9433605,30.3373244],[77.9437467,30.3373661],[77.9441223,30.3373753],[77.9445112,30.3373614],[77.944892,30.3373221],[77.9454258,30.3372063],[77.9459274,30.3370744],[77.9469413,30.3368059],[77.9486149,30.3363336],[77.9495215,30.3360882],[77.9510209,30.3356484],[77.9512355,30.3355303]]}},{"type":"Feature","properties":{"c":"secondary"},"geometry":{"type":"LineString","coordinates":[[77.9530433,30.3351206],[77.9533651,30.3351692],[77.953507,30.3351841],[77.9538211,30.3352826],[77.9541939,30.3354285],[77.9545476,30.335629]]}},{"type":"Feature","properties":{"c":"secondary"},"geometry":{"type":"LineString","coordinates":[[77.9512355,30.3355303],[77.9509753,30.3355558],[77.9508707,30.3355859],[77.9500043,30.3358359],[77.9484004,30.3362919],[77.9466891,30.3367688],[77.9458415,30.3370003],[77.9450691,30.3371855],[77.9447123,30.3372411],[77.9444092,30.3372804],[77.9441491,30.3372943],[77.9437467,30.3372712],[77.9430601,30.3371994],[77.9424727,30.3371091],[77.9419255,30.3370304],[77.941571,30.3369798],[77.9407078,30.3368568],[77.9400426,30.3367688],[77.9398441,30.3367804]]}},{"type":"Feature","properties":{"c":"service"},"geometry":{"type":"LineString","coordinates":[[77.9552069,30.3416343],[77.9555458,30.3420097],[77.9558113,30.3420768],[77.9560581,30.342093]]}},{"type":"Feature","properties":{"c":"service"},"geometry":{"type":"LineString","coordinates":[[77.9560688,30.3427689],[77.9556423,30.3428106],[77.9549718,30.3429055],[77.954725,30.3431416],[77.9545614,30.3431926],[77.9543075,30.3432062]]}},{"type":"Feature","properties":{"c":"service"},"geometry":{"type":"LineString","coordinates":[[77.9785967,30.3354956],[77.9786986,30.3355477]]}},{"type":"Feature","properties":{"c":"service"},"geometry":{"type":"LineString","coordinates":[[77.9779449,30.3341529],[77.9783633,30.3352687],[77.9784331,30.3353636],[77.9785001,30.3354331],[77.9785967,30.3354956]]}},{"type":"Feature","properties":{"c":"service"},"geometry":{"type":"LineString","coordinates":[[77.9786986,30.3355477],[77.978708,30.3354933],[77.9786128,30.3353428]]}},{"type":"Feature","properties":{"c":"service"},"geometry":{"type":"LineString","coordinates":[[77.9789163,30.3355596],[77.9788554,30.3355728],[77.9786986,30.3355477],[77.9785868,30.3356117],[77.9784194,30.3355067],[77.978269,30.3353335],[77.9781417,30.3350013]]}},{"type":"Feature","properties":{"c":"residential"},"geometry":{"type":"LineString","coordinates":[[77.968811,30.3958944],[77.9693026,30.3958538]]}},{"type":"Feature","properties":{"c":"residential"},"geometry":{"type":"LineString","coordinates":[[77.9666617,30.4139397],[77.9673583,30.4136665],[77.9681594,30.4133523]]}},{"type":"Feature","properties":{"c":"residential"},"geometry":{"type":"LineString","coordinates":[[77.9673583,30.4136665],[77.9675222,30.4140062],[77.9675612,30.4140384],[77.9675915,30.4140361],[77.9680278,30.4138689],[77.968099,30.4138523],[77.9684191,30.4145139]]}},{"type":"Feature","properties":{"c":"residential"},"geometry":{"type":"LineString","coordinates":[[77.968099,30.4138523],[77.9683721,30.4137595]]}}]}